id,created_at,heart_rate,spo2,temperature,humidity,accel_x,accel_y,accel_z,gyro_x,gyro_y,gyro_z,ir_value,red_value,finger_detected,seizure
100000,2026-09-06 10:00:00.000 +0530,73.3,97.9,30,51.9,-0.21,-0.025,0.377,1.786,0.624,1.041,2742,981,true,0
100001,2026-09-06 10:00:01.000 +0530,77.3,98.1,30,48.5,-0.18,0.172,0.353,1.915,0.886,0.491,2644,934,true,0
100002,2026-09-06 10:00:02.000 +0530,78.4,97.9,30,51.0,-0.137,0.002,0.395,0.788,-0.217,0.788,2535,961,true,0
100003,2026-09-06 10:00:03.000 +0530,77.3,97.4,30,48.5,-0.207,0.059,0.359,2.655,0.923,1.122,2817,933,true,0
100004,2026-09-06 10:00:04.000 +0530,70.9,97.6,30,51.5,-0.22,0.244,0.284,1.121,0.969,1.498,2791,959,true,0
100005,2026-09-06 10:00:05.000 +0530,81.1,98.0,30,49.5,-0.124,-0.021,0.353,2.203,0.59,1.253,2805,1062,true,0
100006,2026-09-06 10:00:06.000 +0530,77.1,97.7,30,48.9,-0.124,0.04,0.344,2.599,0.447,0.897,2369,824,true,0
100007,2026-09-06 10:00:07.000 +0530,71.2,98.2,30,50.5,-0.179,0.092,0.437,2.715,0.796,0.646,2863,927,true,0
100008,2026-09-06 10:00:08.000 +0530,80.1,98.0,30,49.8,-0.073,0.088,0.309,1.097,0.647,1.498,2847,948,true,0
100009,2026-09-06 10:00:09.000 +0530,62.1,98.4,30,49.4,-0.25,0.08,0.488,1.156,0.55,1.477,2620,875,true,0
100010,2026-09-06 10:00:10.000 +0530,74.5,97.4,30,48.1,-0.129,0.08,0.533,2.225,1.178,0.544,2678,923,true,0
100011,2026-09-06 10:00:11.000 +0530,82.7,97.2,30,51.7,-0.077,0.13,0.354,1.583,0.263,1.068,2665,1041,true,0
100012,2026-09-06 10:00:12.000 +0530,70.9,98.2,30,49.8,-0.179,0.138,0.466,1.965,0.309,1.16,2793,934,true,0
100013,2026-09-06 10:00:13.000 +0530,70.5,98.6,30,51.9,-0.098,0.123,0.373,3.722,0.785,0.896,2720,1004,true,0
100014,2026-09-06 10:00:14.000 +0530,74.6,98.3,30,49.5,-0.338,0.101,0.368,1.514,1.005,1.213,2521,936,true,0
100015,2026-09-06 10:00:15.000 +0530,73.0,97.3,30,50.5,-0.26,0.117,0.389,1.538,0.84,1.355,2572,927,true,0
100016,2026-09-06 10:00:16.000 +0530,74.0,99.1,30,51.9,-0.224,0.073,0.502,1.993,1.484,0.845,2763,866,true,0
100017,2026-09-06 10:00:17.000 +0530,70.5,98.0,30,51.0,-0.368,0.22,0.337,3.394,0.348,1.102,3270,839,true,0
100018,2026-09-06 10:00:18.000 +0530,66.5,97.7,30,51.9,-0.097,0.062,0.222,1.652,1.134,1.163,2348,898,true,0
100019,2026-09-06 10:00:19.000 +0530,81.0,99.1,30,51.2,-0.299,0.021,0.354,2.403,0.903,0.833,2493,846,true,0
100020,2026-09-06 10:00:20.000 +0530,68.2,98.3,30,49.9,-0.164,0.187,0.356,2.801,0.56,0.739,2579,1007,true,0
100021,2026-09-06 10:00:21.000 +0530,79.0,98.2,30,50.5,-0.15,0.102,0.332,3.853,1.227,0.51,2628,930,true,0
100022,2026-09-06 10:00:22.000 +0530,77.9,97.3,30,46.7,-0.206,0.073,0.378,1.384,0.272,0.292,2759,926,true,0
100023,2026-09-06 10:00:23.000 +0530,79.0,98.4,30,53.2,-0.211,0.034,0.308,1.532,-0.058,1.055,2745,875,true,0
100024,2026-09-06 10:00:24.000 +0530,70.4,98.2,30,50.6,-0.241,0.039,0.344,0.988,0.656,1.021,3032,966,true,0
100025,2026-09-06 10:00:25.000 +0530,79.2,97.6,30,48.3,-0.175,0.109,0.289,3.6,0.899,0.334,2800,871,true,0
100026,2026-09-06 10:00:26.000 +0530,74.0,98.2,30,46.5,-0.293,0.134,0.454,3.523,1.331,0.281,2839,766,true,0
100027,2026-09-06 10:00:27.000 +0530,82.1,98.1,30,54.6,-0.148,-0.052,0.373,1.415,0.739,0.837,2947,800,true,0
100028,2026-09-06 10:00:28.000 +0530,75.6,98.9,30,51.0,-0.184,0.032,0.402,2.078,0.37,1.617,2842,888,true,0
100029,2026-09-06 10:00:29.000 +0530,70.8,97.6,30,50.3,-0.163,0.067,0.399,1.907,0.967,0.936,2849,947,true,0
100030,2026-09-06 10:00:30.000 +0530,73.4,97.6,30,49.1,-0.279,0.141,0.346,3.256,1.498,1.008,2421,873,true,0
100031,2026-09-06 10:00:31.000 +0530,73.6,97.3,30,51.1,-0.237,0.026,0.289,3.429,0.644,0.71,2633,967,true,0
100032,2026-09-06 10:00:32.000 +0530,70.6,98.2,30,52.0,-0.088,0.041,0.441,1.366,0.561,1.419,2848,900,true,0
100033,2026-09-06 10:00:33.000 +0530,68.0,98.3,30,48.7,-0.252,0.097,0.18,2.289,0.761,0.795,2887,943,true,0
100034,2026-09-06 10:00:34.000 +0530,71.0,97.7,30,47.5,-0.227,0.036,0.356,2.169,0.713,1.397,2741,878,true,0
100035,2026-09-06 10:00:35.000 +0530,67.9,98.4,30,53.4,-0.26,0.082,0.345,1.93,0.704,0.4,2848,946,true,0
100036,2026-09-06 10:00:36.000 +0530,79.7,99.1,30,50.5,-0.199,0.216,0.212,2.389,0.185,0.096,2336,803,true,0
100037,2026-09-06 10:00:37.000 +0530,79.3,97.6,30,48.2,-0.151,0.003,0.455,1.206,0.432,1.043,2704,1000,true,0
100038,2026-09-06 10:00:38.000 +0530,74.6,97.4,30,49.4,-0.142,0.107,0.34,2.696,0.515,0.952,2733,1007,true,0
100039,2026-09-06 10:00:39.000 +0530,73.5,97.8,30,51.9,-0.247,0.104,0.198,2.835,0.234,0.728,2891,807,true,0
100040,2026-09-06 10:00:40.000 +0530,73.6,98.0,30,53.2,-0.08,-0.058,0.234,2.647,0.244,0.864,2723,948,true,0
100041,2026-09-06 10:00:41.000 +0530,72.9,98.0,30,53.1,-0.24,0.104,0.309,2.085,0.641,0.943,2518,956,true,0
100042,2026-09-06 10:00:42.000 +0530,81.1,98.1,30,52.2,-0.126,0.101,0.367,2.691,0.724,0.659,2704,768,true,0
100043,2026-09-06 10:00:43.000 +0530,74.0,98.2,30,50.8,-0.126,0.08,0.268,0.871,0.361,0.522,2814,885,true,0
100044,2026-09-06 10:00:44.000 +0530,76.9,98.0,30,52.7,-0.252,0.061,0.307,0.703,0.936,1.416,2699,865,true,0
100045,2026-09-06 10:00:45.000 +0530,79.5,96.8,30,50.8,-0.246,0.177,0.428,1.791,0.67,0.864,2608,808,true,0
100046,2026-09-06 10:00:46.000 +0530,80.9,98.5,30,48.4,-0.034,0.219,0.365,1.277,0.397,1.146,2536,898,true,0
100047,2026-09-06 10:00:47.000 +0530,79.4,97.2,30,53.7,-0.299,-0.019,0.327,1.175,0.608,0.097,2659,1026,true,0
100048,2026-09-06 10:00:48.000 +0530,68.4,97.9,30,51.8,-0.218,0.216,0.367,1.702,0.893,0.823,2459,921,true,0
100049,2026-09-06 10:00:49.000 +0530,73.1,98.1,30,49.5,-0.166,0.202,0.261,3.39,0.615,0.732,3137,911,true,0
100050,2026-09-06 10:00:50.000 +0530,80.9,98.4,30,50.8,-0.242,-0.014,0.208,2.082,0.907,1.137,2645,844,true,0
100051,2026-09-06 10:00:51.000 +0530,69.1,97.7,30,50.1,-0.202,0.017,0.331,1.392,0.698,1.177,2732,933,true,0
100052,2026-09-06 10:00:52.000 +0530,65.7,97.8,30,51.8,-0.328,0.091,0.447,1.857,0.667,1.158,2744,947,true,0
100053,2026-09-06 10:00:53.000 +0530,74.4,98.1,30,50.2,-0.1,0.066,0.337,1.607,0.976,0.701,2864,834,true,0
100054,2026-09-06 10:00:54.000 +0530,68.7,98.1,30,51.1,-0.115,0.051,0.385,1.272,1.141,1.221,2797,913,true,0
100055,2026-09-06 10:00:55.000 +0530,70.1,97.8,30,50.5,-0.19,-0.015,0.364,1.446,0.321,0.946,2366,949,true,0
100056,2026-09-06 10:00:56.000 +0530,78.3,98.0,30,48.7,-0.212,-0.09,0.364,2.532,0.591,0.827,2733,925,true,0
100057,2026-09-06 10:00:57.000 +0530,79.5,98.0,30,49.6,-0.185,0.189,0.324,1.158,0.395,0.266,2759,805,true,0
100058,2026-09-06 10:00:58.000 +0530,67.8,97.0,30,51.7,-0.305,-0.042,0.364,1.727,0.851,1.259,2698,809,true,0
100059,2026-09-06 10:00:59.000 +0530,73.4,98.3,30,47.7,-0.112,0.051,0.317,2.013,1.061,1.092,2640,948,true,0
100060,2026-09-06 10:01:00.000 +0530,84.7,98.7,30,48.3,0.1,-0.004,0.32,1.44,1.269,1.147,2443,919,true,0
100061,2026-09-06 10:01:01.000 +0530,76.7,97.8,30,49.1,-0.235,0.082,0.308,2.588,0.368,0.394,2567,994,true,0
100062,2026-09-06 10:01:02.000 +0530,71.1,99.2,30,48.2,-0.267,0.097,0.256,3.9,0.353,1.238,2963,892,true,0
100063,2026-09-06 10:01:03.000 +0530,69.0,97.9,30,52.3,-0.195,-0.018,0.353,1.461,-0.064,0.756,2442,941,true,0
100064,2026-09-06 10:01:04.000 +0530,83.7,98.9,30,49.6,-0.145,0.154,0.317,1.886,1.472,0.962,2613,908,true,0
100065,2026-09-06 10:01:05.000 +0530,76.9,97.5,30,48.2,-0.222,0.211,0.409,1.926,0.373,0.891,2889,861,true,0
100066,2026-09-06 10:01:06.000 +0530,81.3,97.3,30,54.0,-0.361,0.163,0.202,1.928,0.64,1.289,2132,766,true,0
100067,2026-09-06 10:01:07.000 +0530,71.2,98.0,30,50.1,-0.295,0.052,0.282,2.195,0.903,1.502,2582,878,true,0
100068,2026-09-06 10:01:08.000 +0530,74.2,97.9,30,47.4,-0.17,0.016,0.273,0.729,1.106,0.951,2907,919,true,0
100069,2026-09-06 10:01:09.000 +0530,65.5,97.5,30,49.0,-0.287,0.067,0.336,1.191,0.586,0.833,2234,935,true,0
100070,2026-09-06 10:01:10.000 +0530,69.9,98.7,30,47.4,-0.105,-0.031,0.299,2.478,0.585,0.421,2734,886,true,0
100071,2026-09-06 10:01:11.000 +0530,80.4,98.3,30,47.3,-0.202,0.005,0.442,2.657,0.964,0.728,2566,758,true,0
100072,2026-09-06 10:01:12.000 +0530,82.5,98.3,30,52.4,-0.14,0.148,0.22,1.429,0.768,1.124,2872,829,true,0
100073,2026-09-06 10:01:13.000 +0530,74.6,99.1,30,52.3,-0.202,0.134,0.494,2.085,1.128,0.694,2806,963,true,0
100074,2026-09-06 10:01:14.000 +0530,70.2,98.5,30,48.9,-0.2,0.215,0.375,2.749,0.444,1.027,2488,860,true,0
100075,2026-09-06 10:01:15.000 +0530,78.2,98.0,30,50.1,-0.216,0.169,0.298,0.784,1.155,1.145,2310,903,true,0
100076,2026-09-06 10:01:16.000 +0530,72.0,98.9,30,49.4,-0.273,0.006,0.294,0.851,0.339,0.438,2430,791,true,0
100077,2026-09-06 10:01:17.000 +0530,71.4,97.7,30,51.5,-0.204,0.05,0.313,3.274,0.784,1.166,2235,854,true,0
100078,2026-09-06 10:01:18.000 +0530,63.1,97.8,30,49.2,-0.159,0.008,0.396,0.757,0.608,1.147,2796,891,true,0
100079,2026-09-06 10:01:19.000 +0530,83.7,97.8,30,45.0,-0.058,0.054,0.256,3.057,1.132,1.038,2442,929,true,0
100080,2026-09-06 10:01:20.000 +0530,70.9,97.4,30,46.3,-0.155,0.112,0.514,2.26,-0.02,0.707,2712,925,true,0
100081,2026-09-06 10:01:21.000 +0530,78.9,97.0,30,52.5,-0.076,0.21,0.319,2.878,1.299,1.419,2830,958,true,0
100082,2026-09-06 10:01:22.000 +0530,70.1,97.3,30,49.9,-0.202,0.039,0.319,2.186,0.342,1.024,2744,895,true,0
100083,2026-09-06 10:01:23.000 +0530,70.3,98.4,30,49.3,-0.101,0.142,0.138,1.391,0.477,1.274,2734,933,true,0
100084,2026-09-06 10:01:24.000 +0530,77.2,97.6,30,48.1,-0.214,0.072,0.364,1.418,1.017,1.321,2978,950,true,0
100085,2026-09-06 10:01:25.000 +0530,74.9,98.3,30,49.2,-0.097,0.2,0.508,2.028,0.813,1.146,2700,943,true,0
100086,2026-09-06 10:01:26.000 +0530,73.4,97.9,30,50.9,-0.195,0.142,0.362,2.233,0.678,0.573,2694,820,true,0
100087,2026-09-06 10:01:27.000 +0530,75.1,97.4,30,52.0,-0.178,0.073,0.383,0.428,0.316,0.948,2762,894,true,0
100088,2026-09-06 10:01:28.000 +0530,69.0,98.1,30,48.4,-0.174,0.065,0.446,2.532,0.957,1.113,2548,835,true,0
100089,2026-09-06 10:01:29.000 +0530,66.6,99.4,30,50.1,-0.229,0.06,0.303,0.505,0.351,0.513,2677,852,true,0
100090,2026-09-06 10:01:30.000 +0530,70.6,98.1,30,52.4,-0.231,0.096,0.244,2.525,0.558,1.143,2759,888,true,0
100091,2026-09-06 10:01:31.000 +0530,75.1,97.8,30,52.4,-0.161,-0.003,0.262,1.469,0.614,1.157,2539,982,true,0
100092,2026-09-06 10:01:32.000 +0530,74.0,97.0,30,45.4,-0.26,0.042,0.301,1.74,0.562,0.792,2970,985,true,0
100093,2026-09-06 10:01:33.000 +0530,68.3,98.6,30,48.9,-0.078,-0.077,0.396,0.997,0.65,0.937,3005,843,true,0
100094,2026-09-06 10:01:34.000 +0530,73.7,98.3,30,48.9,-0.205,0.087,0.421,1.246,0.543,1.113,2670,887,true,0
100095,2026-09-06 10:01:35.000 +0530,73.9,97.7,30,51.4,-0.288,0.162,0.367,0.979,0.799,1.059,2837,981,true,0
100096,2026-09-06 10:01:36.000 +0530,72.2,97.6,30,48.6,-0.26,0.1,0.351,1.607,0.442,1.122,2610,827,true,0
100097,2026-09-06 10:01:37.000 +0530,73.2,97.9,30,52.2,-0.132,0.083,0.36,2.422,0.689,1.312,2998,906,true,0
100098,2026-09-06 10:01:38.000 +0530,76.2,98.4,30,48.3,-0.128,-0.03,0.493,2.696,0.766,1.018,3015,834,true,0
100099,2026-09-06 10:01:39.000 +0530,68.2,97.7,30,48.5,-0.188,0.09,0.285,3.282,0.213,0.553,2768,885,true,0
100100,2026-09-06 10:01:40.000 +0530,76.1,97.7,30,49.3,-0.255,0.117,0.312,2.609,0.906,1.364,2862,955,true,0
100101,2026-09-06 10:01:41.000 +0530,77.8,97.7,30,46.9,-0.177,0.033,0.382,2.422,0.227,0.645,2637,864,true,0
100102,2026-09-06 10:01:42.000 +0530,74.8,97.4,30,47.2,-0.372,0.13,0.246,1.552,0.204,0.507,2628,871,true,0
100103,2026-09-06 10:01:43.000 +0530,78.9,98.2,30,52.1,-0.111,0.109,0.317,2.815,1.319,1.231,3019,965,true,0
100104,2026-09-06 10:01:44.000 +0530,78.2,97.5,30,50.4,-0.334,0.038,0.419,1.468,0.887,0.527,2611,972,true,0
100105,2026-09-06 10:01:45.000 +0530,75.0,98.1,30,53.1,-0.27,0.172,0.301,1.986,0.705,1.376,2497,932,true,0
100106,2026-09-06 10:01:46.000 +0530,76.6,98.4,30,52.6,-0.257,0.16,0.378,0.88,0.843,1.063,2636,848,true,0
100107,2026-09-06 10:01:47.000 +0530,72.8,97.3,30,48.3,-0.253,0.16,0.397,2.576,1.231,0.891,2512,959,true,0
100108,2026-09-06 10:01:48.000 +0530,78.0,97.8,30,53.0,-0.154,-0.016,0.412,0.847,0.531,0.607,2585,842,true,0
100109,2026-09-06 10:01:49.000 +0530,70.9,98.4,30,51.8,-0.113,0.054,0.356,2.431,1.297,1.315,2949,971,true,0
100110,2026-09-06 10:01:50.000 +0530,79.3,97.1,30,51.0,-0.196,0.043,0.316,2.333,0.994,0.476,2739,861,true,0
100111,2026-09-06 10:01:51.000 +0530,69.2,98.2,30,49.2,-0.262,0.1,0.349,1.127,0.406,0.936,2773,827,true,0
100112,2026-09-06 10:01:52.000 +0530,76.4,97.6,30,48.7,-0.263,0.094,0.278,2.662,1.33,0.864,2731,864,true,0
100113,2026-09-06 10:01:53.000 +0530,74.0,98.7,30,48.7,-0.076,0.161,0.389,1.473,0.723,0.722,2784,878,true,0
100114,2026-09-06 10:01:54.000 +0530,62.8,98.5,30,52.7,-0.211,0.093,0.439,2.31,0.801,2.125,2670,912,true,0
100115,2026-09-06 10:01:55.000 +0530,82.7,97.6,30,47.7,-0.157,0.124,0.409,0.917,1.052,1.419,2682,902,true,0
100116,2026-09-06 10:01:56.000 +0530,77.4,98.2,30,48.4,-0.214,-0.005,0.401,2.424,0.665,1.104,2420,960,true,0
100117,2026-09-06 10:01:57.000 +0530,71.7,98.1,30,49.0,-0.104,0.089,0.352,2.445,0.264,1.208,2711,973,true,0
100118,2026-09-06 10:01:58.000 +0530,72.9,97.8,30,50.4,-0.294,0.066,0.451,1.926,0.395,1.251,2366,752,true,0
100119,2026-09-06 10:01:59.000 +0530,74.0,98.1,30,48.8,-0.212,-0.018,0.368,0.708,0.648,1.092,2384,863,true,0
100120,2026-09-06 10:02:00.000 +0530,77.9,98.8,30,51.2,-0.299,-0.014,0.478,2.535,0.419,1.077,2816,913,true,0
100121,2026-09-06 10:02:01.000 +0530,85.2,98.3,30,50.0,-0.259,0.066,0.351,1.479,0.32,1.477,2808,853,true,0
100122,2026-09-06 10:02:02.000 +0530,77.4,98.3,30,48.4,-0.138,0.037,0.442,1.846,-0.095,1.012,2379,885,true,0
100123,2026-09-06 10:02:03.000 +0530,73.7,97.8,30,48.3,-0.268,0.063,0.453,2.567,0.535,1.446,2454,948,true,0
100124,2026-09-06 10:02:04.000 +0530,73.1,98.1,30,49.2,-0.136,0.079,0.543,1.757,1.144,1.226,2489,995,true,0
100125,2026-09-06 10:02:05.000 +0530,68.7,96.9,30,52.7,-0.196,0.062,0.477,2.569,0.47,1.256,2476,861,true,0
100126,2026-09-06 10:02:06.000 +0530,68.7,96.9,30,53.0,-0.288,0.041,0.257,2.692,0.7,1.172,2681,818,true,0
100127,2026-09-06 10:02:07.000 +0530,69.1,98.4,30,52.1,-0.453,0.158,0.31,3.738,0.521,1.01,2819,839,true,0
100128,2026-09-06 10:02:08.000 +0530,78.4,97.7,30,52.1,-0.16,0.029,0.333,2.24,-0.012,0.807,2869,811,true,0
100129,2026-09-06 10:02:09.000 +0530,80.4,97.7,30,48.3,-0.161,0.112,0.441,3.083,1.139,1.073,2479,993,true,0
100130,2026-09-06 10:02:10.000 +0530,67.5,97.8,30,51.4,-0.073,0.08,0.215,1.78,0.761,0.877,2954,883,true,0
100131,2026-09-06 10:02:11.000 +0530,66.8,98.2,30,53.9,-0.178,-0.018,0.436,3.895,-0.001,1.316,2787,912,true,0
100132,2026-09-06 10:02:12.000 +0530,75.7,98.2,30,53.4,-0.308,0.217,0.472,1.051,0.698,1.497,2612,889,true,0
100133,2026-09-06 10:02:13.000 +0530,72.0,98.6,30,50.5,-0.157,0.065,0.281,0.927,0.169,0.587,2390,849,true,0
100134,2026-09-06 10:02:14.000 +0530,75.5,98.0,30,48.5,-0.279,-0.017,0.251,2.571,0.208,1.006,2589,1070,true,0
100135,2026-09-06 10:02:15.000 +0530,65.0,98.1,30,49.0,-0.175,0.091,0.264,2.341,0.836,1.458,2590,1003,true,0
100136,2026-09-06 10:02:16.000 +0530,73.0,97.0,30,50.4,-0.271,0.145,0.312,2.814,0.671,1.263,2822,933,true,0
100137,2026-09-06 10:02:17.000 +0530,68.8,98.5,30,54.6,-0.162,0.133,0.289,1.675,0.734,0.59,2489,892,true,0
100138,2026-09-06 10:02:18.000 +0530,73.6,98.1,30,49.7,-0.146,0.07,0.334,2.206,-0.024,1.023,2585,835,true,0
100139,2026-09-06 10:02:19.000 +0530,64.6,97.8,30,52.3,-0.219,-0.038,0.296,2.604,0.492,0.902,2634,891,true,0
100140,2026-09-06 10:02:20.000 +0530,65.5,98.0,30,56.5,-0.217,0.048,0.429,1.875,0.789,0.694,2980,856,true,0
100141,2026-09-06 10:02:21.000 +0530,75.9,98.6,30,50.5,-0.153,0.128,0.263,2.145,0.369,0.739,2583,985,true,0
100142,2026-09-06 10:02:22.000 +0530,82.0,99.3,30,48.9,-0.278,0.193,0.227,1.746,0.502,1.612,2518,977,true,0
100143,2026-09-06 10:02:23.000 +0530,80.6,97.9,30,47.5,-0.207,0.065,0.144,2.332,0.824,0.407,2446,848,true,0
100144,2026-09-06 10:02:24.000 +0530,71.4,97.8,30,48.5,-0.175,0.047,0.341,1.816,0.86,0.946,2855,907,true,0
100145,2026-09-06 10:02:25.000 +0530,78.4,98.6,30,52.4,-0.057,0.012,0.347,1.714,0.854,1.182,2580,992,true,0
100146,2026-09-06 10:02:26.000 +0530,69.7,97.9,30,54.5,-0.241,0.135,0.368,0.734,0.366,0.578,2609,871,true,0
100147,2026-09-06 10:02:27.000 +0530,74.1,98.6,30,55.9,-0.219,0.135,0.383,3.205,0.567,1.296,2993,850,true,0
100148,2026-09-06 10:02:28.000 +0530,73.6,98.3,30,48.8,-0.053,0.064,0.489,1.593,0.628,1.279,2663,837,true,0
100149,2026-09-06 10:02:29.000 +0530,70.4,98.1,30,50.7,-0.381,0.041,0.336,1.59,0.352,0.691,2713,1004,true,0
100150,2026-09-06 10:02:30.000 +0530,67.0,97.9,30,51.2,-0.208,0.048,0.351,1.919,-0.065,0.749,2349,990,true,0
100151,2026-09-06 10:02:31.000 +0530,78.1,97.6,30,55.4,-0.25,0.171,0.379,1.811,0.313,0.805,2629,738,true,0
100152,2026-09-06 10:02:32.000 +0530,76.7,97.8,30,49.7,0.04,-0.036,0.275,2.564,1.525,0.653,3029,836,true,0
100153,2026-09-06 10:02:33.000 +0530,80.5,98.0,30,54.1,-0.252,0.285,0.26,1.749,1.333,0.743,2585,909,true,0
100154,2026-09-06 10:02:34.000 +0530,76.3,98.2,30,50.9,-0.149,0.185,0.376,0.998,0.71,0.783,2937,783,true,0
100155,2026-09-06 10:02:35.000 +0530,76.8,97.5,30,52.1,-0.182,0.115,0.323,2.541,0.683,1.256,2711,726,true,0
100156,2026-09-06 10:02:36.000 +0530,71.4,98.8,30,50.8,-0.21,0.057,0.4,2.463,0.357,1.232,2922,833,true,0
100157,2026-09-06 10:02:37.000 +0530,73.1,98.2,30,49.7,-0.242,0.048,0.381,2.343,0.693,0.523,2504,945,true,0
100158,2026-09-06 10:02:38.000 +0530,67.9,98.1,30,49.3,-0.198,0.197,0.373,1.763,0.184,1.179,2905,943,true,0
100159,2026-09-06 10:02:39.000 +0530,79.8,98.2,30,50.5,-0.158,0.13,0.311,1.949,0.828,1.445,2881,945,true,0
100160,2026-09-06 10:02:40.000 +0530,76.0,97.5,30,50.4,-0.117,0.108,0.395,0.799,0.188,1.392,2694,808,true,0
100161,2026-09-06 10:02:41.000 +0530,78.4,98.1,30,53.0,-0.172,0.069,0.369,1.918,0.196,1.325,2749,707,true,0
100162,2026-09-06 10:02:42.000 +0530,70.8,97.6,30,50.5,-0.081,-0.031,0.264,2.854,0.471,0.629,2605,847,true,0
100163,2026-09-06 10:02:43.000 +0530,76.7,98.6,30,50.0,-0.199,0.086,0.417,2.096,0.497,0.611,2372,874,true,0
100164,2026-09-06 10:02:44.000 +0530,74.1,98.5,30,55.2,-0.206,0.046,0.38,1.224,0.773,0.278,2822,905,true,0
100165,2026-09-06 10:02:45.000 +0530,75.1,98.1,30,48.7,-0.075,0.115,0.302,2.337,0.843,1.684,2900,929,true,0
100166,2026-09-06 10:02:46.000 +0530,71.8,98.9,30,48.8,-0.298,0.02,0.321,2.612,1.02,1.403,2728,958,true,0
100167,2026-09-06 10:02:47.000 +0530,85.3,98.5,30,47.5,-0.259,0.027,0.136,2.059,1.187,0.813,2735,840,true,0
100168,2026-09-06 10:02:48.000 +0530,71.5,98.1,30,52.9,-0.354,0.103,0.311,3.191,0.967,0.271,2264,830,true,0
100169,2026-09-06 10:02:49.000 +0530,71.5,97.9,30,51.9,-0.309,-0.046,0.37,1.711,0.664,0.775,2669,1004,true,0
100170,2026-09-06 10:02:50.000 +0530,65.9,97.4,30,53.7,-0.216,-0.008,0.19,2.208,0.263,1.761,3121,916,true,0
100171,2026-09-06 10:02:51.000 +0530,76.4,97.9,30,50.5,-0.195,0.175,0.4,3.705,0.127,0.806,2537,959,true,0
100172,2026-09-06 10:02:52.000 +0530,71.5,98.3,30,50.4,-0.016,0.195,0.2,2.292,0.989,0.827,2502,946,true,0
100173,2026-09-06 10:02:53.000 +0530,74.5,98.3,30,55.2,-0.273,0.045,0.391,2.585,0.217,1.454,2438,900,true,0
100174,2026-09-06 10:02:54.000 +0530,72.5,97.6,30,45.9,-0.258,0.017,0.42,3.24,0.971,1.488,2300,911,true,0
100175,2026-09-06 10:02:55.000 +0530,67.1,97.8,30,50.7,-0.09,-0.059,0.283,0.815,0.126,1.352,2733,1009,true,0
100176,2026-09-06 10:02:56.000 +0530,79.9,98.0,30,52.5,-0.255,-0.004,0.258,2.097,1.143,1.018,2920,906,true,0
100177,2026-09-06 10:02:57.000 +0530,71.9,99.4,30,50.9,-0.267,-0.033,0.382,1.796,0.863,1.113,2779,980,true,0
100178,2026-09-06 10:02:58.000 +0530,75.6,97.6,30,51.7,-0.286,0.13,0.407,1.965,0.427,0.378,2498,786,true,0
100179,2026-09-06 10:02:59.000 +0530,74.1,97.8,30,52.3,-0.19,0.083,0.395,2.829,0.139,1.247,2374,844,true,0
100180,2026-09-06 10:03:00.000 +0530,79.1,98.3,30,50.9,-0.087,-0.028,0.326,2.038,1.412,1.359,2887,847,true,0
100181,2026-09-06 10:03:01.000 +0530,85.2,98.2,30,55.2,-0.314,0.019,0.331,1.216,0.885,1.097,2720,1033,true,0
100182,2026-09-06 10:03:02.000 +0530,65.8,98.7,30,53.5,-0.048,0.241,0.335,1.069,0.815,0.981,2383,951,true,0
100183,2026-09-06 10:03:03.000 +0530,69.4,98.7,30,50.0,-0.197,0.063,0.313,4.479,0.372,1.019,2878,873,true,0
100184,2026-09-06 10:03:04.000 +0530,70.9,97.3,30,52.0,-0.162,-0.026,0.39,2.228,0.582,0.518,2690,839,true,0
100185,2026-09-06 10:03:05.000 +0530,74.4,98.0,30,52.3,-0.205,0.117,0.383,2.807,0.363,0.879,2866,911,true,0
100186,2026-09-06 10:03:06.000 +0530,79.6,98.4,30,52.3,-0.221,0.147,0.498,2.873,1.501,0.457,2601,881,true,0
100187,2026-09-06 10:03:07.000 +0530,72.0,98.2,30,52.8,-0.121,0.109,0.269,2.438,0.936,1.124,2705,998,true,0
100188,2026-09-06 10:03:08.000 +0530,71.3,97.8,30,51.6,-0.132,0.06,0.245,1.01,0.549,1.277,2843,773,true,0
100189,2026-09-06 10:03:09.000 +0530,76.7,98.0,30,54.9,-0.179,0.138,0.555,1.535,0.561,1.521,2465,905,true,0
100190,2026-09-06 10:03:10.000 +0530,74.2,98.5,30,48.7,-0.122,0.139,0.266,1.45,0.516,0.598,2892,877,true,0
100191,2026-09-06 10:03:11.000 +0530,72.6,97.5,30,53.5,-0.14,-0.033,0.271,2.508,0.526,0.806,2545,807,true,0
100192,2026-09-06 10:03:12.000 +0530,74.5,97.8,30,50.4,-0.277,0.129,0.458,1.411,0.104,0.832,2457,1015,true,0
100193,2026-09-06 10:03:13.000 +0530,67.1,97.8,30,52.3,-0.241,0.025,0.335,1.808,1.224,0.946,2457,969,true,0
100194,2026-09-06 10:03:14.000 +0530,79.2,97.9,30,50.6,-0.297,0.074,0.258,1.493,0.371,1.116,2734,808,true,0
100195,2026-09-06 10:03:15.000 +0530,69.4,98.0,30,50.7,-0.377,0.17,0.492,3.267,0.89,1.235,2582,913,true,0
100196,2026-09-06 10:03:16.000 +0530,68.3,98.1,30,51.7,-0.228,0.134,0.365,1.632,0.995,0.589,2652,862,true,0
100197,2026-09-06 10:03:17.000 +0530,77.7,98.0,30,51.6,-0.388,0.015,0.359,2.81,0.9,1.459,2660,907,true,0
100198,2026-09-06 10:03:18.000 +0530,71.5,97.8,30,49.5,-0.215,0.034,0.352,0.545,0.85,1.062,2780,868,true,0
100199,2026-09-06 10:03:19.000 +0530,71.5,98.5,30,54.5,-0.312,0.063,0.26,1.371,0.424,0.832,2841,820,true,0
100200,2026-09-06 10:03:20.000 +0530,77.1,97.3,30,53.2,-0.163,0.099,0.4,2.461,0.92,1.491,2513,895,true,0
100201,2026-09-06 10:03:21.000 +0530,77.2,98.4,30,53.2,-0.24,-0.014,0.452,1.999,0.508,1.013,2622,970,true,0
100202,2026-09-06 10:03:22.000 +0530,78.5,98.2,30,50.6,-0.118,-0.085,0.257,1.968,0.555,0.667,2812,832,true,0
100203,2026-09-06 10:03:23.000 +0530,75.1,98.1,30,48.9,-0.215,0.166,0.393,2.77,0.672,0.404,2616,889,true,0
100204,2026-09-06 10:03:24.000 +0530,80.5,98.6,30,48.8,-0.19,0.062,0.331,1.013,0.862,0.99,2845,798,true,0
100205,2026-09-06 10:03:25.000 +0530,68.4,99.8,30,51.1,-0.165,0.011,0.488,1.948,0.752,1.636,2558,866,true,0
100206,2026-09-06 10:03:26.000 +0530,72.3,97.3,30,51.5,-0.185,0.126,0.419,2.271,0.615,1.427,2575,998,true,0
100207,2026-09-06 10:03:27.000 +0530,73.0,98.4,30,46.0,-0.215,0.052,0.487,1.675,1.655,0.465,2763,873,true,0
100208,2026-09-06 10:03:28.000 +0530,76.5,97.7,30,46.9,-0.191,-0.025,0.245,2.069,0.658,1.359,2456,929,true,0
100209,2026-09-06 10:03:29.000 +0530,75.6,97.8,30,50.4,-0.129,0.054,0.418,1.781,1.304,1.009,2668,787,true,0
100210,2026-09-06 10:03:30.000 +0530,66.9,98.2,30,51.1,-0.255,0.069,0.3,2.236,0.624,1.653,2576,978,true,0
100211,2026-09-06 10:03:31.000 +0530,68.7,97.8,30,53.1,-0.165,0.09,0.369,1.133,1.191,1.486,2694,901,true,0
100212,2026-09-06 10:03:32.000 +0530,77.2,97.9,30,49.6,-0.228,0.047,0.408,1.737,0.55,0.781,2430,1009,true,0
100213,2026-09-06 10:03:33.000 +0530,76.5,98.4,30,53.5,-0.188,0.182,0.349,1.964,0.515,1.027,2740,1004,true,0
100214,2026-09-06 10:03:34.000 +0530,81.7,98.0,30,45.1,-0.238,0.097,0.421,2.338,0.68,0.838,2556,1033,true,0
100215,2026-09-06 10:03:35.000 +0530,79.6,98.7,30,49.5,-0.156,0.078,0.34,1.98,0.478,0.695,2656,803,true,0
100216,2026-09-06 10:03:36.000 +0530,77.0,98.4,30,46.9,-0.169,0.097,0.352,0.932,0.029,1.599,2661,935,true,0
100217,2026-09-06 10:03:37.000 +0530,73.6,98.2,30,49.7,-0.308,0.004,0.293,0.555,0.539,0.751,2486,891,true,0
100218,2026-09-06 10:03:38.000 +0530,73.9,97.6,30,52.0,-0.11,0.057,0.421,2.612,0.344,0.761,3225,871,true,0
100219,2026-09-06 10:03:39.000 +0530,76.4,97.9,30,48.6,-0.28,0.159,0.366,0.018,0.708,0.936,2828,922,true,0
100220,2026-09-06 10:03:40.000 +0530,75.7,98.0,30,48.2,-0.265,0.02,0.243,2.631,1.077,1.215,2592,862,true,0
100221,2026-09-06 10:03:41.000 +0530,71.8,98.6,30,54.0,-0.278,0.064,0.249,0.866,0.646,0.883,2608,793,true,0
100222,2026-09-06 10:03:42.000 +0530,75.0,97.9,30,51.6,-0.305,0.108,0.302,3.226,0.69,0.824,2627,795,true,0
100223,2026-09-06 10:03:43.000 +0530,80.4,99.1,30,50.0,-0.209,0.038,0.447,2.998,0.614,1.725,2706,883,true,0
100224,2026-09-06 10:03:44.000 +0530,75.4,97.6,30,51.8,-0.228,0.067,0.277,2.21,0.247,1.001,2607,940,true,0
100225,2026-09-06 10:03:45.000 +0530,79.2,98.4,30,49.1,-0.224,0.079,0.389,1.545,0.361,1.061,2945,1031,true,0
100226,2026-09-06 10:03:46.000 +0530,78.0,97.5,30,48.9,-0.262,0.11,0.24,2.641,0.681,1.14,2552,959,true,0
100227,2026-09-06 10:03:47.000 +0530,76.6,97.8,30,45.2,-0.171,0.072,0.286,2.142,0.875,0.742,2678,897,true,0
100228,2026-09-06 10:03:48.000 +0530,76.0,98.6,30,53.2,-0.304,0.101,0.212,2.057,0.953,1.708,2709,848,true,0
100229,2026-09-06 10:03:49.000 +0530,79.1,98.0,30,52.4,-0.113,-0.041,0.354,1.987,0.326,0.432,2688,868,true,0
100230,2026-09-06 10:03:50.000 +0530,70.4,97.9,30,50.6,-0.074,0.078,0.5,2.995,1.039,0.745,2647,836,true,0
100231,2026-09-06 10:03:51.000 +0530,76.1,98.0,30,51.2,-0.187,0.055,0.272,1.647,0.951,0.943,2689,961,true,0
100232,2026-09-06 10:03:52.000 +0530,76.4,97.3,30,48.8,-0.204,0.107,0.391,3.331,0.525,0.897,2803,967,true,0
100233,2026-09-06 10:03:53.000 +0530,68.8,98.3,30,50.2,-0.222,0.131,0.384,2.321,0.444,0.397,2683,881,true,0
100234,2026-09-06 10:03:54.000 +0530,76.3,97.6,30,51.4,-0.259,0.146,0.323,1.443,0.788,0.995,2537,943,true,0
100235,2026-09-06 10:03:55.000 +0530,74.0,97.6,30,51.4,-0.192,0.088,0.46,0.008,1.144,1.477,2524,971,true,0
100236,2026-09-06 10:03:56.000 +0530,69.9,97.5,30,54.2,-0.171,0.083,0.421,1.502,1.224,1.55,2777,845,true,0
100237,2026-09-06 10:03:57.000 +0530,79.4,98.1,30,52.8,-0.165,0.017,0.469,2.223,0.813,1.215,2756,952,true,0
100238,2026-09-06 10:03:58.000 +0530,75.0,97.9,30,49.5,-0.223,0.149,0.323,1.911,0.665,1.187,2817,1038,true,0
100239,2026-09-06 10:03:59.000 +0530,67.0,97.9,30,47.2,-0.061,0.072,0.286,2.777,-0.069,1.074,2522,899,true,0
100240,2026-09-06 10:04:00.000 +0530,75.9,98.4,30,54.7,-0.195,0.056,0.448,1.948,0.846,-0.378,2782,895,true,0
100241,2026-09-06 10:04:01.000 +0530,71.8,97.7,30,46.5,0.052,0.161,0.38,3.52,0.796,0.687,2885,785,true,0
100242,2026-09-06 10:04:02.000 +0530,77.0,98.6,30,47.6,-0.184,0.071,0.291,0.15,0.285,0.825,2903,1093,true,0
100243,2026-09-06 10:04:03.000 +0530,78.3,97.6,30,52.7,-0.151,0.107,0.369,2.959,1.483,1.003,2729,935,true,0
100244,2026-09-06 10:04:04.000 +0530,71.7,96.9,30,49.1,-0.095,0.093,0.47,1.314,1.096,0.429,2869,883,true,0
100245,2026-09-06 10:04:05.000 +0530,78.7,97.8,30,51.6,-0.169,0.111,0.484,1.551,1.191,0.876,2917,1064,true,0
100246,2026-09-06 10:04:06.000 +0530,70.0,96.9,30,49.2,-0.242,0.057,0.307,3.145,1.094,1.406,3116,846,true,0
100247,2026-09-06 10:04:07.000 +0530,61.5,99.0,30,50.4,-0.344,-0.015,0.405,1.885,-0.054,0.671,2889,990,true,0
100248,2026-09-06 10:04:08.000 +0530,75.1,99.4,30,54.2,-0.093,0.138,0.243,0.72,0.441,1.09,2700,926,true,0
100249,2026-09-06 10:04:09.000 +0530,73.9,98.2,30,50.6,-0.223,-0.103,0.42,1.381,0.382,1.304,2865,948,true,0
100250,2026-09-06 10:04:10.000 +0530,78.8,97.5,30,49.4,-0.062,0.14,0.33,2.673,0.831,0.959,2784,960,true,0
100251,2026-09-06 10:04:11.000 +0530,73.3,97.4,30,50.0,-0.292,0.026,0.33,2.022,0.897,0.926,2781,874,true,0
100252,2026-09-06 10:04:12.000 +0530,76.7,98.2,30,53.4,-0.223,-0.032,0.344,2.648,0.709,1.111,2390,842,true,0
100253,2026-09-06 10:04:13.000 +0530,76.7,98.4,30,51.3,-0.257,-0.001,0.356,2.174,0.839,1.256,3002,966,true,0
100254,2026-09-06 10:04:14.000 +0530,72.2,98.5,30,50.7,-0.116,0.128,0.416,3.528,0.441,1.278,2683,978,true,0
100255,2026-09-06 10:04:15.000 +0530,74.6,98.4,30,51.8,-0.217,0.054,0.294,2.83,1.159,0.914,2374,856,true,0
100256,2026-09-06 10:04:16.000 +0530,76.2,97.5,30,49.7,-0.363,0.103,0.318,2.048,1.154,0.682,2313,898,true,0
100257,2026-09-06 10:04:17.000 +0530,76.3,97.3,30,49.9,-0.198,0.037,0.563,1.79,0.765,0.83,2224,997,true,0
100258,2026-09-06 10:04:18.000 +0530,58.2,98.7,30,47.8,-0.209,0.234,0.376,1.847,0.431,1.228,2633,950,true,0
100259,2026-09-06 10:04:19.000 +0530,64.2,98.3,30,47.8,-0.283,0.07,0.311,2.232,0.198,0.69,3081,841,true,0
100260,2026-09-06 10:04:20.000 +0530,71.9,97.9,30,53.0,-0.246,0.14,0.282,2.618,0.625,0.939,2684,939,true,0
100261,2026-09-06 10:04:21.000 +0530,68.0,97.5,30,51.6,-0.229,0.125,0.345,0.199,0.756,0.957,2763,846,true,0
100262,2026-09-06 10:04:22.000 +0530,72.9,98.6,30,49.7,-0.171,0.052,0.435,1.86,0.827,0.754,2475,950,true,0
100263,2026-09-06 10:04:23.000 +0530,75.3,98.3,30,47.6,-0.19,-0.06,0.392,1.131,0.864,1.254,2603,898,true,0
100264,2026-09-06 10:04:24.000 +0530,80.1,97.2,30,50.8,-0.124,-0.036,0.35,2.883,1.176,0.731,2650,1029,true,0
100265,2026-09-06 10:04:25.000 +0530,66.9,98.0,30,50.9,-0.275,0.148,0.421,3.453,0.422,0.831,2897,1027,true,0
100266,2026-09-06 10:04:26.000 +0530,74.0,97.2,30,52.5,-0.146,0.158,0.504,1.655,0.383,0.579,2678,971,true,0
100267,2026-09-06 10:04:27.000 +0530,82.6,98.1,30,50.3,-0.102,0.027,0.342,1.938,0.69,1.633,2539,1072,true,0
100268,2026-09-06 10:04:28.000 +0530,70.7,97.6,30,51.8,-0.201,0.158,0.284,0.661,0.57,1.098,2435,893,true,0
100269,2026-09-06 10:04:29.000 +0530,76.7,97.6,30,48.4,-0.211,0.112,0.57,2.932,0.258,0.462,2680,1010,true,0
100270,2026-09-06 10:04:30.000 +0530,77.3,97.7,30,53.3,-0.083,0.005,0.385,0.975,0.418,0.552,2653,799,true,0
100271,2026-09-06 10:04:31.000 +0530,77.9,98.0,30,51.5,-0.078,0.104,0.303,1.773,0.664,0.754,2392,874,true,0
100272,2026-09-06 10:04:32.000 +0530,80.2,97.6,30,50.4,-0.112,-0.041,0.365,2.329,0.888,1.195,2809,789,true,0
100273,2026-09-06 10:04:33.000 +0530,77.1,98.7,30,51.3,-0.281,0.171,0.301,3.32,0.567,1.237,2604,1031,true,0
100274,2026-09-06 10:04:34.000 +0530,64.1,98.2,30,48.1,-0.049,0.144,0.189,1.995,0.483,1.199,3033,946,true,0
100275,2026-09-06 10:04:35.000 +0530,76.2,98.3,30,51.9,-0.126,0.037,0.299,3.16,0.773,0.602,2624,868,true,0
100276,2026-09-06 10:04:36.000 +0530,73.7,98.0,30,53.9,-0.133,0.184,0.214,2.089,1.111,1.254,2578,847,true,0
100277,2026-09-06 10:04:37.000 +0530,78.8,97.9,30,50.9,-0.209,0.088,0.284,3.361,0.892,1.49,2605,862,true,0
100278,2026-09-06 10:04:38.000 +0530,72.4,97.6,30,52.0,-0.241,0.058,0.38,1.398,0.557,1.546,2566,864,true,0
100279,2026-09-06 10:04:39.000 +0530,86.5,96.9,30,54.1,-0.233,0.115,0.52,1.426,0.493,1.144,2686,863,true,0
100280,2026-09-06 10:04:40.000 +0530,73.3,97.3,30,52.2,-0.213,0.064,0.394,1.569,0.592,0.976,2965,897,true,0
100281,2026-09-06 10:04:41.000 +0530,73.4,97.9,30,48.6,-0.274,0.14,0.304,2.074,0.533,0.535,2616,998,true,0
100282,2026-09-06 10:04:42.000 +0530,71.9,97.7,30,49.9,-0.182,0.051,0.342,1.607,0.825,1.109,2738,944,true,0
100283,2026-09-06 10:04:43.000 +0530,73.5,98.6,30,53.5,-0.206,0.099,0.295,2.013,0.986,0.872,2969,902,true,0
100284,2026-09-06 10:04:44.000 +0530,81.9,97.5,30,49.6,-0.119,0.125,0.344,1.635,0.691,1.254,2850,896,true,0
100285,2026-09-06 10:04:45.000 +0530,71.8,98.1,30,51.1,-0.236,0.202,0.3,3.21,1.188,1.331,3037,939,true,0
100286,2026-09-06 10:04:46.000 +0530,72.4,97.7,30,52.2,-0.318,-0.02,0.473,2.81,0.845,1.323,2839,887,true,0
100287,2026-09-06 10:04:47.000 +0530,66.7,98.6,30,47.8,-0.189,0.047,0.341,1.738,0.893,0.927,2492,947,true,0
100288,2026-09-06 10:04:48.000 +0530,76.4,97.3,30,52.3,-0.212,0.093,0.289,0.6,0.883,0.969,2777,884,true,0
100289,2026-09-06 10:04:49.000 +0530,72.7,98.1,30,52.3,-0.234,-0.021,0.362,0.957,-0.187,0.616,2621,844,true,0
100290,2026-09-06 10:04:50.000 +0530,66.3,97.9,30,52.2,-0.199,0.144,0.315,1.294,0.937,0.621,2760,898,true,0
100291,2026-09-06 10:04:51.000 +0530,72.2,97.8,30,47.4,-0.178,0.06,0.291,2.031,0.811,0.979,2744,999,true,0
100292,2026-09-06 10:04:52.000 +0530,71.0,98.2,30,51.5,-0.349,0.124,0.312,2.131,0.191,1.008,2848,943,true,0
100293,2026-09-06 10:04:53.000 +0530,73.9,98.0,30,52.0,-0.25,0.039,0.296,1.971,0.294,0.245,2661,918,true,0
100294,2026-09-06 10:04:54.000 +0530,74.9,98.5,30,49.5,-0.315,0.097,0.342,1.615,0.715,0.753,2516,1011,true,0
100295,2026-09-06 10:04:55.000 +0530,78.1,97.9,30,50.1,-0.154,0.092,0.431,2.982,0.67,0.836,2611,871,true,0
100296,2026-09-06 10:04:56.000 +0530,78.5,97.8,30,51.5,-0.208,0.047,0.193,2.936,0.944,0.602,2727,824,true,0
100297,2026-09-06 10:04:57.000 +0530,67.2,97.0,30,52.3,-0.225,0.076,0.49,1.396,0.285,1.045,2799,879,true,0
100298,2026-09-06 10:04:58.000 +0530,66.9,97.6,30,52.0,-0.334,-0.006,0.271,1.98,1.472,0.9,2711,844,true,0
100299,2026-09-06 10:04:59.000 +0530,86.9,97.7,30,50.9,-0.306,0.137,0.349,1.326,0.491,0.337,2600,741,true,0
100300,2026-09-06 10:05:00.000 +0530,71.7,97.8,30,49.4,-0.267,0.166,0.465,1.864,1.1,0.893,2646,842,true,0
100301,2026-09-06 10:05:01.000 +0530,77.5,98.3,30,50.9,-0.241,0.017,0.348,0.465,0.548,1.661,2778,821,true,0
100302,2026-09-06 10:05:02.000 +0530,76.8,98.0,30,49.4,-0.2,0.039,0.336,2.592,0.986,0.546,2616,1012,true,0
100303,2026-09-06 10:05:03.000 +0530,83.0,98.2,30,53.0,-0.211,-0.06,0.345,0.974,0.748,1.611,2745,845,true,0
100304,2026-09-06 10:05:04.000 +0530,68.2,97.0,30,53.8,-0.132,0.071,0.338,1.958,0.696,1.487,2770,761,true,0
100305,2026-09-06 10:05:05.000 +0530,79.3,97.0,30,47.8,-0.197,-0.008,0.24,1.163,0.985,0.935,2820,995,true,0
100306,2026-09-06 10:05:06.000 +0530,75.2,98.3,30,50.4,-0.292,0.119,0.422,2.773,0.69,1.313,2674,861,true,0
100307,2026-09-06 10:05:07.000 +0530,76.5,98.4,30,52.0,-0.288,0.012,0.246,2.062,0.315,1.477,2648,945,true,0
100308,2026-09-06 10:05:08.000 +0530,74.8,98.2,30,50.5,-0.234,0.073,0.36,2.545,0.537,1.288,2759,1015,true,0
100309,2026-09-06 10:05:09.000 +0530,57.4,97.7,30,45.5,-0.081,0.086,0.187,2.58,0.332,0.681,2964,873,true,0
100310,2026-09-06 10:05:10.000 +0530,69.2,99.0,30,49.9,-0.263,0.066,0.476,1.214,0.254,1.446,2649,907,true,0
100311,2026-09-06 10:05:11.000 +0530,76.6,97.8,30,50.1,-0.101,0.232,0.341,1.977,1.178,1.208,2753,761,true,0
100312,2026-09-06 10:05:12.000 +0530,71.9,98.1,30,49.8,-0.063,0.062,0.235,0.49,0.696,0.798,2544,916,true,0
100313,2026-09-06 10:05:13.000 +0530,75.4,98.1,30,48.1,-0.251,0.057,0.346,2.792,0.445,0.728,2968,911,true,0
100314,2026-09-06 10:05:14.000 +0530,67.0,97.8,30,48.3,-0.307,0.024,0.515,2.808,1.184,1.381,2676,928,true,0
100315,2026-09-06 10:05:15.000 +0530,74.5,97.5,30,52.3,-0.297,0.094,0.402,2.602,0.829,0.58,2797,890,true,0
100316,2026-09-06 10:05:16.000 +0530,69.1,97.0,30,47.4,-0.337,0.202,0.254,1.664,0.725,1.025,2517,850,true,0
100317,2026-09-06 10:05:17.000 +0530,78.0,97.9,30,46.2,-0.246,0.14,0.292,1.239,0.831,1.21,2760,860,true,0
100318,2026-09-06 10:05:18.000 +0530,77.7,98.8,30,47.4,0.034,-0.013,0.252,2.244,0.667,1.126,2936,965,true,0
100319,2026-09-06 10:05:19.000 +0530,69.5,98.0,30,52.7,-0.11,0.137,0.407,1.589,0.239,1.148,2618,987,true,0
100320,2026-09-06 10:05:20.000 +0530,69.6,97.8,30,52.5,-0.14,0.082,0.373,3.292,0.083,1.262,2894,985,true,0
100321,2026-09-06 10:05:21.000 +0530,78.0,97.6,30,51.9,-0.247,0.066,0.23,1.046,0.821,0.851,2563,887,true,0
100322,2026-09-06 10:05:22.000 +0530,75.5,97.9,30,50.7,-0.22,0.079,0.279,1.599,0.057,0.592,2486,872,true,0
100323,2026-09-06 10:05:23.000 +0530,79.7,98.0,30,48.7,-0.177,0.199,0.343,1.34,0.292,1.092,2531,950,true,0
100324,2026-09-06 10:05:24.000 +0530,68.9,97.2,30,48.0,-0.152,0.153,0.303,2.167,1.187,0.837,2988,877,true,0
100325,2026-09-06 10:05:25.000 +0530,69.3,98.0,30,52.8,-0.129,0.106,0.402,2.145,0.977,0.818,2505,915,true,0
100326,2026-09-06 10:05:26.000 +0530,87.4,98.4,30,53.3,-0.349,0.062,0.382,1.461,0.492,0.941,2602,845,true,0
100327,2026-09-06 10:05:27.000 +0530,68.6,97.2,30,50.3,-0.119,0.034,0.253,3.284,0.3,1.033,2531,850,true,0
100328,2026-09-06 10:05:28.000 +0530,75.9,98.2,30,51.9,-0.188,0.124,0.268,2.968,0.886,1.171,2808,796,true,0
100329,2026-09-06 10:05:29.000 +0530,68.3,98.1,30,51.7,-0.191,0.067,0.451,2.28,0.961,1.418,2928,922,true,0
100330,2026-09-06 10:05:30.000 +0530,77.6,98.1,30,55.1,-0.284,0.027,0.477,2.149,0.55,0.757,2869,939,true,0
100331,2026-09-06 10:05:31.000 +0530,84.0,98.0,30,53.9,-0.315,0.006,0.372,1.542,0.552,0.769,2673,837,true,0
100332,2026-09-06 10:05:32.000 +0530,67.6,98.2,30,52.5,-0.158,0.11,0.41,1.268,0.526,1.096,2868,945,true,0
100333,2026-09-06 10:05:33.000 +0530,72.9,97.9,30,48.2,-0.132,0.134,0.424,2.795,1.049,0.341,2741,800,true,0
100334,2026-09-06 10:05:34.000 +0530,69.2,97.9,30,51.2,-0.181,0.205,0.369,1.24,0.212,0.694,2720,792,true,0
100335,2026-09-06 10:05:35.000 +0530,76.2,98.2,30,50.8,-0.159,0.036,0.409,1.427,0.906,1.51,2758,811,true,0
100336,2026-09-06 10:05:36.000 +0530,74.4,98.0,30,48.0,-0.231,0.141,0.415,2.96,0.684,1.688,2548,931,true,0
100337,2026-09-06 10:05:37.000 +0530,72.8,98.7,30,48.5,-0.181,0.001,0.28,2.741,0.693,1.299,2543,991,true,0
100338,2026-09-06 10:05:38.000 +0530,73.1,97.0,30,47.8,-0.317,0.116,0.379,2.473,0.442,1.186,2436,866,true,0
100339,2026-09-06 10:05:39.000 +0530,73.2,97.7,30,50.5,-0.162,0.101,0.426,1.616,0.928,1.097,2744,909,true,0
100340,2026-09-06 10:05:40.000 +0530,63.2,99.0,30,49.0,-0.226,-0.012,0.49,1.504,0.461,0.71,2779,998,true,0
100341,2026-09-06 10:05:41.000 +0530,75.4,97.6,30,51.1,-0.258,0.075,0.361,2.19,0.701,1.008,3035,1098,true,0
100342,2026-09-06 10:05:42.000 +0530,74.9,97.5,30,52.2,-0.33,0.067,0.382,2.145,0.558,1.643,2843,867,true,0
100343,2026-09-06 10:05:43.000 +0530,77.9,97.9,30,49.7,-0.105,0.041,0.344,2.816,0.806,1.084,2580,1063,true,0
100344,2026-09-06 10:05:44.000 +0530,78.1,96.8,30,48.0,-0.31,0.031,0.451,1.782,0.774,0.415,2894,881,true,0
100345,2026-09-06 10:05:45.000 +0530,67.6,98.2,30,50.7,-0.097,0.121,0.47,1.956,0.738,1.302,2909,877,true,0
100346,2026-09-06 10:05:46.000 +0530,83.4,98.1,30,51.4,-0.268,-0.035,0.514,2.851,0.377,1.048,2812,866,true,0
100347,2026-09-06 10:05:47.000 +0530,81.2,97.8,30,49.3,-0.159,0.188,0.388,1.61,0.778,1.254,2623,872,true,0
100348,2026-09-06 10:05:48.000 +0530,82.8,98.7,30,47.9,-0.303,0.002,0.327,1.939,0.216,1.054,2177,910,true,0
100349,2026-09-06 10:05:49.000 +0530,82.0,97.4,30,50.9,-0.144,0.051,0.368,3.033,1.291,1.209,2478,912,true,0
100350,2026-09-06 10:05:50.000 +0530,69.0,98.0,30,49.4,-0.078,0.064,0.232,2.304,0.94,1.018,2561,870,true,0
100351,2026-09-06 10:05:51.000 +0530,71.1,97.7,30,50.1,-0.308,0.097,0.287,2.702,0.833,1.527,2454,999,true,0
100352,2026-09-06 10:05:52.000 +0530,73.4,98.3,30,52.5,-0.195,0.112,0.343,2.582,0.388,1.142,2977,1040,true,0
100353,2026-09-06 10:05:53.000 +0530,79.3,98.7,30,52.7,-0.044,0.076,0.223,1.864,0.765,0.712,2484,865,true,0
100354,2026-09-06 10:05:54.000 +0530,67.8,98.5,30,51.9,-0.312,0.094,0.281,2.224,0.412,1.344,2826,878,true,0
100355,2026-09-06 10:05:55.000 +0530,76.5,98.0,30,46.7,-0.167,0.167,0.321,1.601,0.762,0.678,2603,828,true,0
100356,2026-09-06 10:05:56.000 +0530,73.1,97.0,30,51.7,-0.23,0.051,0.422,3.262,0.442,1.422,2385,841,true,0
100357,2026-09-06 10:05:57.000 +0530,76.7,98.1,30,52.3,-0.216,0.133,0.311,1.498,0.044,1.237,2544,971,true,0
100358,2026-09-06 10:05:58.000 +0530,79.0,97.9,30,50.9,-0.216,-0.022,0.466,1.546,0.885,1.102,2752,915,true,0
100359,2026-09-06 10:05:59.000 +0530,78.6,97.6,30,50.9,-0.197,0.051,0.346,2.463,0.29,0.398,2651,949,true,0
100360,2026-09-06 10:06:00.000 +0530,72.5,98.7,30,53.4,-0.084,0.098,0.395,1.454,-0.24,1.142,2561,886,true,0
100361,2026-09-06 10:06:01.000 +0530,61.6,98.4,30,49.4,-0.292,0.023,0.282,1.223,0.205,0.927,2639,960,true,0
100362,2026-09-06 10:06:02.000 +0530,65.2,97.8,30,51.2,-0.204,0.139,0.497,2.001,0.885,0.738,2677,902,true,0
100363,2026-09-06 10:06:03.000 +0530,84.7,97.4,30,50.6,-0.26,0.105,0.351,2.096,0.447,1.257,2533,874,true,0
100364,2026-09-06 10:06:04.000 +0530,78.2,98.7,30,51.8,-0.207,0.153,0.359,3.358,1.236,0.659,2641,847,true,0
100365,2026-09-06 10:06:05.000 +0530,73.6,97.1,30,52.6,-0.173,0.133,0.278,1.159,0.632,1.484,2714,913,true,0
100366,2026-09-06 10:06:06.000 +0530,79.9,98.2,30,51.4,-0.215,0.19,0.342,1.424,0.939,1.331,2615,951,true,0
100367,2026-09-06 10:06:07.000 +0530,79.4,96.3,30,51.3,-0.274,0.198,0.376,1.919,0.722,0.867,2584,909,true,0
100368,2026-09-06 10:06:08.000 +0530,79.0,97.2,30,49.6,-0.193,0.027,0.362,1.142,0.693,0.909,2400,929,true,0
100369,2026-09-06 10:06:09.000 +0530,59.9,97.8,30,51.1,-0.227,0.137,0.334,1.83,1.092,0.837,2695,1000,true,0
100370,2026-09-06 10:06:10.000 +0530,77.3,99.0,30,49.5,-0.114,0.145,0.328,2.432,0.671,1.174,2706,891,true,0
100371,2026-09-06 10:06:11.000 +0530,82.4,98.2,30,51.0,-0.224,0.102,0.369,2.293,0.106,0.451,2952,898,true,0
100372,2026-09-06 10:06:12.000 +0530,80.7,98.3,30,47.2,-0.159,0.116,0.49,1.838,0.727,0.367,2591,917,true,0
100373,2026-09-06 10:06:13.000 +0530,72.2,97.6,30,53.8,-0.285,0.087,0.316,3.188,0.783,1.209,2532,993,true,0
100374,2026-09-06 10:06:14.000 +0530,72.5,98.9,30,49.2,-0.158,0.097,0.332,2.6,0.691,1.01,2586,848,true,0
100375,2026-09-06 10:06:15.000 +0530,74.4,98.1,30,47.8,-0.191,0.192,0.296,1.165,0.376,1.277,2472,901,true,0
100376,2026-09-06 10:06:16.000 +0530,70.7,97.7,30,49.8,-0.229,0.076,0.372,1.637,0.865,0.832,2618,903,true,0
100377,2026-09-06 10:06:17.000 +0530,65.4,97.6,30,48.5,-0.219,0.029,0.277,2.813,1.429,1.348,2754,979,true,0
100378,2026-09-06 10:06:18.000 +0530,75.6,97.9,30,49.9,-0.376,0.021,0.284,2.387,0.532,0.37,2695,920,true,0
100379,2026-09-06 10:06:19.000 +0530,77.8,98.2,30,48.8,-0.095,0.144,0.299,1.898,0.439,0.957,2620,869,true,0
100380,2026-09-06 10:06:20.000 +0530,74.0,97.5,30,52.3,-0.256,0.14,0.266,0.573,0.81,1.191,2567,937,true,0
100381,2026-09-06 10:06:21.000 +0530,83.8,99.5,30,51.2,-0.298,0.278,0.315,2.688,0.733,0.63,2663,805,true,0
100382,2026-09-06 10:06:22.000 +0530,70.8,97.9,30,46.0,-0.205,0.259,0.274,2.261,0.552,0.012,2521,852,true,0
100383,2026-09-06 10:06:23.000 +0530,78.2,98.0,30,51.9,-0.19,0.068,0.403,0.899,0.628,1.439,2315,845,true,0
100384,2026-09-06 10:06:24.000 +0530,74.8,98.1,30,51.4,-0.271,0.149,0.366,3.452,0.996,1.193,2955,844,true,0
100385,2026-09-06 10:06:25.000 +0530,72.5,97.1,30,53.9,-0.239,-0.005,0.44,1.41,0.523,1.539,2635,887,true,0
100386,2026-09-06 10:06:26.000 +0530,82.1,98.3,30,53.6,-0.339,0.151,0.389,1.581,0.427,0.611,3011,909,true,0
100387,2026-09-06 10:06:27.000 +0530,70.8,98.3,30,51.2,-0.144,0.147,0.355,2.253,0.66,0.653,2472,932,true,0
100388,2026-09-06 10:06:28.000 +0530,70.5,98.0,30,52.5,-0.178,0.101,0.327,1.89,0.581,1.087,2390,899,true,0
100389,2026-09-06 10:06:29.000 +0530,75.8,98.2,30,49.7,-0.23,0.042,0.253,1.131,0.703,1.135,2727,839,true,0
100390,2026-09-06 10:06:30.000 +0530,75.9,97.9,30,48.7,-0.241,0.13,0.335,1.901,0.35,1.977,2292,758,true,0
100391,2026-09-06 10:06:31.000 +0530,71.4,98.1,30,51.6,-0.176,0.144,0.358,0.436,0.789,1.076,3091,850,true,0
100392,2026-09-06 10:06:32.000 +0530,80.3,97.3,30,50.8,-0.133,0.129,0.404,2.078,0.47,0.944,2562,892,true,0
100393,2026-09-06 10:06:33.000 +0530,66.0,98.1,30,52.9,-0.095,0.091,0.338,1.796,0.837,1.251,2761,806,true,0
100394,2026-09-06 10:06:34.000 +0530,80.9,98.2,30,50.6,-0.221,0.216,0.264,0.649,1.399,1.084,2623,859,true,0
100395,2026-09-06 10:06:35.000 +0530,64.0,98.9,30,51.6,-0.134,0.016,0.387,2.869,-0.072,1.209,2834,907,true,0
100396,2026-09-06 10:06:36.000 +0530,69.6,97.9,30,51.3,-0.243,0.134,0.309,1.584,1.109,0.944,2796,809,true,0
100397,2026-09-06 10:06:37.000 +0530,81.6,97.3,30,50.1,-0.261,0.061,0.449,3.391,0.617,0.875,2362,1020,true,0
100398,2026-09-06 10:06:38.000 +0530,68.7,97.5,30,52.0,-0.078,0.232,0.41,1.616,0.47,0.938,2845,967,true,0
100399,2026-09-06 10:06:39.000 +0530,77.1,97.1,30,53.5,-0.243,0.074,0.568,1.941,1.198,1.644,2836,870,true,0
100400,2026-09-06 10:06:40.000 +0530,62.6,97.6,30,51.7,-0.106,0.003,0.366,0.36,0.391,1.185,2307,957,true,0
100401,2026-09-06 10:06:41.000 +0530,83.2,97.3,30,54.0,-0.16,0.108,0.359,0.903,0.652,1.45,2716,951,true,0
100402,2026-09-06 10:06:42.000 +0530,72.2,97.6,30,48.4,-0.309,0.079,0.332,1.248,0.944,0.674,2777,935,true,0
100403,2026-09-06 10:06:43.000 +0530,82.3,98.2,30,50.7,-0.313,0.14,0.484,1.901,1.433,1.323,3060,887,true,0
100404,2026-09-06 10:06:44.000 +0530,69.6,98.0,30,50.9,-0.219,0.092,0.343,1.221,0.515,1.444,2689,806,true,0
100405,2026-09-06 10:06:45.000 +0530,63.9,97.8,30,48.2,-0.343,0.119,0.606,2.698,0.351,0.959,2679,811,true,0
100406,2026-09-06 10:06:46.000 +0530,67.0,97.9,30,51.1,-0.255,0.116,0.392,1.214,0.274,1.226,2905,928,true,0
100407,2026-09-06 10:06:47.000 +0530,79.9,98.7,30,51.5,-0.095,0.159,0.464,1.53,0.939,1.272,2592,913,true,0
100408,2026-09-06 10:06:48.000 +0530,67.3,97.6,30,52.6,-0.2,0.187,0.469,1.214,0.665,0.824,2848,950,true,0
100409,2026-09-06 10:06:49.000 +0530,70.0,98.5,30,52.9,-0.395,0.067,0.293,2.541,0.788,0.233,2458,859,true,0
100410,2026-09-06 10:06:50.000 +0530,79.9,98.8,30,53.4,-0.26,0.109,0.36,1.136,0.577,0.875,2782,935,true,0
100411,2026-09-06 10:06:51.000 +0530,71.3,97.7,30,51.6,-0.208,0.078,0.394,1.604,0.363,0.789,2638,915,true,0
100412,2026-09-06 10:06:52.000 +0530,71.0,97.8,30,49.7,-0.34,0.034,0.393,2.137,0.645,0.921,2862,818,true,0
100413,2026-09-06 10:06:53.000 +0530,76.2,97.6,30,50.2,-0.243,0.102,0.298,1.03,0.531,0.561,2726,857,true,0
100414,2026-09-06 10:06:54.000 +0530,67.7,98.2,30,50.2,-0.223,0.144,0.328,2.206,0.303,1.195,2674,936,true,0
100415,2026-09-06 10:06:55.000 +0530,72.6,97.6,30,50.1,-0.237,-0.011,0.45,2.821,-0.012,0.251,2426,911,true,0
100416,2026-09-06 10:06:56.000 +0530,87.4,97.4,30,53.2,-0.24,0.158,0.425,1.977,1.009,1.328,2447,888,true,0
100417,2026-09-06 10:06:57.000 +0530,70.9,98.0,30,48.6,-0.196,0.079,0.461,2.168,1.201,1.459,2905,653,true,0
100418,2026-09-06 10:06:58.000 +0530,70.1,98.2,30,49.5,-0.147,0.083,0.322,3.386,0.552,1.389,2691,907,true,0
100419,2026-09-06 10:06:59.000 +0530,72.2,97.6,30,47.8,-0.151,0.088,0.315,2.636,0.335,0.311,2776,804,true,0
100420,2026-09-06 10:07:00.000 +0530,67.0,98.1,30,49.0,-0.271,0.185,0.237,2.678,0.85,0.746,2675,840,true,0
100421,2026-09-06 10:07:01.000 +0530,70.7,97.9,30,47.3,-0.143,0.038,0.414,1.877,1.684,1.195,2458,804,true,0
100422,2026-09-06 10:07:02.000 +0530,69.5,97.8,30,48.3,-0.199,-0.029,0.342,2.186,0.348,1.211,2715,977,true,0
100423,2026-09-06 10:07:03.000 +0530,77.3,97.9,30,51.5,-0.17,-0.038,0.424,1.551,1.097,1.063,2583,900,true,0
100424,2026-09-06 10:07:04.000 +0530,81.2,97.6,30,50.0,-0.099,0.191,0.433,0.304,0.617,0.833,2668,823,true,0
100425,2026-09-06 10:07:05.000 +0530,72.6,97.4,30,50.7,-0.241,-0.007,0.427,2.467,1.107,1.121,2616,849,true,0
100426,2026-09-06 10:07:06.000 +0530,70.2,97.8,30,49.4,-0.177,0.133,0.314,2.783,0.847,1.134,2695,912,true,0
100427,2026-09-06 10:07:07.000 +0530,69.7,97.6,30,52.3,-0.218,0.115,0.332,1.374,0.704,1.134,2576,858,true,0
100428,2026-09-06 10:07:08.000 +0530,71.5,98.1,30,51.1,-0.179,0.094,0.305,2.224,0.314,0.734,2844,807,true,0
100429,2026-09-06 10:07:09.000 +0530,70.8,97.7,30,47.7,-0.247,0.004,0.482,1.779,0.518,1.04,2856,755,true,0
100430,2026-09-06 10:07:10.000 +0530,68.6,98.1,30,47.7,-0.257,0.091,0.376,3.568,0.126,0.482,2483,968,true,0
100431,2026-09-06 10:07:11.000 +0530,69.5,97.2,30,49.1,-0.111,0.095,0.297,2.715,0.986,1.526,2626,878,true,0
100432,2026-09-06 10:07:12.000 +0530,81.4,98.6,30,48.8,-0.284,-0.02,0.271,1.835,0.283,1.252,2236,844,true,0
100433,2026-09-06 10:07:13.000 +0530,70.6,98.3,30,48.1,-0.182,0.007,0.373,1.024,0.745,1.514,3067,976,true,0
100434,2026-09-06 10:07:14.000 +0530,68.8,97.7,30,49.3,-0.34,0.036,0.439,3.787,0.852,1.071,2821,789,true,0
100435,2026-09-06 10:07:15.000 +0530,69.8,98.4,30,49.8,-0.132,-0.053,0.443,1.35,0.897,1.0,2831,969,true,0
100436,2026-09-06 10:07:16.000 +0530,68.9,98.4,30,53.4,-0.242,0.163,0.408,1.646,1.05,0.87,2864,893,true,0
100437,2026-09-06 10:07:17.000 +0530,74.5,98.0,30,50.4,-0.154,0.122,0.281,2.739,1.216,1.179,2773,840,true,0
100438,2026-09-06 10:07:18.000 +0530,80.4,97.2,30,53.6,-0.255,0.118,0.292,2.527,0.205,0.856,2585,907,true,0
100439,2026-09-06 10:07:19.000 +0530,65.5,98.8,30,49.6,-0.081,0.078,0.371,2.231,1.257,1.055,2508,906,true,0
100440,2026-09-06 10:07:20.000 +0530,76.1,98.0,30,48.9,-0.336,0.114,0.283,1.486,0.878,1.378,2514,875,true,0
100441,2026-09-06 10:07:21.000 +0530,72.0,98.3,30,48.9,-0.166,0.038,0.268,1.991,0.379,0.904,2931,888,true,0
100442,2026-09-06 10:07:22.000 +0530,73.3,97.8,30,50.9,-0.119,0.168,0.578,1.764,0.771,0.615,3033,969,true,0
100443,2026-09-06 10:07:23.000 +0530,78.8,98.3,30,45.5,-0.1,0.127,0.371,1.339,1.004,1.105,2736,823,true,0
100444,2026-09-06 10:07:24.000 +0530,68.4,98.0,30,48.5,-0.061,0.049,0.345,2.208,1.215,0.729,2667,811,true,0
100445,2026-09-06 10:07:25.000 +0530,79.2,98.2,30,51.1,-0.055,0.072,0.303,1.537,1.061,1.206,2786,855,true,0
100446,2026-09-06 10:07:26.000 +0530,76.7,98.3,30,50.3,-0.162,0.108,0.312,1.75,0.1,1.209,2680,1008,true,0
100447,2026-09-06 10:07:27.000 +0530,65.1,98.1,30,49.1,-0.161,0.1,0.392,1.813,-0.412,1.028,2717,849,true,0
100448,2026-09-06 10:07:28.000 +0530,67.4,98.3,30,53.7,-0.265,0.163,0.351,1.603,0.875,1.307,2605,1010,true,0
100449,2026-09-06 10:07:29.000 +0530,74.1,97.4,30,52.7,-0.244,0.086,0.358,1.91,1.043,0.831,2500,739,true,0
100450,2026-09-06 10:07:30.000 +0530,73.4,97.9,30,49.1,-0.118,0.06,0.488,1.221,0.56,1.238,2914,959,true,0
100451,2026-09-06 10:07:31.000 +0530,67.3,98.5,30,47.3,-0.245,0.056,0.286,3.045,0.888,1.399,2542,783,true,0
100452,2026-09-06 10:07:32.000 +0530,76.3,98.0,30,51.9,-0.188,0.136,0.356,2.164,1.392,1.451,2511,789,true,0
100453,2026-09-06 10:07:33.000 +0530,80.8,97.8,30,49.6,-0.174,0.051,0.255,0.572,-0.137,0.631,2920,834,true,0
100454,2026-09-06 10:07:34.000 +0530,73.9,98.6,30,49.4,-0.143,0.054,0.195,2.766,0.739,0.693,2737,923,true,0
100455,2026-09-06 10:07:35.000 +0530,74.8,97.5,30,51.2,-0.14,0.065,0.263,2.339,1.133,0.792,2791,973,true,0
100456,2026-09-06 10:07:36.000 +0530,79.3,98.7,30,53.4,-0.092,0.022,0.375,2.188,0.46,0.885,2339,950,true,0
100457,2026-09-06 10:07:37.000 +0530,78.2,98.6,30,49.3,-0.213,0.188,0.436,1.41,-0.126,0.92,2508,904,true,0
100458,2026-09-06 10:07:38.000 +0530,78.9,97.3,30,48.1,-0.001,0.084,0.388,1.165,-0.046,0.664,2528,982,true,0
100459,2026-09-06 10:07:39.000 +0530,68.3,98.4,30,50.3,-0.399,0.042,0.428,2.43,0.752,0.497,2723,918,true,0
100460,2026-09-06 10:07:40.000 +0530,71.6,98.2,30,46.5,-0.251,0.032,0.448,2.576,0.682,0.809,2800,1005,true,0
100461,2026-09-06 10:07:41.000 +0530,69.2,97.7,30,51.5,-0.235,0.161,0.394,1.246,0.796,0.997,2997,943,true,0
100462,2026-09-06 10:07:42.000 +0530,76.4,98.1,30,47.8,-0.316,0.107,0.382,1.677,0.001,0.619,2797,909,true,0
100463,2026-09-06 10:07:43.000 +0530,70.8,97.5,30,50.2,-0.213,0.045,0.362,2.226,0.481,1.582,2594,912,true,0
100464,2026-09-06 10:07:44.000 +0530,66.2,97.5,30,52.0,-0.183,0.033,0.378,1.206,1.075,0.08,2631,844,true,0
100465,2026-09-06 10:07:45.000 +0530,80.5,97.9,30,53.4,-0.164,-0.035,0.29,1.601,0.84,1.133,2461,955,true,0
100466,2026-09-06 10:07:46.000 +0530,68.9,97.8,30,50.3,-0.074,0.16,0.244,1.099,1.102,1.04,2813,902,true,0
100467,2026-09-06 10:07:47.000 +0530,80.2,98.4,30,49.2,-0.151,-0.033,0.331,1.492,0.428,0.672,2339,987,true,0
100468,2026-09-06 10:07:48.000 +0530,72.9,97.9,30,52.7,-0.093,0.05,0.365,1.276,0.956,1.007,2864,958,true,0
100469,2026-09-06 10:07:49.000 +0530,77.9,98.3,30,48.1,-0.174,0.198,0.315,1.458,0.916,1.586,2513,731,true,0
100470,2026-09-06 10:07:50.000 +0530,70.9,98.0,30,50.0,-0.24,0.035,0.284,2.288,0.9,0.445,2985,931,true,0
100471,2026-09-06 10:07:51.000 +0530,76.8,97.9,30,48.3,-0.073,0.179,0.331,0.945,0.593,1.207,2629,844,true,0
100472,2026-09-06 10:07:52.000 +0530,74.8,97.6,30,52.4,-0.147,0.03,0.367,2.888,-0.033,1.072,2953,1027,true,0
100473,2026-09-06 10:07:53.000 +0530,69.2,98.1,30,53.0,-0.347,-0.061,0.362,2.399,0.656,0.885,2930,1003,true,0
100474,2026-09-06 10:07:54.000 +0530,71.0,98.1,30,54.0,-0.312,0.005,0.279,1.161,1.147,1.813,2747,876,true,0
100475,2026-09-06 10:07:55.000 +0530,77.6,97.5,30,50.5,-0.166,0.032,0.334,0.704,0.707,1.312,2367,829,true,0
100476,2026-09-06 10:07:56.000 +0530,71.6,97.8,30,50.5,-0.177,0.078,0.215,2.251,1.121,1.09,2381,916,true,0
100477,2026-09-06 10:07:57.000 +0530,76.4,97.5,30,53.1,-0.071,0.089,0.391,1.868,0.557,1.485,2873,943,true,0
100478,2026-09-06 10:07:58.000 +0530,71.4,98.7,30,48.0,-0.113,0.092,0.372,0.386,0.188,1.346,2562,957,true,0
100479,2026-09-06 10:07:59.000 +0530,67.4,97.3,30,52.4,-0.21,0.096,0.293,2.285,1.113,0.855,2787,782,true,0
100480,2026-09-06 10:08:00.000 +0530,83.0,98.5,30,49.9,-0.087,0.045,0.38,1.749,0.377,1.364,2626,932,true,0
100481,2026-09-06 10:08:01.000 +0530,72.3,97.9,30,49.2,-0.141,0.074,0.419,2.597,1.128,0.828,2819,888,true,0
100482,2026-09-06 10:08:02.000 +0530,73.9,97.6,30,51.8,-0.227,0.029,0.418,2.285,0.274,1.037,2903,977,true,0
100483,2026-09-06 10:08:03.000 +0530,71.3,97.4,30,53.2,-0.141,-0.081,0.419,0.226,1.376,1.296,2629,907,true,0
100484,2026-09-06 10:08:04.000 +0530,77.3,97.8,30,50.3,-0.22,0.187,0.187,2.038,0.212,0.936,2573,1078,true,0
100485,2026-09-06 10:08:05.000 +0530,71.4,97.9,30,52.3,-0.241,0.034,0.5,2.625,0.794,1.844,2586,843,true,0
100486,2026-09-06 10:08:06.000 +0530,70.0,98.6,30,52.9,-0.25,-0.047,0.286,2.23,1.117,1.455,2766,948,true,0
100487,2026-09-06 10:08:07.000 +0530,60.8,98.1,30,49.9,-0.253,0.142,0.441,3.572,0.632,0.721,3039,878,true,0
100488,2026-09-06 10:08:08.000 +0530,71.4,97.3,30,51.8,-0.133,0.096,0.394,2.443,0.88,1.412,2853,913,true,0
100489,2026-09-06 10:08:09.000 +0530,71.3,98.4,30,50.3,-0.257,0.229,0.272,2.531,0.937,1.307,2693,906,true,0
100490,2026-09-06 10:08:10.000 +0530,73.0,96.6,30,53.3,-0.265,0.089,0.561,1.225,0.523,0.912,2340,839,true,0
100491,2026-09-06 10:08:11.000 +0530,66.9,98.3,30,46.3,-0.135,0.148,0.321,2.757,0.906,0.68,2751,913,true,0
100492,2026-09-06 10:08:12.000 +0530,69.8,97.5,30,55.2,-0.203,0.095,0.266,1.792,0.629,0.868,2582,897,true,0
100493,2026-09-06 10:08:13.000 +0530,71.2,98.6,30,49.0,-0.229,0.11,0.397,1.389,0.5,1.205,2405,1055,true,0
100494,2026-09-06 10:08:14.000 +0530,75.5,97.8,30,48.4,-0.056,0.074,0.315,3.406,1.061,0.932,2779,877,true,0
100495,2026-09-06 10:08:15.000 +0530,72.2,97.9,30,52.7,-0.042,-0.072,0.536,2.819,0.706,0.849,2364,984,true,0
100496,2026-09-06 10:08:16.000 +0530,68.5,98.3,30,47.3,-0.167,0.114,0.275,2.688,1.332,1.172,2778,849,true,0
100497,2026-09-06 10:08:17.000 +0530,68.8,97.8,30,50.6,-0.216,0.254,0.396,1.219,0.28,0.392,2518,941,true,0
100498,2026-09-06 10:08:18.000 +0530,72.6,97.7,30,51.6,-0.17,0.079,0.347,0.945,0.054,0.718,2558,843,true,0
100499,2026-09-06 10:08:19.000 +0530,73.1,97.8,30,50.3,-0.173,0.046,0.416,2.252,0.836,0.869,2774,948,true,0
100500,2026-09-06 10:08:20.000 +0530,64.4,98.5,30,51.8,-0.385,0.05,0.214,1.881,0.764,1.142,2704,812,true,0
100501,2026-09-06 10:08:21.000 +0530,80.5,97.3,30,49.0,-0.248,-0.018,0.437,2.597,0.725,0.949,2527,892,true,0
100502,2026-09-06 10:08:22.000 +0530,69.5,98.0,30,50.1,-0.168,0.121,0.414,3.58,0.2,0.568,2481,886,true,0
100503,2026-09-06 10:08:23.000 +0530,66.0,97.7,30,52.0,-0.069,0.14,0.431,1.577,0.575,1.308,2855,766,true,0
100504,2026-09-06 10:08:24.000 +0530,67.1,97.5,30,53.2,-0.056,0.103,0.377,3.554,0.857,1.196,2767,926,true,0
100505,2026-09-06 10:08:25.000 +0530,80.7,98.4,30,49.8,-0.179,-0.036,0.387,2.101,0.812,0.595,2784,913,true,0
100506,2026-09-06 10:08:26.000 +0530,74.0,98.2,30,47.6,-0.164,-0.074,0.398,3.654,0.83,1.299,2993,973,true,0
100507,2026-09-06 10:08:27.000 +0530,85.4,97.6,30,51.5,-0.329,0.08,0.355,3.038,1.074,1.268,2825,904,true,0
100508,2026-09-06 10:08:28.000 +0530,75.5,98.4,30,49.1,-0.164,0.075,0.371,2.924,0.612,0.677,2536,860,true,0
100509,2026-09-06 10:08:29.000 +0530,77.0,97.9,30,52.1,-0.187,0.129,0.525,3.505,0.821,1.119,2900,989,true,0
100510,2026-09-06 10:08:30.000 +0530,72.2,97.4,30,51.0,-0.151,0.118,0.294,1.592,1.075,0.943,2559,881,true,0
100511,2026-09-06 10:08:31.000 +0530,76.0,97.7,30,52.2,-0.319,0.096,0.476,4.637,0.535,1.009,2456,939,true,0
100512,2026-09-06 10:08:32.000 +0530,76.4,98.1,30,52.1,-0.054,0.175,0.379,1.959,1.014,0.951,2245,780,true,0
100513,2026-09-06 10:08:33.000 +0530,80.8,98.7,30,48.9,-0.224,-0.01,0.33,3.398,0.481,0.722,2458,914,true,0
100514,2026-09-06 10:08:34.000 +0530,69.3,98.3,30,53.9,-0.153,0.113,0.237,2.019,0.806,1.12,2764,909,true,0
100515,2026-09-06 10:08:35.000 +0530,68.2,96.8,30,52.6,-0.136,0.16,0.376,2.182,0.706,0.402,2732,855,true,0
100516,2026-09-06 10:08:36.000 +0530,71.0,97.5,30,52.4,-0.136,0.012,0.369,1.94,-0.004,1.329,2584,941,true,0
100517,2026-09-06 10:08:37.000 +0530,70.0,98.4,30,51.1,-0.157,0.034,0.325,1.105,1.068,1.415,2614,903,true,0
100518,2026-09-06 10:08:38.000 +0530,70.7,97.3,30,48.2,-0.355,0.101,0.27,1.967,-0.23,1.031,2575,856,true,0
100519,2026-09-06 10:08:39.000 +0530,78.4,97.9,30,50.7,-0.162,0.025,0.349,1.813,0.948,0.798,2836,937,true,0
100520,2026-09-06 10:08:40.000 +0530,71.1,98.4,30,49.3,-0.264,0.005,0.375,1.843,0.593,1.299,2859,908,true,0
100521,2026-09-06 10:08:41.000 +0530,64.3,98.2,30,48.8,-0.213,0.187,0.151,0.775,0.45,1.242,2406,844,true,0
100522,2026-09-06 10:08:42.000 +0530,80.1,98.4,30,52.6,-0.193,0.017,0.293,1.498,0.322,1.161,2882,799,true,0
100523,2026-09-06 10:08:43.000 +0530,77.3,97.5,30,51.2,-0.119,0.078,0.37,3.303,1.265,1.369,2835,936,true,0
100524,2026-09-06 10:08:44.000 +0530,82.2,98.4,30,50.8,-0.167,-0.017,0.304,3.369,0.302,1.178,2756,968,true,0
100525,2026-09-06 10:08:45.000 +0530,70.1,97.6,30,49.3,-0.076,0.093,0.418,1.203,0.907,1.871,2690,822,true,0
100526,2026-09-06 10:08:46.000 +0530,79.7,97.8,30,48.3,-0.295,0.117,0.282,1.305,0.57,1.149,2860,986,true,0
100527,2026-09-06 10:08:47.000 +0530,72.3,98.5,30,54.0,-0.15,0.099,0.223,2.779,0.536,0.786,2552,858,true,0
100528,2026-09-06 10:08:48.000 +0530,76.5,98.2,30,54.3,-0.3,0.1,0.244,2.451,0.901,1.048,2791,941,true,0
100529,2026-09-06 10:08:49.000 +0530,76.4,97.3,30,54.0,-0.11,0.062,0.507,2.198,1.11,1.239,2960,789,true,0
100530,2026-09-06 10:08:50.000 +0530,70.0,98.3,30,49.8,-0.08,0.041,0.375,2.301,0.621,0.19,2365,882,true,0
100531,2026-09-06 10:08:51.000 +0530,85.0,97.6,30,54.7,-0.197,0.116,0.375,1.33,0.4,0.824,2699,849,true,0
100532,2026-09-06 10:08:52.000 +0530,71.5,98.1,30,55.3,-0.257,0.1,0.271,1.505,0.098,1.604,2623,967,true,0
100533,2026-09-06 10:08:53.000 +0530,68.7,96.8,30,47.3,-0.283,0.164,0.357,1.851,1.167,0.901,2844,813,true,0
100534,2026-09-06 10:08:54.000 +0530,81.1,97.7,30,49.1,-0.265,0.06,0.423,1.804,0.768,0.835,2938,797,true,0
100535,2026-09-06 10:08:55.000 +0530,65.6,98.7,30,54.0,-0.201,0.11,0.376,1.474,0.881,1.713,2920,850,true,0
100536,2026-09-06 10:08:56.000 +0530,80.2,97.4,30,50.8,-0.101,-0.017,0.434,1.67,0.127,1.349,2625,760,true,0
100537,2026-09-06 10:08:57.000 +0530,78.0,97.2,30,48.3,-0.265,0.156,0.401,0.794,0.621,1.024,2944,932,true,0
100538,2026-09-06 10:08:58.000 +0530,67.9,97.4,30,52.1,-0.248,0.036,0.391,2.232,-0.221,0.905,2848,796,true,0
100539,2026-09-06 10:08:59.000 +0530,78.4,97.4,30,48.9,-0.329,0.095,0.342,3.217,0.991,0.444,2759,969,true,0
100540,2026-09-06 10:09:00.000 +0530,78.2,98.9,30,49.1,-0.169,0.248,0.452,1.464,0.166,0.455,2818,892,true,0
100541,2026-09-06 10:09:01.000 +0530,73.1,97.7,30,51.8,-0.202,0.11,0.219,3.432,1.113,1.375,2329,962,true,0
100542,2026-09-06 10:09:02.000 +0530,66.8,98.2,30,52.7,-0.142,0.21,0.363,1.354,0.515,1.007,2851,826,true,0
100543,2026-09-06 10:09:03.000 +0530,78.1,98.0,30,48.7,-0.238,0.101,0.334,2.604,0.136,0.486,2513,978,true,0
100544,2026-09-06 10:09:04.000 +0530,73.3,98.0,30,51.9,-0.243,-0.02,0.321,0.777,0.677,0.732,2752,914,true,0
100545,2026-09-06 10:09:05.000 +0530,72.2,98.3,30,46.9,-0.006,0.012,0.242,1.231,0.957,1.076,2588,859,true,0
100546,2026-09-06 10:09:06.000 +0530,70.2,98.3,30,50.0,-0.254,0.054,0.165,1.957,0.834,0.871,2609,978,true,0
100547,2026-09-06 10:09:07.000 +0530,75.6,98.2,30,50.8,-0.095,-0.016,0.348,0.173,0.553,1.701,2469,823,true,0
100548,2026-09-06 10:09:08.000 +0530,73.6,98.4,30,49.5,-0.064,0.076,0.441,3.275,0.356,0.477,2796,913,true,0
100549,2026-09-06 10:09:09.000 +0530,74.2,98.1,30,53.7,-0.441,0.169,0.371,1.898,0.359,1.431,2491,908,true,0
100550,2026-09-06 10:09:10.000 +0530,79.7,97.2,30,51.2,-0.166,0.047,0.397,2.831,0.595,1.729,2495,852,true,0
100551,2026-09-06 10:09:11.000 +0530,80.0,97.9,30,49.7,-0.079,0.136,0.276,0.501,1.222,1.086,2624,836,true,0
100552,2026-09-06 10:09:12.000 +0530,63.6,97.3,30,49.6,-0.068,0.144,0.303,1.258,1.152,0.869,3176,907,true,0
100553,2026-09-06 10:09:13.000 +0530,67.2,97.0,30,53.4,-0.22,-0.095,0.3,1.768,1.179,1.151,2673,921,true,0
100554,2026-09-06 10:09:14.000 +0530,85.1,98.5,30,51.9,-0.109,0.243,0.373,1.741,0.825,0.833,2727,844,true,0
100555,2026-09-06 10:09:15.000 +0530,74.1,97.3,30,52.1,-0.332,0.132,0.305,3.13,1.052,1.38,2806,827,true,0
100556,2026-09-06 10:09:16.000 +0530,63.6,98.1,30,50.9,-0.319,0.135,0.391,0.976,0.362,1.148,2859,916,true,0
100557,2026-09-06 10:09:17.000 +0530,70.5,98.1,30,49.5,-0.313,0.083,0.284,1.898,-0.005,1.293,2599,906,true,0
100558,2026-09-06 10:09:18.000 +0530,81.5,98.8,30,48.5,-0.207,0.101,0.372,2.112,0.987,1.23,2919,958,true,0
100559,2026-09-06 10:09:19.000 +0530,70.5,97.8,30,51.4,-0.239,0.079,0.323,1.572,0.844,1.318,3019,972,true,0
100560,2026-09-06 10:09:20.000 +0530,72.0,98.6,30,51.4,-0.245,0.041,0.508,1.664,0.786,1.207,2695,805,true,0
100561,2026-09-06 10:09:21.000 +0530,75.6,97.8,30,50.5,-0.164,0.109,0.229,2.176,1.317,0.332,2533,852,true,0
100562,2026-09-06 10:09:22.000 +0530,64.1,97.1,30,52.8,-0.229,0.015,0.337,2.391,0.87,1.015,3175,919,true,0
100563,2026-09-06 10:09:23.000 +0530,76.2,97.7,30,48.2,-0.303,0.119,0.363,1.496,0.577,1.371,2663,902,true,0
100564,2026-09-06 10:09:24.000 +0530,75.4,98.2,30,45.6,-0.356,0.105,0.304,1.726,0.099,0.72,2721,903,true,0
100565,2026-09-06 10:09:25.000 +0530,68.6,97.4,30,50.0,-0.209,-0.014,0.288,1.778,0.297,1.032,2492,848,true,0
100566,2026-09-06 10:09:26.000 +0530,70.0,97.2,30,50.8,-0.282,0.067,0.338,2.265,0.984,0.773,2493,914,true,0
100567,2026-09-06 10:09:27.000 +0530,78.3,97.8,30,50.2,-0.212,0.124,0.318,2.483,0.845,1.753,2570,981,true,0
100568,2026-09-06 10:09:28.000 +0530,78.0,97.4,30,51.8,-0.249,-0.092,0.41,0.963,0.64,0.379,2807,771,true,0
100569,2026-09-06 10:09:29.000 +0530,71.1,97.7,30,47.6,-0.163,0.114,0.321,1.772,-0.264,1.562,2659,945,true,0
100570,2026-09-06 10:09:30.000 +0530,74.9,98.0,30,49.3,-0.118,0.19,0.366,1.874,1.042,1.145,2633,876,true,0
100571,2026-09-06 10:09:31.000 +0530,74.6,98.4,30,52.1,-0.043,0.121,0.345,2.455,0.545,0.608,2563,804,true,0
100572,2026-09-06 10:09:32.000 +0530,78.8,97.8,30,51.6,-0.171,0.101,0.243,1.106,1.317,0.788,2782,909,true,0
100573,2026-09-06 10:09:33.000 +0530,67.1,97.3,30,49.9,-0.223,0.153,0.22,1.952,1.11,1.295,2650,933,true,0
100574,2026-09-06 10:09:34.000 +0530,77.1,97.6,30,52.3,-0.196,0.207,0.299,2.797,0.991,1.172,2705,834,true,0
100575,2026-09-06 10:09:35.000 +0530,72.5,97.8,30,48.5,-0.18,0.205,0.28,2.425,0.038,1.175,2747,836,true,0
100576,2026-09-06 10:09:36.000 +0530,76.8,98.1,30,50.8,-0.168,0.07,0.26,4.081,0.764,1.107,2715,797,true,0
100577,2026-09-06 10:09:37.000 +0530,67.2,97.2,30,51.6,-0.227,-0.02,0.284,1.917,0.268,1.306,2555,880,true,0
100578,2026-09-06 10:09:38.000 +0530,73.5,96.9,30,50.6,-0.377,0.053,0.323,1.172,0.822,1.422,2762,801,true,0
100579,2026-09-06 10:09:39.000 +0530,70.6,97.0,30,48.5,-0.178,0.136,0.42,2.166,0.61,0.432,3093,1055,true,0
100580,2026-09-06 10:09:40.000 +0530,73.5,98.2,30,49.8,-0.198,0.039,0.491,2.249,0.483,0.857,2744,789,true,0
100581,2026-09-06 10:09:41.000 +0530,76.4,98.0,30,51.3,-0.252,0.033,0.461,2.343,0.909,1.208,2684,823,true,0
100582,2026-09-06 10:09:42.000 +0530,83.0,97.9,30,50.4,-0.111,0.019,0.245,1.776,0.531,1.231,2762,792,true,0
100583,2026-09-06 10:09:43.000 +0530,70.3,97.3,30,50.4,-0.25,0.162,0.383,1.32,1.151,1.319,2735,874,true,0
100584,2026-09-06 10:09:44.000 +0530,83.7,98.4,30,50.9,-0.267,0.143,0.268,1.49,0.484,1.168,2511,901,true,0
100585,2026-09-06 10:09:45.000 +0530,63.2,98.4,30,50.9,-0.18,0.045,0.438,2.903,1.076,1.397,2759,873,true,0
100586,2026-09-06 10:09:46.000 +0530,75.3,98.6,30,45.7,-0.334,0.206,0.284,1.511,1.031,1.314,2801,910,true,0
100587,2026-09-06 10:09:47.000 +0530,63.4,99.1,30,52.7,-0.189,0.043,0.329,1.865,1.278,0.547,2771,1026,true,0
100588,2026-09-06 10:09:48.000 +0530,71.5,98.0,30,53.8,-0.291,0.125,0.193,1.31,0.778,0.61,2654,806,true,0
100589,2026-09-06 10:09:49.000 +0530,74.4,97.4,30,51.1,-0.352,0.124,0.285,3.278,0.516,0.691,2719,970,true,0
100590,2026-09-06 10:09:50.000 +0530,61.8,97.7,30,48.5,-0.298,-0.031,0.322,0.995,0.857,0.474,2614,887,true,0
100591,2026-09-06 10:09:51.000 +0530,71.0,97.9,30,48.8,-0.102,0.11,0.384,2.844,0.841,0.893,2804,883,true,0
100592,2026-09-06 10:09:52.000 +0530,82.7,98.1,30,53.7,-0.134,0.031,0.388,0.976,0.613,1.061,2725,888,true,0
100593,2026-09-06 10:09:53.000 +0530,69.2,98.2,30,49.2,-0.202,0.115,0.389,2.284,0.866,1.211,2830,932,true,0
100594,2026-09-06 10:09:54.000 +0530,71.5,98.2,30,49.4,-0.173,0.084,0.296,2.448,0.435,1.161,2461,993,true,0
100595,2026-09-06 10:09:55.000 +0530,76.4,98.2,30,47.9,-0.334,0.085,0.32,2.262,1.063,1.146,2527,944,true,0
100596,2026-09-06 10:09:56.000 +0530,71.0,98.2,30,49.5,-0.083,0.056,0.352,3.017,0.765,0.709,2637,916,true,0
100597,2026-09-06 10:09:57.000 +0530,71.8,97.7,30,50.2,-0.061,0.069,0.268,1.804,1.026,0.797,2901,900,true,0
100598,2026-09-06 10:09:58.000 +0530,76.0,97.6,30,50.5,-0.116,0.047,0.225,1.117,0.462,1.223,2539,831,true,0
100599,2026-09-06 10:09:59.000 +0530,72.5,98.0,30,48.0,-0.225,0.147,0.381,2.306,0.434,0.902,2475,940,true,0
100600,2026-09-06 10:10:00.000 +0530,78.2,97.9,30,48.9,-0.21,0.197,0.293,2.176,1.018,0.966,2464,924,true,0
100601,2026-09-06 10:10:01.000 +0530,81.6,98.1,30,50.4,-0.37,0.102,0.311,1.27,1.132,0.666,2718,813,true,0
100602,2026-09-06 10:10:02.000 +0530,75.7,97.3,30,50.8,-0.141,-0.011,0.315,1.341,0.952,0.394,2629,934,true,0
100603,2026-09-06 10:10:03.000 +0530,74.9,97.2,30,50.7,-0.12,0.05,0.353,2.157,0.547,1.774,2651,924,true,0
100604,2026-09-06 10:10:04.000 +0530,70.8,97.7,30,49.1,-0.276,0.083,0.317,3.702,0.636,0.769,2811,1022,true,0
100605,2026-09-06 10:10:05.000 +0530,66.0,98.6,30,49.6,-0.311,0.047,0.239,1.514,0.582,0.949,2746,919,true,0
100606,2026-09-06 10:10:06.000 +0530,73.6,98.6,30,53.0,-0.189,0.035,0.241,-0.234,0.549,0.596,2696,990,true,0
100607,2026-09-06 10:10:07.000 +0530,62.7,98.3,30,46.8,-0.021,0.133,0.112,3.073,0.62,1.522,2533,914,true,0
100608,2026-09-06 10:10:08.000 +0530,74.6,97.0,30,52.1,-0.277,0.117,0.403,2.017,1.097,1.224,2991,918,true,0
100609,2026-09-06 10:10:09.000 +0530,79.2,97.9,30,51.2,-0.165,0.132,0.325,1.743,0.069,1.08,2489,846,true,0
100610,2026-09-06 10:10:10.000 +0530,72.1,98.3,30,51.5,-0.214,0.1,0.279,3.231,1.268,0.79,2476,819,true,0
100611,2026-09-06 10:10:11.000 +0530,69.4,97.5,30,50.9,-0.132,0.093,0.367,1.76,1.246,1.564,2558,921,true,0
100612,2026-09-06 10:10:12.000 +0530,72.7,97.9,30,48.2,-0.222,0.146,0.46,2.757,0.75,1.471,2686,891,true,0
100613,2026-09-06 10:10:13.000 +0530,67.4,98.6,30,48.6,-0.301,0.219,0.368,1.139,0.592,1.202,2893,957,true,0
100614,2026-09-06 10:10:14.000 +0530,82.0,98.4,30,53.0,-0.24,0.039,0.237,2.612,0.454,1.089,2719,876,true,0
100615,2026-09-06 10:10:15.000 +0530,72.0,98.5,30,49.7,-0.262,0.215,0.357,1.554,0.584,1.299,2684,907,true,0
100616,2026-09-06 10:10:16.000 +0530,67.6,97.6,30,51.4,-0.119,-0.039,0.303,2.248,0.935,1.729,2736,838,true,0
100617,2026-09-06 10:10:17.000 +0530,70.2,97.3,30,50.2,-0.251,0.16,0.458,1.745,0.518,1.102,2395,935,true,0
100618,2026-09-06 10:10:18.000 +0530,77.4,98.1,30,50.6,-0.186,0.177,0.359,3.3,1.0,0.908,2692,853,true,0
100619,2026-09-06 10:10:19.000 +0530,80.1,99.4,30,51.1,-0.161,0.086,0.337,2.509,0.188,0.694,2743,905,true,0
100620,2026-09-06 10:10:20.000 +0530,75.0,98.3,30,48.4,-0.254,0.155,0.357,2.15,1.124,0.358,2968,914,true,0
100621,2026-09-06 10:10:21.000 +0530,67.6,98.6,30,53.6,-0.22,0.129,0.393,0.905,1.597,0.652,3072,898,true,0
100622,2026-09-06 10:10:22.000 +0530,75.3,97.9,30,54.1,-0.185,0.036,0.294,2.537,-0.079,0.437,2702,922,true,0
100623,2026-09-06 10:10:23.000 +0530,71.6,97.8,30,49.8,-0.212,0.1,0.396,0.441,1.248,0.261,2793,868,true,0
100624,2026-09-06 10:10:24.000 +0530,78.9,98.3,30,49.9,-0.333,0.074,0.292,1.246,0.309,1.003,2624,961,true,0
100625,2026-09-06 10:10:25.000 +0530,71.3,97.3,30,50.6,-0.347,0.172,0.331,1.89,0.745,1.231,2818,847,true,0
100626,2026-09-06 10:10:26.000 +0530,70.4,99.0,30,48.5,-0.271,0.143,0.372,2.25,0.394,1.111,2526,861,true,0
100627,2026-09-06 10:10:27.000 +0530,70.2,97.6,30,51.0,-0.177,0.022,0.313,2.339,0.751,1.501,2653,922,true,0
100628,2026-09-06 10:10:28.000 +0530,77.3,97.5,30,47.8,-0.167,0.066,0.37,2.097,0.771,1.22,2627,952,true,0
100629,2026-09-06 10:10:29.000 +0530,77.0,97.3,30,53.6,0.087,0.077,0.352,0.687,0.739,0.976,2598,1024,true,0
100630,2026-09-06 10:10:30.000 +0530,75.1,97.5,30,52.0,-0.251,0.014,0.215,1.893,0.908,1.284,2743,1015,true,0
100631,2026-09-06 10:10:31.000 +0530,68.1,98.1,30,47.3,-0.215,0.003,0.368,1.331,0.928,1.555,2660,855,true,0
100632,2026-09-06 10:10:32.000 +0530,67.9,98.2,30,52.4,-0.067,0.201,0.496,2.089,0.861,0.725,2461,952,true,0
100633,2026-09-06 10:10:33.000 +0530,66.9,98.5,30,50.1,-0.061,0.098,0.391,1.783,1.0,0.908,2532,831,true,0
100634,2026-09-06 10:10:34.000 +0530,66.2,97.4,30,50.4,-0.276,0.135,0.364,2.355,0.352,0.838,2763,881,true,0
100635,2026-09-06 10:10:35.000 +0530,79.0,98.4,30,51.2,-0.251,0.083,0.536,2.869,0.646,1.249,2663,878,true,0
100636,2026-09-06 10:10:36.000 +0530,79.7,98.2,30,54.0,-0.24,0.102,0.426,2.636,0.569,1.018,3046,861,true,0
100637,2026-09-06 10:10:37.000 +0530,76.3,98.2,30,51.8,-0.307,0.095,0.449,1.603,0.168,0.992,2696,908,true,0
100638,2026-09-06 10:10:38.000 +0530,75.1,98.1,30,52.7,-0.373,0.055,0.414,1.389,0.192,0.737,2612,1040,true,0
100639,2026-09-06 10:10:39.000 +0530,66.5,98.2,30,48.9,-0.311,-0.003,0.377,2.54,1.16,0.665,2318,940,true,0
100640,2026-09-06 10:10:40.000 +0530,76.6,98.6,30,53.5,-0.19,0.221,0.333,3.113,0.497,1.753,2608,794,true,0
100641,2026-09-06 10:10:41.000 +0530,75.2,98.6,30,50.4,-0.168,0.079,0.458,2.838,0.524,1.34,2696,983,true,0
100642,2026-09-06 10:10:42.000 +0530,72.1,98.0,30,47.4,-0.297,0.159,0.4,1.367,0.872,1.012,2839,869,true,0
100643,2026-09-06 10:10:43.000 +0530,74.0,97.4,30,51.6,-0.191,0.251,0.444,3.144,0.816,0.82,2782,904,true,0
100644,2026-09-06 10:10:44.000 +0530,72.3,98.6,30,51.1,-0.19,-0.025,0.393,2.619,0.719,1.091,2643,856,true,0
100645,2026-09-06 10:10:45.000 +0530,70.9,97.1,30,47.9,-0.236,-0.066,0.297,2.436,0.732,1.011,2743,782,true,0
100646,2026-09-06 10:10:46.000 +0530,78.4,97.8,30,51.4,-0.412,0.18,0.323,2.446,0.58,0.784,2937,816,true,0
100647,2026-09-06 10:10:47.000 +0530,75.5,97.7,30,52.3,-0.144,0.119,0.302,1.803,0.816,1.421,2785,887,true,0
100648,2026-09-06 10:10:48.000 +0530,75.1,98.5,30,52.3,-0.232,0.144,0.321,2.076,0.902,0.535,2654,919,true,0
100649,2026-09-06 10:10:49.000 +0530,74.8,98.4,30,47.2,-0.12,0.132,0.506,1.907,1.119,1.779,2289,784,true,0
100650,2026-09-06 10:10:50.000 +0530,106.0,94.1,30,50.0,-0.37,2.956,3.492,3.72,3.861,3.937,2696,1133,true,1
100651,2026-09-06 10:10:51.000 +0530,124.4,95.7,30,51.3,2.061,-0.203,1.156,2.222,-2.608,-1.167,2983,906,true,1
100652,2026-09-06 10:10:52.000 +0530,106.1,94.5,30,48.9,-1.567,-2.344,-2.047,-4.931,-0.515,-2.974,3024,949,true,1
100653,2026-09-06 10:10:53.000 +0530,126.4,93.7,30,53.5,-0.776,1.486,2.221,0.298,2.805,3.007,2864,961,true,1
100654,2026-09-06 10:10:54.000 +0530,122.8,94.4,30,46.0,2.065,0.886,2.33,5.45,-0.927,1.597,3401,873,true,1
100655,2026-09-06 10:10:55.000 +0530,109.0,93.6,30,50.7,0.479,-2.448,-1.415,-2.467,-3.717,-5.42,2833,906,true,1
100656,2026-09-06 10:10:56.000 +0530,136.8,94.8,30,48.3,-2.233,0.967,0.351,-5.19,2.976,1.76,2952,1077,true,1
100657,2026-09-06 10:10:57.000 +0530,147.0,95.4,30,55.5,1.589,2.497,3.786,2.212,-0.049,3.908,2949,980,true,1
100658,2026-09-06 10:10:58.000 +0530,113.3,94.5,30,47.9,1.418,-1.586,-0.099,-0.134,-3.596,-3.652,2956,936,true,1
100659,2026-09-06 10:10:59.000 +0530,137.4,95.0,30,52.4,-2.678,-0.74,-0.538,-4.852,3.788,-1.641,2707,1070,true,1
100660,2026-09-06 10:11:00.000 +0530,118.1,93.8,30,50.5,-0.114,2.054,3.894,3.437,3.686,3.396,2606,1082,true,1
100661,2026-09-06 10:11:01.000 +0530,157.0,94.3,30,51.2,2.026,-0.968,1.028,3.165,-6.121,0.049,3202,810,true,1
100662,2026-09-06 10:11:02.000 +0530,129.8,97.1,30,51.6,-1.36,-2.228,-1.647,-4.354,-1.026,-4.028,2790,943,true,1
100663,2026-09-06 10:11:03.000 +0530,111.1,94.7,30,54.4,-1.521,1.911,2.125,-2.533,5.985,2.353,2554,1091,true,1
100664,2026-09-06 10:11:04.000 +0530,138.8,96.0,30,48.5,2.953,1.102,3.323,2.937,-2.153,1.475,3266,751,true,1
100665,2026-09-06 10:11:05.000 +0530,120.3,94.2,30,47.3,-0.386,-2.972,-1.928,-2.731,-4.047,-5.539,2564,1264,true,1
100666,2026-09-06 10:11:06.000 +0530,98.1,97.3,30,48.3,-2.486,0.368,1.503,-2.783,4.538,2.007,2577,816,true,1
100667,2026-09-06 10:11:07.000 +0530,118.1,95.7,30,53.1,1.78,2.331,2.72,3.643,1.562,2.121,3110,1097,true,1
100668,2026-09-06 10:11:08.000 +0530,142.3,95.3,30,53.8,1.844,-2.61,0.482,2.174,-4.293,-2.765,2277,834,true,1
100669,2026-09-06 10:11:09.000 +0530,137.1,96.1,30,50.9,-2.412,-1.273,-0.908,-3.477,1.761,-1.128,2698,876,true,1
100670,2026-09-06 10:11:10.000 +0530,103.6,95.1,30,49.8,0.524,1.551,3.015,4.077,4.4,4.148,2536,989,true,1
100671,2026-09-06 10:11:11.000 +0530,139.1,95.4,30,49.5,2.04,-0.437,1.35,4.523,-3.88,-1.178,2637,1075,true,1
100672,2026-09-06 10:11:12.000 +0530,128.8,96.3,30,50.5,-2.13,-2.224,-2.036,-4.076,-0.327,-4.06,3174,762,true,1
100673,2026-09-06 10:11:13.000 +0530,129.1,96.4,30,51.4,-1.556,1.53,2.81,0.057,5.978,3.017,2585,825,true,1
100674,2026-09-06 10:11:14.000 +0530,102.4,97.3,30,55.7,2.359,1.073,2.603,6.908,-2.08,1.641,2761,1013,true,1
100675,2026-09-06 10:11:15.000 +0530,105.6,94.4,30,48.9,0.328,-2.154,-1.224,-1.038,-1.928,-4.236,2716,988,true,1
100676,2026-09-06 10:11:16.000 +0530,148.1,94.8,30,51.4,-2.235,1.798,0.966,-4.559,3.868,2.007,2937,901,true,1
100677,2026-09-06 10:11:17.000 +0530,95,95.2,30,51.5,2.094,1.379,3.037,5.066,0.501,2.26,3157,880,true,1
100678,2026-09-06 10:11:18.000 +0530,125.7,95.9,30,48.8,1.122,-2.358,0.138,0.31,-3.536,-3.884,3016,878,true,1
100679,2026-09-06 10:11:19.000 +0530,126.5,95.3,30,51.9,-2.03,-1.101,-0.267,-4.079,3.412,-2.088,2499,1012,true,1
100680,2026-09-06 10:11:20.000 +0530,117.0,96.0,30,49.4,0.102,2.668,3.146,2.443,2.739,3.394,2702,1008,true,1
100681,2026-09-06 10:11:21.000 +0530,74.9,97.8,30,52.0,-0.161,0.136,0.281,2.304,0.86,0.831,2719,919,true,0
100682,2026-09-06 10:11:22.000 +0530,67.5,98.5,30,49.9,-0.171,0.156,0.318,1.458,0.311,1.21,2788,795,true,0
100683,2026-09-06 10:11:23.000 +0530,70.1,98.8,30,48.9,-0.063,0.018,0.32,2.248,0.756,1.045,2819,968,true,0
100684,2026-09-06 10:11:24.000 +0530,74.4,97.6,30,48.9,-0.071,0.063,0.289,2.265,0.11,1.052,2701,940,true,0
100685,2026-09-06 10:11:25.000 +0530,70.2,98.0,30,46.6,-0.14,0.078,0.373,1.519,0.528,0.386,2636,821,true,0
100686,2026-09-06 10:11:26.000 +0530,80.6,99.4,30,49.0,-0.194,0.117,0.587,2.582,1.033,0.841,2642,880,true,0
100687,2026-09-06 10:11:27.000 +0530,78.9,98.2,30,53.2,-0.192,0.143,0.255,2.125,0.516,0.766,2682,956,true,0
100688,2026-09-06 10:11:28.000 +0530,70.9,98.4,30,51.1,-0.175,0.086,0.348,1.448,-0.054,1.134,2793,926,true,0
100689,2026-09-06 10:11:29.000 +0530,78.5,97.8,30,51.4,-0.099,0.088,0.396,1.453,0.682,0.669,2740,816,true,0
100690,2026-09-06 10:11:30.000 +0530,69.0,98.5,30,52.5,-0.168,0.056,0.348,1.595,0.039,0.601,2634,862,true,0
100691,2026-09-06 10:11:31.000 +0530,70.8,96.9,30,51.7,-0.271,0.174,0.404,1.965,0.681,0.897,2782,983,true,0
100692,2026-09-06 10:11:32.000 +0530,73.8,99.0,30,47.1,-0.032,0.057,0.229,2.404,0.811,0.93,2336,979,true,0
100693,2026-09-06 10:11:33.000 +0530,72.9,98.0,30,48.7,-0.183,0.095,0.22,1.425,0.501,0.46,2481,964,true,0
100694,2026-09-06 10:11:34.000 +0530,83.1,97.0,30,53.4,-0.304,0.161,0.298,2.372,0.783,1.189,2756,1006,true,0
100695,2026-09-06 10:11:35.000 +0530,80.4,97.4,30,51.4,-0.267,0.071,0.373,3.234,0.497,0.931,2827,915,true,0
100696,2026-09-06 10:11:36.000 +0530,76.7,98.1,30,47.5,-0.218,0.203,0.312,1.528,0.893,0.612,2866,901,true,0
100697,2026-09-06 10:11:37.000 +0530,70.2,97.7,30,52.1,-0.322,0.046,0.258,2.599,0.646,1.107,2835,781,true,0
100698,2026-09-06 10:11:38.000 +0530,76.5,99.3,30,55.3,-0.416,0.035,0.375,0.629,1.154,1.359,2507,969,true,0
100699,2026-09-06 10:11:39.000 +0530,78.9,97.5,30,49.4,-0.188,0.134,0.223,1.287,0.704,0.796,2733,1012,true,0
100700,2026-09-06 10:11:40.000 +0530,66.7,98.8,30,51.2,-0.137,0.208,0.385,2.861,0.635,0.499,2806,906,true,0
100701,2026-09-06 10:11:41.000 +0530,76.2,98.4,30,50.1,-0.146,0.103,0.529,0.853,1.046,1.252,2652,774,true,0
100702,2026-09-06 10:11:42.000 +0530,70.1,97.7,30,51.0,-0.19,-0.02,0.408,2.164,0.868,1.097,2679,892,true,0
100703,2026-09-06 10:11:43.000 +0530,86.3,97.7,30,52.6,-0.266,0.173,0.377,2.875,0.35,0.854,2784,954,true,0
100704,2026-09-06 10:11:44.000 +0530,75.0,98.1,30,47.9,-0.093,0.171,0.404,2.404,0.036,0.952,2950,1020,true,0
100705,2026-09-06 10:11:45.000 +0530,79.2,98.1,30,52.9,-0.175,0.222,0.226,3.101,0.775,0.847,2742,930,true,0
100706,2026-09-06 10:11:46.000 +0530,84.0,98.7,30,52.7,-0.067,0.187,0.499,1.18,0.526,0.866,2461,882,true,0
100707,2026-09-06 10:11:47.000 +0530,72.8,97.7,30,49.1,-0.17,0.021,0.492,3.082,0.272,0.308,2806,798,true,0
100708,2026-09-06 10:11:48.000 +0530,74.3,98.0,30,50.1,-0.239,0.029,0.251,2.811,0.788,0.611,2916,938,true,0
100709,2026-09-06 10:11:49.000 +0530,77.9,97.9,30,54.0,-0.167,0.143,0.315,2.762,0.574,0.661,2744,839,true,0
100710,2026-09-06 10:11:50.000 +0530,76.3,97.3,30,52.6,-0.299,0.082,0.205,1.699,0.354,1.306,2492,943,true,0
100711,2026-09-06 10:11:51.000 +0530,71.1,97.2,30,49.1,0.055,0.084,0.452,2.11,1.461,0.793,2855,924,true,0
100712,2026-09-06 10:11:52.000 +0530,79.8,97.2,30,49.0,-0.103,0.188,0.524,1.689,0.731,1.656,2792,913,true,0
100713,2026-09-06 10:11:53.000 +0530,81.6,97.8,30,50.9,-0.125,0.065,0.315,0.875,1.297,1.298,2731,887,true,0
100714,2026-09-06 10:11:54.000 +0530,72.7,98.2,30,51.8,-0.182,0.043,0.404,3.203,0.694,0.458,2643,969,true,0
100715,2026-09-06 10:11:55.000 +0530,69.5,98.7,30,49.0,-0.108,0.2,0.481,2.267,0.648,0.999,2835,808,true,0
100716,2026-09-06 10:11:56.000 +0530,78.5,97.6,30,46.6,-0.326,0.079,0.309,2.216,1.119,0.929,2792,895,true,0
100717,2026-09-06 10:11:57.000 +0530,75.6,98.7,30,51.8,-0.203,-0.01,0.43,0.765,0.403,1.06,2488,798,true,0
100718,2026-09-06 10:11:58.000 +0530,78.6,98.8,30,49.5,-0.175,0.098,0.227,1.065,0.981,1.05,2636,893,true,0
100719,2026-09-06 10:11:59.000 +0530,67.1,97.5,30,52.9,-0.213,0.066,0.324,4.177,0.286,0.821,2714,879,true,0
100720,2026-09-06 10:12:00.000 +0530,69.3,99.1,30,50.6,-0.216,0.149,0.395,3.256,0.556,0.066,2676,870,true,0
100721,2026-09-06 10:12:01.000 +0530,67.1,98.5,30,52.7,-0.138,0.155,0.272,2.717,0.873,0.768,2816,964,true,0
100722,2026-09-06 10:12:02.000 +0530,75.7,97.9,30,46.5,-0.159,-0.015,0.356,1.529,1.111,0.905,2665,799,true,0
100723,2026-09-06 10:12:03.000 +0530,78.1,97.8,30,48.8,-0.301,0.186,0.197,2.708,0.752,0.657,2763,993,true,0
100724,2026-09-06 10:12:04.000 +0530,76.6,98.1,30,48.9,-0.185,0.043,0.419,1.268,1.299,0.882,2768,916,true,0
100725,2026-09-06 10:12:05.000 +0530,69.5,99.1,30,51.9,-0.223,0.103,0.409,3.242,0.68,1.396,2686,1043,true,0
100726,2026-09-06 10:12:06.000 +0530,72.4,97.8,30,52.4,-0.047,0.114,0.222,2.92,0.86,0.909,2467,1000,true,0
100727,2026-09-06 10:12:07.000 +0530,78.6,97.9,30,48.4,-0.213,0.222,0.304,0.985,0.344,0.548,2711,1030,true,0
100728,2026-09-06 10:12:08.000 +0530,83.8,98.0,30,51.7,-0.225,0.096,0.282,2.576,1.026,1.217,2458,783,true,0
100729,2026-09-06 10:12:09.000 +0530,71.9,98.0,30,46.1,-0.079,0.024,0.372,2.679,0.218,2.072,2421,909,true,0
100730,2026-09-06 10:12:10.000 +0530,70.0,98.1,30,50.8,-0.312,0.099,0.341,2.183,0.424,0.797,2857,874,true,0
100731,2026-09-06 10:12:11.000 +0530,68.9,98.2,30,51.9,-0.084,0.049,0.336,3.128,0.815,1.066,2575,933,true,0
100732,2026-09-06 10:12:12.000 +0530,71.6,97.0,30,50.1,-0.209,0.212,0.494,2.945,0.38,1.49,2785,956,true,0
100733,2026-09-06 10:12:13.000 +0530,69.0,98.3,30,49.4,-0.225,0.018,0.322,1.256,1.311,1.038,2641,884,true,0
100734,2026-09-06 10:12:14.000 +0530,70.6,97.4,30,55.8,-0.078,0.037,0.344,1.304,0.927,1.314,2916,1012,true,0
100735,2026-09-06 10:12:15.000 +0530,84.0,98.9,30,51.9,-0.112,0.082,0.371,1.64,-0.178,1.289,2803,928,true,0
100736,2026-09-06 10:12:16.000 +0530,79.2,97.9,30,50.2,-0.253,0.125,0.554,1.37,0.647,0.972,2713,888,true,0
100737,2026-09-06 10:12:17.000 +0530,78.7,97.6,30,48.3,-0.252,0.018,0.287,2.398,0.289,0.888,2708,866,true,0
100738,2026-09-06 10:12:18.000 +0530,76.4,98.5,30,53.0,-0.276,0.062,0.419,0.99,0.436,1.109,2402,791,true,0
100739,2026-09-06 10:12:19.000 +0530,84.2,96.7,30,49.7,-0.265,0.002,0.27,2.496,0.709,0.199,2858,944,true,0
100740,2026-09-06 10:12:20.000 +0530,72.9,97.9,30,52.6,-0.185,0.156,0.311,2.359,0.523,1.034,3091,869,true,0
100741,2026-09-06 10:12:21.000 +0530,66.1,98.5,30,47.4,-0.123,0.083,0.361,2.645,0.9,0.812,2869,794,true,0
100742,2026-09-06 10:12:22.000 +0530,70.8,98.2,30,49.3,-0.154,0.084,0.246,3.046,0.902,0.571,2468,1052,true,0
100743,2026-09-06 10:12:23.000 +0530,77.7,98.0,30,50.3,-0.293,-0.024,0.383,1.004,1.043,1.36,2810,894,true,0
100744,2026-09-06 10:12:24.000 +0530,79.0,97.7,30,50.9,-0.17,0.001,0.255,0.97,0.971,0.59,2685,989,true,0
100745,2026-09-06 10:12:25.000 +0530,77.2,97.9,30,51.7,-0.274,0.012,0.474,2.218,0.824,0.932,2481,978,true,0
100746,2026-09-06 10:12:26.000 +0530,77.7,98.4,30,49.2,-0.189,0.229,0.321,2.948,0.718,1.609,2769,783,true,0
100747,2026-09-06 10:12:27.000 +0530,71.8,97.7,30,49.4,-0.268,0.01,0.421,2.537,0.563,0.906,2623,1045,true,0
100748,2026-09-06 10:12:28.000 +0530,78.9,98.3,30,53.5,-0.272,0.132,0.381,2.043,0.835,0.965,2633,837,true,0
100749,2026-09-06 10:12:29.000 +0530,69.7,99.0,30,49.4,-0.15,0.083,0.25,1.552,1.637,1.188,2907,897,true,0
100750,2026-09-06 10:12:30.000 +0530,69.3,97.6,30,53.3,-0.153,0.06,0.367,2.032,0.499,0.985,2760,874,true,0
100751,2026-09-06 10:12:31.000 +0530,74.9,98.4,30,53.7,-0.141,0.06,0.153,2.229,0.443,1.361,2618,1011,true,0
100752,2026-09-06 10:12:32.000 +0530,68.0,98.0,30,51.3,-0.143,0.174,0.399,1.577,0.338,1.289,2716,840,true,0
100753,2026-09-06 10:12:33.000 +0530,77.4,96.8,30,50.9,-0.318,0.134,0.395,0.977,0.41,0.769,2541,872,true,0
100754,2026-09-06 10:12:34.000 +0530,72.8,97.9,30,51.0,-0.306,0.073,0.31,3.442,0.145,0.283,2673,914,true,0
100755,2026-09-06 10:12:35.000 +0530,75.9,98.4,30,48.7,-0.095,0.125,0.254,3.002,0.92,1.213,2860,904,true,0
100756,2026-09-06 10:12:36.000 +0530,65.3,98.2,30,49.0,-0.282,0.143,0.313,1.936,0.616,1.472,2965,807,true,0
100757,2026-09-06 10:12:37.000 +0530,83.4,98.5,30,52.1,-0.229,0.136,0.397,3.363,-0.365,1.009,2618,917,true,0
100758,2026-09-06 10:12:38.000 +0530,76.1,98.4,30,52.3,-0.225,0.178,0.497,0.131,0.943,0.849,2800,840,true,0
100759,2026-09-06 10:12:39.000 +0530,82.9,97.3,30,51.2,-0.168,0.093,0.392,0.787,0.61,1.579,2514,952,true,0
100760,2026-09-06 10:12:40.000 +0530,71.3,98.6,30,52.5,-0.349,0.118,0.39,1.917,0.359,1.346,2755,904,true,0
100761,2026-09-06 10:12:41.000 +0530,76.4,98.0,30,53.3,-0.245,0.097,0.412,3.609,0.186,1.555,3119,889,true,0
100762,2026-09-06 10:12:42.000 +0530,76.6,97.7,30,49.6,-0.17,0.071,0.297,2.968,0.806,0.743,2747,933,true,0
100763,2026-09-06 10:12:43.000 +0530,71.5,98.1,30,48.0,-0.042,-0.038,0.276,2.451,1.008,1.298,2466,852,true,0
100764,2026-09-06 10:12:44.000 +0530,78.4,97.9,30,49.1,-0.206,0.138,0.439,2.508,1.058,0.632,2689,853,true,0
100765,2026-09-06 10:12:45.000 +0530,85.8,98.6,30,50.7,-0.169,0.206,0.364,2.348,0.82,1.452,2349,876,true,0
100766,2026-09-06 10:12:46.000 +0530,74.3,97.6,30,50.9,-0.377,0.076,0.365,2.746,1.396,0.89,2388,890,true,0
100767,2026-09-06 10:12:47.000 +0530,75.5,98.4,30,52.0,-0.121,0.006,0.448,3.306,0.692,0.74,2791,872,true,0
100768,2026-09-06 10:12:48.000 +0530,81.2,98.1,30,51.0,-0.17,0.067,0.308,2.191,0.283,0.994,2836,918,true,0
100769,2026-09-06 10:12:49.000 +0530,79.9,98.4,30,48.5,-0.222,0.148,0.268,1.453,0.327,1.015,2591,808,true,0
100770,2026-09-06 10:12:50.000 +0530,77.4,97.9,30,50.7,-0.203,0.106,0.396,2.34,0.296,0.619,2635,920,true,0
100771,2026-09-06 10:12:51.000 +0530,73.0,97.0,30,51.9,-0.184,0.017,0.325,3.047,0.684,0.845,2421,898,true,0
100772,2026-09-06 10:12:52.000 +0530,69.8,98.1,30,49.7,-0.212,0.104,0.416,3.585,0.735,1.044,2540,910,true,0
100773,2026-09-06 10:12:53.000 +0530,75.7,98.4,30,51.9,-0.135,0.005,0.454,1.799,0.437,1.019,2957,982,true,0
100774,2026-09-06 10:12:54.000 +0530,60.1,97.4,30,48.4,-0.178,0.114,0.407,2.379,0.667,0.617,2648,689,true,0
100775,2026-09-06 10:12:55.000 +0530,73.7,98.6,30,50.8,-0.276,0.168,0.457,1.129,1.17,0.409,2627,881,true,0
100776,2026-09-06 10:12:56.000 +0530,70.8,97.3,30,51.3,-0.127,-0.001,0.409,2.73,0.72,1.575,2867,889,true,0
100777,2026-09-06 10:12:57.000 +0530,73.9,97.7,30,49.7,-0.04,0.049,0.276,0.455,-0.138,1.276,2561,891,true,0
100778,2026-09-06 10:12:58.000 +0530,69.5,97.1,30,51.9,-0.131,0.078,0.444,2.248,0.433,1.401,2519,931,true,0
100779,2026-09-06 10:12:59.000 +0530,82.7,97.8,30,55.7,-0.322,0.081,0.305,2.096,1.179,0.898,2621,849,true,0
100780,2026-09-06 10:13:00.000 +0530,71.9,98.9,30,50.6,-0.222,0.172,0.415,2.224,0.234,1.218,2837,900,true,0
100781,2026-09-06 10:13:01.000 +0530,71.6,98.3,30,48.3,-0.195,0.04,0.405,2.327,0.932,0.994,2636,885,true,0
100782,2026-09-06 10:13:02.000 +0530,75.1,98.6,30,53.4,-0.255,0.024,0.386,1.925,0.679,1.296,2614,984,true,0
100783,2026-09-06 10:13:03.000 +0530,72.1,97.6,30,49.1,-0.187,0.116,0.286,1.774,1.089,1.232,2543,837,true,0
100784,2026-09-06 10:13:04.000 +0530,66.7,98.7,30,51.0,-0.265,0.102,0.466,1.497,0.338,1.073,2538,934,true,0
100785,2026-09-06 10:13:05.000 +0530,80.3,98.1,30,50.0,-0.196,-0.017,0.331,2.564,0.518,0.986,2476,876,true,0
100786,2026-09-06 10:13:06.000 +0530,71.7,98.8,30,51.8,-0.055,0.085,0.413,1.371,0.811,1.039,2825,811,true,0
100787,2026-09-06 10:13:07.000 +0530,72.9,98.2,30,52.8,-0.214,0.102,0.343,0.804,0.692,0.885,2728,938,true,0
100788,2026-09-06 10:13:08.000 +0530,73.6,97.4,30,53.5,-0.159,0.033,0.26,4.233,1.103,1.016,2666,868,true,0
100789,2026-09-06 10:13:09.000 +0530,80.8,98.0,30,51.2,-0.174,0.156,0.393,1.248,0.868,1.061,2277,1013,true,0
100790,2026-09-06 10:13:10.000 +0530,78.1,97.1,30,49.5,-0.266,-0.046,0.287,1.428,0.553,0.831,2810,807,true,0
100791,2026-09-06 10:13:11.000 +0530,77.9,98.7,30,49.9,-0.23,0.181,0.44,1.763,0.528,0.697,2672,868,true,0
100792,2026-09-06 10:13:12.000 +0530,69.4,98.3,30,50.9,-0.211,0.076,0.313,3.089,1.081,0.697,3078,940,true,0
100793,2026-09-06 10:13:13.000 +0530,79.5,97.9,30,49.0,-0.125,0.072,0.408,1.255,0.381,1.446,2650,916,true,0
100794,2026-09-06 10:13:14.000 +0530,71.4,97.6,30,48.8,-0.231,-0.04,0.326,3.335,0.586,1.331,2924,849,true,0
100795,2026-09-06 10:13:15.000 +0530,70.0,98.4,30,48.3,-0.076,0.027,0.308,1.933,0.309,1.779,2556,979,true,0
100796,2026-09-06 10:13:16.000 +0530,72.8,98.1,30,49.6,-0.169,0.099,0.433,1.635,0.761,0.014,2805,794,true,0
100797,2026-09-06 10:13:17.000 +0530,74.9,99.1,30,54.3,-0.197,0.007,0.451,2.433,1.21,1.447,2974,953,true,0
100798,2026-09-06 10:13:18.000 +0530,66.5,97.4,30,49.7,-0.225,0.015,0.454,1.927,0.783,1.254,2563,922,true,0
100799,2026-09-06 10:13:19.000 +0530,74.9,98.3,30,47.2,-0.163,0.166,0.268,1.138,0.884,1.611,2833,859,true,0
100800,2026-09-06 10:13:20.000 +0530,68.7,98.3,30,51.1,-0.222,-0.073,0.291,1.27,0.925,0.605,2535,911,true,0
100801,2026-09-06 10:13:21.000 +0530,69.3,97.6,30,51.1,-0.27,0.11,0.379,2.139,0.76,0.712,2796,934,true,0
100802,2026-09-06 10:13:22.000 +0530,70.4,97.7,30,55.2,-0.146,0.055,0.341,1.713,1.335,0.336,2910,941,true,0
100803,2026-09-06 10:13:23.000 +0530,81.0,97.1,30,50.5,-0.084,0.118,0.419,2.579,0.937,0.864,2861,912,true,0
100804,2026-09-06 10:13:24.000 +0530,73.7,98.5,30,49.5,-0.325,0.047,0.455,1.459,0.885,0.822,3093,975,true,0
100805,2026-09-06 10:13:25.000 +0530,80.4,97.6,30,50.0,-0.006,0.06,0.26,1.363,1.088,1.215,2835,882,true,0
100806,2026-09-06 10:13:26.000 +0530,75.3,98.0,30,50.4,-0.262,0.105,0.475,0.273,0.817,1.016,2749,774,true,0
100807,2026-09-06 10:13:27.000 +0530,64.3,97.8,30,47.6,-0.225,0.073,0.362,0.772,0.366,1.158,2825,957,true,0
100808,2026-09-06 10:13:28.000 +0530,85.4,97.1,30,51.5,-0.225,0.089,0.362,3.059,0.783,1.575,2944,820,true,0
100809,2026-09-06 10:13:29.000 +0530,60.0,97.4,30,50.8,-0.188,0.054,0.385,2.361,1.013,1.088,2624,857,true,0
100810,2026-09-06 10:13:30.000 +0530,72.2,98.7,30,50.7,-0.146,0.105,0.26,1.747,0.669,0.673,2809,875,true,0
100811,2026-09-06 10:13:31.000 +0530,71.3,96.8,30,48.9,-0.256,0.01,0.336,3.23,0.583,0.997,2928,836,true,0
100812,2026-09-06 10:13:32.000 +0530,71.1,97.7,30,51.6,-0.143,0.072,0.347,1.45,0.252,1.463,3012,1050,true,0
100813,2026-09-06 10:13:33.000 +0530,71.7,97.3,30,50.8,-0.221,0.08,0.336,2.776,0.769,0.87,2655,994,true,0
100814,2026-09-06 10:13:34.000 +0530,64.0,98.0,30,50.9,-0.186,0.123,0.326,2.11,0.552,1.411,2676,913,true,0
100815,2026-09-06 10:13:35.000 +0530,65.8,97.3,30,48.5,-0.16,-0.007,0.353,1.27,0.878,0.672,2439,950,true,0
100816,2026-09-06 10:13:36.000 +0530,73.8,97.8,30,51.8,-0.222,-0.024,0.469,0.535,0.256,1.104,2502,865,true,0
100817,2026-09-06 10:13:37.000 +0530,76.6,98.4,30,46.0,-0.191,0.089,0.41,0.13,0.928,1.136,2543,883,true,0
100818,2026-09-06 10:13:38.000 +0530,68.5,98.4,30,52.8,-0.17,-0.045,0.318,1.741,0.42,0.872,2690,944,true,0
100819,2026-09-06 10:13:39.000 +0530,68.8,98.1,30,51.6,-0.353,0.097,0.356,2.272,0.961,0.894,2580,861,true,0
100820,2026-09-06 10:13:40.000 +0530,76.9,98.1,30,48.9,-0.172,0.053,0.319,1.671,0.618,0.925,2738,913,true,0
100821,2026-09-06 10:13:41.000 +0530,70.0,97.1,30,50.3,-0.206,0.056,0.336,1.396,0.675,1.527,2805,849,true,0
100822,2026-09-06 10:13:42.000 +0530,72.7,97.3,30,51.2,-0.29,0.109,0.356,2.708,0.25,1.471,2477,951,true,0
100823,2026-09-06 10:13:43.000 +0530,76.0,97.8,30,53.7,-0.242,0.142,0.298,1.263,1.181,0.919,2729,918,true,0
100824,2026-09-06 10:13:44.000 +0530,84.0,97.5,30,51.0,-0.166,0.002,0.368,1.065,0.42,0.843,2774,1029,true,0
100825,2026-09-06 10:13:45.000 +0530,81.9,98.2,30,55.3,-0.172,0.093,0.402,1.775,0.243,0.99,2521,878,true,0
100826,2026-09-06 10:13:46.000 +0530,73.0,97.0,30,50.4,-0.296,0.095,0.291,2.229,0.85,0.75,2705,952,true,0
100827,2026-09-06 10:13:47.000 +0530,74.5,97.5,30,51.5,-0.156,0.114,0.332,0.361,0.489,1.249,2301,894,true,0
100828,2026-09-06 10:13:48.000 +0530,70.1,97.4,30,51.2,-0.336,0.025,0.42,2.704,0.759,0.647,2615,881,true,0
100829,2026-09-06 10:13:49.000 +0530,73.7,98.4,30,51.3,-0.401,0.175,0.249,1.48,0.806,0.257,2723,891,true,0
100830,2026-09-06 10:13:50.000 +0530,76.8,98.3,30,49.0,-0.202,0.044,0.433,2.181,0.31,0.013,2943,1004,true,0
100831,2026-09-06 10:13:51.000 +0530,83.4,97.5,30,52.2,-0.318,0.041,0.475,3.161,1.076,0.721,2271,750,true,0
100832,2026-09-06 10:13:52.000 +0530,81.9,98.2,30,52.3,-0.273,0.121,0.384,1.431,0.514,1.027,2825,1009,true,0
100833,2026-09-06 10:13:53.000 +0530,84.2,97.4,30,52.7,-0.264,0.043,0.304,1.37,0.313,1.157,2331,811,true,0
100834,2026-09-06 10:13:54.000 +0530,77.4,98.2,30,52.7,-0.116,0.025,0.397,1.299,0.565,1.275,2744,935,true,0
100835,2026-09-06 10:13:55.000 +0530,77.2,97.3,30,50.5,-0.304,0.069,0.323,1.757,0.662,1.172,2671,974,true,0
100836,2026-09-06 10:13:56.000 +0530,77.1,97.7,30,47.6,-0.196,-0.079,0.328,1.618,0.879,1.644,2701,884,true,0
100837,2026-09-06 10:13:57.000 +0530,84.4,97.3,30,49.7,-0.049,0.086,0.403,2.087,1.125,0.837,2675,816,true,0
100838,2026-09-06 10:13:58.000 +0530,76.0,97.6,30,52.5,-0.151,0.017,0.293,2.258,1.427,0.17,2690,865,true,0
100839,2026-09-06 10:13:59.000 +0530,72.8,98.2,30,47.4,-0.244,0.154,0.332,3.114,0.096,0.951,2658,841,true,0
100840,2026-09-06 10:14:00.000 +0530,78.7,97.8,30,49.1,-0.263,0.202,0.263,0.609,1.184,1.11,2798,902,true,0
100841,2026-09-06 10:14:01.000 +0530,65.5,98.8,30,49.2,-0.115,0.185,0.343,1.351,0.927,1.678,3038,858,true,0
100842,2026-09-06 10:14:02.000 +0530,74.0,98.0,30,51.6,-0.187,0.122,0.296,2.307,0.362,1.317,2566,839,true,0
100843,2026-09-06 10:14:03.000 +0530,72.3,97.7,30,51.9,-0.224,0.158,0.373,1.236,0.45,1.313,2772,919,true,0
100844,2026-09-06 10:14:04.000 +0530,80.1,97.4,30,55.7,-0.254,0.172,0.417,2.595,0.628,1.156,2608,797,true,0
100845,2026-09-06 10:14:05.000 +0530,74.9,97.4,30,48.4,-0.25,0.107,0.326,2.921,1.171,0.61,2987,945,true,0
100846,2026-09-06 10:14:06.000 +0530,73.7,98.4,30,51.9,-0.342,0.172,0.335,3.283,0.354,1.546,2634,967,true,0
100847,2026-09-06 10:14:07.000 +0530,71.3,97.9,30,53.2,-0.096,0.049,0.298,2.957,1.256,1.07,2725,871,true,0
100848,2026-09-06 10:14:08.000 +0530,70.9,96.9,30,48.0,-0.254,0.01,0.316,2.405,0.939,1.362,2783,861,true,0
100849,2026-09-06 10:14:09.000 +0530,77.5,97.0,30,51.8,-0.22,-0.085,0.366,2.036,0.851,0.94,2534,948,true,0
100850,2026-09-06 10:14:10.000 +0530,76.3,98.4,30,54.0,-0.199,0.136,0.45,2.982,0.596,0.846,2692,845,true,0
100851,2026-09-06 10:14:11.000 +0530,75.7,98.1,30,47.2,-0.212,0.086,0.403,1.045,1.03,1.466,2731,856,true,0
100852,2026-09-06 10:14:12.000 +0530,70.6,97.7,30,52.7,-0.137,0.088,0.368,2.599,0.48,0.672,2680,930,true,0
100853,2026-09-06 10:14:13.000 +0530,80.3,97.9,30,51.0,-0.259,0.069,0.443,2.101,0.435,1.209,2617,890,true,0
100854,2026-09-06 10:14:14.000 +0530,76.2,99.3,30,51.4,-0.27,0.146,0.305,1.438,1.05,0.111,2791,924,true,0
100855,2026-09-06 10:14:15.000 +0530,77.8,97.6,30,51.7,-0.267,0.027,0.333,0.98,0.766,1.594,2698,960,true,0
100856,2026-09-06 10:14:16.000 +0530,72.5,98.2,30,52.9,-0.207,0.084,0.301,0.751,0.822,0.578,2599,994,true,0
100857,2026-09-06 10:14:17.000 +0530,70.6,98.7,30,50.2,-0.167,0.079,0.448,2.76,0.282,1.414,2857,999,true,0
100858,2026-09-06 10:14:18.000 +0530,76.7,98.5,30,50.4,-0.244,0.1,0.38,1.127,0.697,0.559,2578,935,true,0
100859,2026-09-06 10:14:19.000 +0530,70.2,98.2,30,49.1,-0.309,0.066,0.27,2.837,0.968,1.331,2770,993,true,0
100860,2026-09-06 10:14:20.000 +0530,72.7,97.4,30,52.8,-0.031,0.017,0.321,0.463,0.981,1.321,2712,891,true,0
100861,2026-09-06 10:14:21.000 +0530,71.5,98.1,30,52.8,-0.22,0.122,0.316,1.067,0.639,1.109,2597,908,true,0
100862,2026-09-06 10:14:22.000 +0530,70.2,98.5,30,53.3,-0.142,0.055,0.419,0.546,0.442,0.849,2570,850,true,0
100863,2026-09-06 10:14:23.000 +0530,73.8,98.6,30,49.9,-0.125,0.173,0.338,2.614,1.2,1.375,2438,838,true,0
100864,2026-09-06 10:14:24.000 +0530,69.9,98.8,30,49.7,-0.143,-0.053,0.306,1.21,1.001,1.533,2779,898,true,0
100865,2026-09-06 10:14:25.000 +0530,74.9,97.7,30,54.1,-0.276,0.213,0.441,2.309,0.219,1.191,2601,973,true,0
100866,2026-09-06 10:14:26.000 +0530,78.7,98.4,30,51.9,-0.268,0.09,0.253,1.864,1.2,0.55,3117,853,true,0
100867,2026-09-06 10:14:27.000 +0530,78.0,97.3,30,48.4,-0.341,0.088,0.31,1.061,0.402,1.128,2870,911,true,0
100868,2026-09-06 10:14:28.000 +0530,66.7,98.2,30,49.2,-0.461,-0.01,0.423,1.708,0.951,1.524,2894,905,true,0
100869,2026-09-06 10:14:29.000 +0530,73.5,98.0,30,51.4,-0.242,0.119,0.446,1.483,0.974,1.059,2647,903,true,0
100870,2026-09-06 10:14:30.000 +0530,72.7,97.6,30,46.8,-0.129,-0.045,0.597,0.793,0.426,0.7,2338,924,true,0
100871,2026-09-06 10:14:31.000 +0530,74.0,97.1,30,50.7,-0.164,0.055,0.336,0.387,0.947,1.269,2735,880,true,0
100872,2026-09-06 10:14:32.000 +0530,72.8,97.9,30,52.0,-0.148,0.075,0.339,1.904,1.054,0.42,2585,1001,true,0
100873,2026-09-06 10:14:33.000 +0530,79.5,97.6,30,49.7,-0.124,0.054,0.412,0.986,1.3,1.259,2409,899,true,0
100874,2026-09-06 10:14:34.000 +0530,78.7,98.3,30,51.9,-0.249,0.079,0.347,0.474,0.98,1.006,2603,952,true,0
100875,2026-09-06 10:14:35.000 +0530,67.0,97.7,30,49.6,-0.174,0.1,0.343,1.492,-0.064,0.507,2733,777,true,0
100876,2026-09-06 10:14:36.000 +0530,75.0,98.5,30,52.1,-0.197,0.213,0.242,0.657,0.913,1.548,2740,917,true,0
100877,2026-09-06 10:14:37.000 +0530,73.1,97.7,30,51.9,-0.192,0.125,0.387,1.666,0.549,1.52,2681,981,true,0
100878,2026-09-06 10:14:38.000 +0530,69.9,97.8,30,48.8,-0.303,-0.017,0.498,2.347,0.373,1.286,2769,1006,true,0
100879,2026-09-06 10:14:39.000 +0530,68.8,98.7,30,49.2,-0.229,0.001,0.418,0.753,1.208,1.326,2690,979,true,0
100880,2026-09-06 10:14:40.000 +0530,76.4,98.0,30,49.5,-0.132,0.152,0.296,2.561,0.622,0.952,2624,806,true,0
100881,2026-09-06 10:14:41.000 +0530,74.4,98.0,30,51.4,-0.222,0.054,0.408,1.645,0.48,1.046,3025,917,true,0
100882,2026-09-06 10:14:42.000 +0530,67.7,98.2,30,51.3,-0.169,0.034,0.299,2.519,0.572,0.734,3063,874,true,0
100883,2026-09-06 10:14:43.000 +0530,74.9,96.9,30,50.5,-0.17,-0.092,0.334,2.112,-0.089,0.939,3053,781,true,0
100884,2026-09-06 10:14:44.000 +0530,77.1,97.9,30,50.0,-0.151,0.126,0.555,1.471,0.483,1.555,2763,826,true,0
100885,2026-09-06 10:14:45.000 +0530,74.1,98.0,30,53.9,-0.21,0.107,0.355,2.537,0.921,1.141,2561,776,true,0
100886,2026-09-06 10:14:46.000 +0530,70.0,98.4,30,52.4,-0.248,-0.02,0.451,1.381,0.968,0.522,2707,869,true,0
100887,2026-09-06 10:14:47.000 +0530,79.9,98.6,30,53.1,-0.081,0.003,0.34,1.165,0.594,1.083,2405,908,true,0
100888,2026-09-06 10:14:48.000 +0530,71.0,97.8,30,48.4,-0.25,0.127,0.399,1.016,0.708,0.224,2640,870,true,0
100889,2026-09-06 10:14:49.000 +0530,75.3,98.3,30,51.3,-0.248,0.019,0.333,2.772,0.74,0.916,2882,881,true,0
100890,2026-09-06 10:14:50.000 +0530,77.9,98.6,30,48.6,-0.094,0.133,0.478,2.948,0.718,0.948,2601,983,true,0
100891,2026-09-06 10:14:51.000 +0530,69.9,98.4,30,51.0,-0.312,0.15,0.33,2.585,0.383,0.645,2764,828,true,0
100892,2026-09-06 10:14:52.000 +0530,70.1,98.4,30,52.7,-0.293,0.172,0.448,1.881,0.31,1.351,2796,951,true,0
100893,2026-09-06 10:14:53.000 +0530,80.1,97.7,30,54.0,-0.212,0.004,0.412,2.195,0.993,1.281,2447,1009,true,0
100894,2026-09-06 10:14:54.000 +0530,72.5,97.6,30,52.0,-0.158,0.001,0.383,2.678,1.008,1.034,2541,829,true,0
100895,2026-09-06 10:14:55.000 +0530,73.1,98.1,30,49.0,-0.169,0.096,0.334,0.879,0.445,1.118,2971,881,true,0
100896,2026-09-06 10:14:56.000 +0530,74.3,98.9,30,47.7,-0.288,0.069,0.419,2.357,1.28,1.765,2459,790,true,0
100897,2026-09-06 10:14:57.000 +0530,63.7,98.9,30,52.7,-0.2,0.007,0.544,2.275,0.678,1.509,2954,811,true,0
100898,2026-09-06 10:14:58.000 +0530,71.7,98.1,30,52.0,-0.232,0.159,0.386,1.526,0.803,0.677,2400,920,true,0
100899,2026-09-06 10:14:59.000 +0530,66.4,98.3,30,49.0,-0.252,-0.004,0.452,1.353,0.649,1.354,2885,908,true,0
100900,2026-09-06 10:15:00.000 +0530,76.7,98.3,30,47.4,-0.223,0.125,0.42,2.08,0.966,1.112,2620,773,true,0
100901,2026-09-06 10:15:01.000 +0530,68.0,97.6,30,52.3,-0.188,0.075,0.31,2.621,0.334,1.133,2694,852,true,0
100902,2026-09-06 10:15:02.000 +0530,71.6,97.3,30,51.1,-0.074,-0.067,0.28,1.245,0.565,1.197,2872,894,true,0
100903,2026-09-06 10:15:03.000 +0530,72.9,98.4,30,50.1,-0.234,0.05,0.299,2.683,0.776,0.998,2926,885,true,0
100904,2026-09-06 10:15:04.000 +0530,70.3,98.0,30,50.0,-0.322,-0.005,0.396,2.321,1.155,0.978,2746,937,true,0
100905,2026-09-06 10:15:05.000 +0530,75.4,97.2,30,51.7,-0.199,0.007,0.293,1.59,0.592,1.125,3042,782,true,0
100906,2026-09-06 10:15:06.000 +0530,74.3,97.6,30,50.1,-0.141,0.017,0.204,2.336,-0.055,1.248,2765,952,true,0
100907,2026-09-06 10:15:07.000 +0530,69.6,97.9,30,50.8,-0.134,0.042,0.226,0.225,0.279,1.266,2628,874,true,0
100908,2026-09-06 10:15:08.000 +0530,60.5,96.7,30,48.6,-0.133,0.059,0.35,3.038,0.55,1.027,2496,984,true,0
100909,2026-09-06 10:15:09.000 +0530,79.4,97.5,30,49.3,-0.172,0.046,0.239,3.195,1.073,1.734,2840,871,true,0
100910,2026-09-06 10:15:10.000 +0530,71.2,99.0,30,52.7,-0.197,0.175,0.493,1.908,1.106,0.93,2888,961,true,0
100911,2026-09-06 10:15:11.000 +0530,68.5,99.0,30,52.4,-0.191,0.078,0.468,2.243,1.473,0.146,2745,880,true,0
100912,2026-09-06 10:15:12.000 +0530,70.6,98.2,30,49.6,-0.181,-0.02,0.333,1.963,0.141,1.068,2652,968,true,0
100913,2026-09-06 10:15:13.000 +0530,77.8,97.2,30,52.9,-0.316,0.073,0.313,2.179,0.866,1.217,2837,796,true,0
100914,2026-09-06 10:15:14.000 +0530,76.3,98.2,30,51.5,-0.078,0.015,0.359,2.35,0.614,0.893,2869,852,true,0
100915,2026-09-06 10:15:15.000 +0530,74.1,98.4,30,52.6,-0.171,-0.026,0.252,1.553,0.714,0.802,2670,948,true,0
100916,2026-09-06 10:15:16.000 +0530,70.7,98.3,30,55.2,-0.138,0.163,0.265,2.133,0.539,1.555,2666,863,true,0
100917,2026-09-06 10:15:17.000 +0530,72.7,98.5,30,50.2,-0.184,0.138,0.296,1.687,0.596,0.431,2884,898,true,0
100918,2026-09-06 10:15:18.000 +0530,71.8,97.8,30,51.5,-0.158,0.031,0.237,3.137,0.488,1.02,2590,893,true,0
100919,2026-09-06 10:15:19.000 +0530,74.7,97.9,30,49.9,-0.221,0.126,0.325,3.366,0.824,0.508,2576,961,true,0
100920,2026-09-06 10:15:20.000 +0530,83.3,97.4,30,47.3,-0.18,-0.003,0.357,2.533,0.519,0.697,2831,936,true,0
100921,2026-09-06 10:15:21.000 +0530,79.8,98.3,30,49.8,-0.052,-0.053,0.447,2.356,0.703,1.269,2682,793,true,0
100922,2026-09-06 10:15:22.000 +0530,71.8,97.7,30,48.5,-0.094,0.104,0.317,1.888,0.943,1.613,3058,959,true,0
100923,2026-09-06 10:15:23.000 +0530,72.2,98.0,30,53.2,-0.278,0.042,0.214,1.679,0.492,1.45,2730,933,true,0
100924,2026-09-06 10:15:24.000 +0530,76.9,98.2,30,50.2,-0.304,0.087,0.212,1.219,1.258,1.471,2720,855,true,0
100925,2026-09-06 10:15:25.000 +0530,76.4,97.4,30,50.6,-0.197,-0.015,0.3,2.023,0.28,0.981,2845,882,true,0
100926,2026-09-06 10:15:26.000 +0530,76.5,97.7,30,53.1,-0.231,0.15,0.541,1.725,0.394,1.024,2900,887,true,0
100927,2026-09-06 10:15:27.000 +0530,75.0,98.2,30,51.3,-0.123,0.046,0.286,1.242,0.95,1.554,2710,852,true,0
100928,2026-09-06 10:15:28.000 +0530,69.6,98.0,30,50.4,-0.234,0.171,0.308,1.8,1.031,1.497,2779,767,true,0
100929,2026-09-06 10:15:29.000 +0530,71.7,97.8,30,49.0,-0.28,-0.021,0.362,1.377,1.061,0.838,2795,853,true,0
100930,2026-09-06 10:15:30.000 +0530,76.8,98.4,30,53.2,-0.28,0.103,0.285,2.515,0.727,0.645,2865,887,true,0
100931,2026-09-06 10:15:31.000 +0530,78.6,96.7,30,50.2,-0.215,0.034,0.336,1.346,0.484,1.22,2741,840,true,0
100932,2026-09-06 10:15:32.000 +0530,70.9,97.9,30,52.9,-0.176,0.054,0.353,2.709,0.145,1.071,2229,935,true,0
100933,2026-09-06 10:15:33.000 +0530,81.0,98.2,30,46.5,-0.265,0.085,0.289,1.518,1.102,1.298,2672,966,true,0
100934,2026-09-06 10:15:34.000 +0530,76.2,97.9,30,53.0,-0.262,0.188,0.311,2.237,0.873,1.239,2724,929,true,0
100935,2026-09-06 10:15:35.000 +0530,74.2,98.7,30,49.0,-0.265,0.069,0.486,2.188,1.259,1.255,2662,841,true,0
100936,2026-09-06 10:15:36.000 +0530,80.6,97.1,30,51.9,-0.164,0.152,0.28,2.176,0.46,0.509,2690,1016,true,0
100937,2026-09-06 10:15:37.000 +0530,76.5,98.0,30,51.6,-0.225,0.082,0.176,1.686,0.637,0.995,2658,907,true,0
100938,2026-09-06 10:15:38.000 +0530,65.1,98.0,30,48.3,-0.301,0.035,0.34,0.972,1.302,0.902,2384,875,true,0
100939,2026-09-06 10:15:39.000 +0530,75.2,97.8,30,49.3,-0.067,0.075,0.359,1.155,0.636,1.378,2916,822,true,0
100940,2026-09-06 10:15:40.000 +0530,72.9,97.8,30,49.1,-0.321,0.061,0.386,1.23,1.154,1.062,3038,905,true,0
100941,2026-09-06 10:15:41.000 +0530,77.5,98.0,30,51.2,-0.18,0.183,0.309,2.785,0.396,0.483,2550,870,true,0
100942,2026-09-06 10:15:42.000 +0530,81.3,97.3,30,53.4,-0.186,0.123,0.457,2.178,1.041,0.496,2266,857,true,0
100943,2026-09-06 10:15:43.000 +0530,72.0,98.4,30,51.9,-0.227,0.15,0.325,3.861,0.767,1.321,2951,1014,true,0
100944,2026-09-06 10:15:44.000 +0530,65.2,98.4,30,52.1,-0.205,-0.035,0.286,2.594,0.509,1.141,2458,988,true,0
100945,2026-09-06 10:15:45.000 +0530,76.6,98.2,30,48.9,-0.103,0.161,0.417,2.636,0.239,0.643,2652,942,true,0
100946,2026-09-06 10:15:46.000 +0530,82.9,97.9,30,51.7,-0.133,0.13,0.494,2.066,0.14,1.405,2434,1034,true,0
100947,2026-09-06 10:15:47.000 +0530,76.8,97.5,30,49.2,-0.166,0.08,0.301,1.376,-0.147,1.154,2660,1000,true,0
100948,2026-09-06 10:15:48.000 +0530,72.8,98.2,30,53.1,-0.168,0.109,0.304,0.724,1.284,1.236,2877,823,true,0
100949,2026-09-06 10:15:49.000 +0530,70.4,98.4,30,51.6,-0.009,0.009,0.343,0.543,1.0,1.654,2783,926,true,0
100950,2026-09-06 10:15:50.000 +0530,69.7,98.0,30,47.4,-0.207,0.141,0.365,1.298,0.771,0.941,2976,788,true,0
100951,2026-09-06 10:15:51.000 +0530,78.7,98.1,30,49.1,-0.192,0.09,0.378,1.788,0.87,0.987,2191,930,true,0
100952,2026-09-06 10:15:52.000 +0530,77.8,97.5,30,52.6,-0.245,0.034,0.18,2.329,1.054,1.369,2535,972,true,0
100953,2026-09-06 10:15:53.000 +0530,72.8,97.4,30,46.6,-0.181,0.126,0.481,3.391,0.722,1.143,2852,940,true,0
100954,2026-09-06 10:15:54.000 +0530,75.8,97.8,30,51.8,-0.239,0.027,0.467,1.806,0.244,0.943,2926,821,true,0
100955,2026-09-06 10:15:55.000 +0530,77.5,98.4,30,48.3,-0.181,0.073,0.416,1.561,0.922,1.069,2741,935,true,0
100956,2026-09-06 10:15:56.000 +0530,82.7,98.2,30,52.0,-0.283,0.045,0.287,2.936,0.888,0.581,2580,914,true,0
100957,2026-09-06 10:15:57.000 +0530,69.5,97.6,30,51.6,-0.179,-0.078,0.262,3.442,0.679,1.634,2474,907,true,0
100958,2026-09-06 10:15:58.000 +0530,70.2,97.4,30,52.6,-0.13,0.106,0.22,0.387,0.876,1.179,2616,909,true,0
100959,2026-09-06 10:15:59.000 +0530,70.0,97.9,30,49.3,-0.412,0.159,0.489,2.8,0.348,0.99,3307,809,true,0
100960,2026-09-06 10:16:00.000 +0530,77.2,98.9,30,50.9,-0.208,0.015,0.313,1.728,0.972,0.671,2753,837,true,0
100961,2026-09-06 10:16:01.000 +0530,75.5,99.2,30,50.2,-0.161,0.105,0.276,1.17,1.023,0.514,2948,1036,true,0
100962,2026-09-06 10:16:02.000 +0530,66.4,97.4,30,55.5,-0.136,0.061,0.524,0.753,1.009,0.757,2979,1025,true,0
100963,2026-09-06 10:16:03.000 +0530,77.8,98.0,30,50.0,-0.102,0.035,0.377,1.929,0.535,1.104,2835,793,true,0
100964,2026-09-06 10:16:04.000 +0530,78.3,96.9,30,54.1,-0.248,0.025,0.403,3.422,1.513,1.386,2638,1046,true,0
100965,2026-09-06 10:16:05.000 +0530,79.9,98.6,30,50.2,-0.312,0.116,0.351,1.883,0.924,1.203,2902,959,true,0
100966,2026-09-06 10:16:06.000 +0530,66.8,98.1,30,51.5,-0.204,0.003,0.551,2.952,0.971,0.829,2626,1106,true,0
100967,2026-09-06 10:16:07.000 +0530,66.3,98.7,30,52.0,-0.341,0.007,0.299,0.672,0.713,0.751,3199,1047,true,0
100968,2026-09-06 10:16:08.000 +0530,68.6,97.6,30,53.6,-0.278,-0.035,0.432,1.808,0.247,0.466,2646,1010,true,0
100969,2026-09-06 10:16:09.000 +0530,73.4,98.4,30,50.4,-0.082,-0.091,0.382,2.184,0.79,0.755,2459,903,true,0
100970,2026-09-06 10:16:10.000 +0530,72.8,97.8,30,47.5,-0.342,0.03,0.281,2.681,1.006,0.844,2507,844,true,0
100971,2026-09-06 10:16:11.000 +0530,77.4,96.8,30,50.1,-0.193,0.014,0.269,0.47,0.391,1.165,2694,835,true,0
100972,2026-09-06 10:16:12.000 +0530,76.3,97.1,30,49.5,-0.064,0.033,0.254,1.0,0.661,0.93,2664,894,true,0
100973,2026-09-06 10:16:13.000 +0530,76.2,97.9,30,48.8,-0.22,-0.055,0.347,3.477,0.174,1.784,2702,976,true,0
100974,2026-09-06 10:16:14.000 +0530,79.3,98.2,30,50.5,-0.185,0.034,0.363,1.001,0.545,1.319,2508,1005,true,0
100975,2026-09-06 10:16:15.000 +0530,79.5,97.2,30,52.9,-0.21,-0.053,0.371,3.488,1.15,1.333,2600,853,true,0
100976,2026-09-06 10:16:16.000 +0530,70.8,98.0,30,51.6,-0.22,0.017,0.409,0.403,0.727,0.115,2661,931,true,0
100977,2026-09-06 10:16:17.000 +0530,64.5,97.5,30,48.1,-0.196,-0.007,0.251,2.738,0.748,1.145,2399,817,true,0
100978,2026-09-06 10:16:18.000 +0530,70.8,98.2,30,48.1,-0.344,0.175,0.509,3.212,0.989,0.328,2636,988,true,0
100979,2026-09-06 10:16:19.000 +0530,90.8,99.0,30,50.7,-0.313,0.049,0.336,2.924,1.2,0.133,2704,950,true,0
100980,2026-09-06 10:16:20.000 +0530,71.9,97.7,30,50.7,-0.091,0.093,0.393,1.295,0.27,0.857,2402,971,true,0
100981,2026-09-06 10:16:21.000 +0530,67.9,97.7,30,47.0,-0.203,-0.03,0.493,1.836,0.671,1.335,3042,803,true,0
100982,2026-09-06 10:16:22.000 +0530,72.0,98.4,30,50.3,-0.051,-0.078,0.352,2.994,1.38,1.713,2746,819,true,0
100983,2026-09-06 10:16:23.000 +0530,69.7,98.1,30,48.0,-0.224,-0.029,0.288,1.197,1.09,0.963,2647,890,true,0
100984,2026-09-06 10:16:24.000 +0530,69.7,97.6,30,52.5,-0.151,0.159,0.324,1.9,0.295,1.576,2863,985,true,0
100985,2026-09-06 10:16:25.000 +0530,81.3,98.3,30,48.5,-0.218,-0.03,0.225,2.072,1.659,0.639,2743,975,true,0
100986,2026-09-06 10:16:26.000 +0530,66.7,97.8,30,52.8,-0.062,-0.039,0.411,2.784,0.573,0.724,2947,904,true,0
100987,2026-09-06 10:16:27.000 +0530,72.9,97.5,30,54.3,-0.274,0.024,0.334,0.711,0.704,1.475,2706,856,true,0
100988,2026-09-06 10:16:28.000 +0530,77.0,98.7,30,50.6,-0.036,0.17,0.176,1.125,0.428,1.233,2668,864,true,0
100989,2026-09-06 10:16:29.000 +0530,72.8,98.2,30,53.0,-0.132,0.023,0.382,2.743,0.849,2.009,2590,853,true,0
100990,2026-09-06 10:16:30.000 +0530,74.1,97.4,30,50.9,-0.172,0.077,0.316,2.348,1.118,0.903,2877,902,true,0
100991,2026-09-06 10:16:31.000 +0530,84.7,98.2,30,49.0,-0.15,0.068,0.313,1.651,0.764,1.316,2976,789,true,0
100992,2026-09-06 10:16:32.000 +0530,68.7,97.6,30,48.6,-0.164,0.05,0.438,3.19,0.797,1.019,2259,859,true,0
100993,2026-09-06 10:16:33.000 +0530,82.4,97.7,30,52.1,-0.229,0.116,0.179,1.801,0.224,1.007,3105,897,true,0
100994,2026-09-06 10:16:34.000 +0530,84.6,97.6,30,50.0,-0.238,0.091,0.282,1.756,0.528,1.194,2748,859,true,0
100995,2026-09-06 10:16:35.000 +0530,70.1,98.3,30,48.3,-0.134,-0.062,0.31,0.525,1.045,1.247,2618,847,true,0
100996,2026-09-06 10:16:36.000 +0530,67.6,97.9,30,50.1,-0.251,0.067,0.313,2.788,0.97,1.797,2528,933,true,0
100997,2026-09-06 10:16:37.000 +0530,75.0,98.1,30,52.1,-0.253,0.042,0.487,1.933,0.771,0.462,2648,896,true,0
100998,2026-09-06 10:16:38.000 +0530,78.0,97.9,30,48.3,-0.31,0.053,0.343,1.013,0.984,1.087,2876,1067,true,0
100999,2026-09-06 10:16:39.000 +0530,82.8,98.3,30,48.2,-0.25,0.073,0.265,2.9,0.835,0.915,3061,854,true,0
101000,2026-09-06 10:16:40.000 +0530,73.5,97.8,30,51.8,-0.209,0.07,0.398,1.744,0.404,0.262,2833,902,true,0
101001,2026-09-06 10:16:41.000 +0530,77.7,97.1,30,50.0,-0.164,0.02,0.363,1.794,0.866,1.204,2518,774,true,0
101002,2026-09-06 10:16:42.000 +0530,68.2,98.3,30,48.4,-0.154,0.218,0.345,1.364,0.567,0.662,2576,929,true,0
101003,2026-09-06 10:16:43.000 +0530,81.5,97.5,30,50.7,-0.256,0.03,0.321,1.176,0.571,0.788,2642,874,true,0
101004,2026-09-06 10:16:44.000 +0530,78.7,97.7,30,52.2,-0.142,0.061,0.272,0.323,0.352,1.259,2649,989,true,0
101005,2026-09-06 10:16:45.000 +0530,76.0,98.2,30,46.8,-0.103,0.053,0.308,2.005,1.094,0.989,2800,932,true,0
101006,2026-09-06 10:16:46.000 +0530,75.6,97.7,30,46.9,-0.194,0.177,0.309,2.168,0.617,0.942,2981,852,true,0
101007,2026-09-06 10:16:47.000 +0530,75.3,98.3,30,52.9,-0.131,0.06,0.522,1.446,0.562,1.189,2589,845,true,0
101008,2026-09-06 10:16:48.000 +0530,76.4,98.3,30,51.0,-0.16,0.176,0.2,2.607,0.938,1.111,2474,884,true,0
101009,2026-09-06 10:16:49.000 +0530,82.0,99.0,30,51.6,-0.283,0.126,0.314,1.669,1.007,0.862,2752,926,true,0
101010,2026-09-06 10:16:50.000 +0530,74.5,98.5,30,49.1,-0.195,0.045,0.368,3.111,0.574,0.947,2465,776,true,0
101011,2026-09-06 10:16:51.000 +0530,80.6,97.7,30,53.3,-0.326,0.116,0.305,0.995,0.114,1.86,2312,944,true,0
101012,2026-09-06 10:16:52.000 +0530,77.5,98.5,30,51.4,-0.232,0.047,0.644,1.388,0.947,0.773,3023,917,true,0
101013,2026-09-06 10:16:53.000 +0530,77.4,98.4,30,48.1,-0.188,0.15,0.39,1.37,1.042,0.869,2446,956,true,0
101014,2026-09-06 10:16:54.000 +0530,69.3,98.2,30,51.9,-0.303,0.147,0.365,2.538,0.783,1.215,2885,827,true,0
101015,2026-09-06 10:16:55.000 +0530,66.1,97.3,30,49.5,-0.296,0.135,0.36,2.43,1.095,1.321,2594,1026,true,0
101016,2026-09-06 10:16:56.000 +0530,75.1,97.3,30,51.0,-0.244,0.067,0.278,2.642,0.861,1.343,2639,835,true,0
101017,2026-09-06 10:16:57.000 +0530,72.0,97.7,30,48.0,-0.155,0.139,0.361,1.479,0.366,1.208,2764,873,true,0
101018,2026-09-06 10:16:58.000 +0530,78.0,97.8,30,49.4,-0.215,-0.062,0.287,0.742,0.74,1.024,2738,882,true,0
101019,2026-09-06 10:16:59.000 +0530,76.6,97.7,30,49.8,-0.168,0.119,0.391,1.36,1.09,0.75,2796,830,true,0
101020,2026-09-06 10:17:00.000 +0530,72.8,97.6,30,52.1,-0.163,0.057,0.265,2.501,0.549,0.861,2508,875,true,0
101021,2026-09-06 10:17:01.000 +0530,81.6,97.9,30,47.4,-0.223,0.046,0.224,2.456,0.926,1.258,2620,929,true,0
101022,2026-09-06 10:17:02.000 +0530,81.6,98.1,30,46.3,-0.244,0.057,0.517,0.689,1.127,0.851,3102,763,true,0
101023,2026-09-06 10:17:03.000 +0530,75.4,97.9,30,51.8,-0.236,0.105,0.491,1.937,0.264,0.22,2578,1000,true,0
101024,2026-09-06 10:17:04.000 +0530,76.0,97.9,30,48.4,-0.032,0.095,0.308,2.241,0.836,0.816,2659,983,true,0
101025,2026-09-06 10:17:05.000 +0530,79.0,97.7,30,50.2,-0.195,0.14,0.269,2.269,1.264,1.147,2712,823,true,0
101026,2026-09-06 10:17:06.000 +0530,79.5,98.3,30,54.6,-0.293,-0.0,0.428,2.094,0.982,0.807,2962,923,true,0
101027,2026-09-06 10:17:07.000 +0530,72.5,97.6,30,46.8,-0.183,0.01,0.245,3.602,0.614,0.565,2559,904,true,0
101028,2026-09-06 10:17:08.000 +0530,83.6,97.4,30,52.1,-0.24,0.156,0.46,2.955,0.758,0.844,2855,931,true,0
101029,2026-09-06 10:17:09.000 +0530,79.1,98.7,30,46.6,-0.187,0.081,0.407,0.486,0.549,0.863,2444,799,true,0
101030,2026-09-06 10:17:10.000 +0530,64.1,98.2,30,49.6,-0.11,0.156,0.391,3.258,0.834,1.075,2715,898,true,0
101031,2026-09-06 10:17:11.000 +0530,74.9,97.6,30,50.8,-0.242,0.158,0.298,2.08,1.176,0.964,2758,953,true,0
101032,2026-09-06 10:17:12.000 +0530,69.5,97.1,30,51.0,-0.15,0.082,0.364,2.422,-0.207,0.755,2613,796,true,0
101033,2026-09-06 10:17:13.000 +0530,76.9,98.1,30,56.1,-0.141,0.165,0.259,1.405,0.413,0.988,2399,958,true,0
101034,2026-09-06 10:17:14.000 +0530,73.4,97.4,30,46.2,-0.201,0.197,0.376,2.114,0.383,1.472,2458,812,true,0
101035,2026-09-06 10:17:15.000 +0530,81.5,98.4,30,50.2,-0.201,0.05,0.198,1.063,0.359,1.405,2671,877,true,0
101036,2026-09-06 10:17:16.000 +0530,73.3,99.0,30,51.5,-0.293,0.09,0.356,1.309,0.927,0.999,2655,889,true,0
101037,2026-09-06 10:17:17.000 +0530,70.6,98.4,30,51.6,-0.078,-0.074,0.183,2.388,0.515,1.057,2701,827,true,0
101038,2026-09-06 10:17:18.000 +0530,76.7,98.0,30,56.1,-0.254,0.028,0.491,2.124,0.587,0.817,2604,875,true,0
101039,2026-09-06 10:17:19.000 +0530,78.1,98.3,30,52.0,-0.121,0.089,0.284,3.882,0.46,0.923,2412,909,true,0
101040,2026-09-06 10:17:20.000 +0530,62.9,98.5,30,55.0,-0.01,0.146,0.415,2.289,0.414,1.042,2740,1067,true,0
101041,2026-09-06 10:17:21.000 +0530,75.7,97.5,30,50.7,-0.139,0.163,0.316,1.225,0.833,1.128,2642,1010,true,0
101042,2026-09-06 10:17:22.000 +0530,77.5,97.1,30,54.4,-0.12,0.109,0.302,2.273,0.582,1.227,2808,856,true,0
101043,2026-09-06 10:17:23.000 +0530,85.6,97.3,30,48.1,-0.263,0.051,0.364,2.392,0.484,1.446,2828,891,true,0
101044,2026-09-06 10:17:24.000 +0530,70.9,97.8,30,48.4,-0.216,0.083,0.314,1.975,0.701,0.511,2882,940,true,0
101045,2026-09-06 10:17:25.000 +0530,65.6,97.4,30,50.1,-0.332,0.118,0.366,1.378,1.123,1.532,2826,919,true,0
101046,2026-09-06 10:17:26.000 +0530,71.0,97.7,30,48.5,-0.161,0.124,0.251,4.102,0.357,0.735,2816,810,true,0
101047,2026-09-06 10:17:27.000 +0530,80.5,97.8,30,52.8,-0.205,0.034,0.37,1.379,0.793,0.645,2711,891,true,0
101048,2026-09-06 10:17:28.000 +0530,73.8,98.3,30,51.0,-0.197,0.052,0.179,2.383,0.994,1.393,2473,868,true,0
101049,2026-09-06 10:17:29.000 +0530,74.1,97.8,30,52.1,-0.224,0.006,0.372,2.358,0.873,0.951,2854,834,true,0
101050,2026-09-06 10:17:30.000 +0530,71.0,98.3,30,48.1,-0.28,0.007,0.294,2.434,0.748,0.92,2652,988,true,0
101051,2026-09-06 10:17:31.000 +0530,64.6,97.6,30,51.6,-0.18,0.099,0.392,2.19,-0.122,0.882,2728,1017,true,0
101052,2026-09-06 10:17:32.000 +0530,78.5,97.9,30,52.3,-0.3,0.084,0.237,1.823,0.539,1.123,2846,785,true,0
101053,2026-09-06 10:17:33.000 +0530,71.7,98.1,30,49.7,-0.192,0.18,0.325,1.907,0.838,0.791,2822,913,true,0
101054,2026-09-06 10:17:34.000 +0530,74.3,98.3,30,48.8,-0.259,0.185,0.342,1.862,0.74,0.594,2565,805,true,0
101055,2026-09-06 10:17:35.000 +0530,72.6,98.0,30,49.8,-0.208,0.076,0.319,0.992,0.194,1.552,2764,942,true,0
101056,2026-09-06 10:17:36.000 +0530,63.2,97.7,30,48.9,-0.29,0.051,0.379,2.453,0.454,0.802,2635,948,true,0
101057,2026-09-06 10:17:37.000 +0530,77.0,98.3,30,51.0,-0.256,0.012,0.308,2.286,1.311,1.164,2683,758,true,0
101058,2026-09-06 10:17:38.000 +0530,76.0,98.6,30,46.8,-0.277,-0.05,0.381,1.311,1.163,1.164,2359,841,true,0
101059,2026-09-06 10:17:39.000 +0530,73.9,98.6,30,51.8,-0.17,0.137,0.222,2.003,0.627,0.62,2467,974,true,0
101060,2026-09-06 10:17:40.000 +0530,79.0,97.7,30,48.5,-0.294,-0.063,0.384,2.179,0.788,1.0,2726,903,true,0
101061,2026-09-06 10:17:41.000 +0530,74.0,98.0,30,51.6,-0.165,0.072,0.272,2.85,1.266,0.895,2598,941,true,0
101062,2026-09-06 10:17:42.000 +0530,71.6,97.7,30,50.8,-0.144,0.14,0.558,1.055,0.852,0.909,2410,769,true,0
101063,2026-09-06 10:17:43.000 +0530,76.7,97.0,30,50.0,-0.102,0.153,0.19,2.463,0.605,0.737,2929,913,true,0
101064,2026-09-06 10:17:44.000 +0530,81.1,98.3,30,52.5,-0.216,0.093,0.268,2.369,0.726,1.051,2910,839,true,0
101065,2026-09-06 10:17:45.000 +0530,83.9,97.7,30,47.5,-0.182,0.133,0.252,0.191,0.903,1.495,2921,685,true,0
101066,2026-09-06 10:17:46.000 +0530,80.2,98.2,30,48.5,-0.241,-0.039,0.322,0.713,0.666,1.147,2476,996,true,0
101067,2026-09-06 10:17:47.000 +0530,69.4,97.9,30,48.7,-0.268,0.064,0.298,1.372,0.404,0.837,3006,888,true,0
101068,2026-09-06 10:17:48.000 +0530,78.5,98.6,30,48.6,-0.371,0.178,0.402,2.316,1.216,1.606,2580,839,true,0
101069,2026-09-06 10:17:49.000 +0530,66.7,97.8,30,49.4,-0.001,-0.018,0.395,2.578,0.311,0.572,2839,826,true,0
101070,2026-09-06 10:17:50.000 +0530,82.8,97.9,30,48.8,-0.127,-0.049,0.45,1.94,0.245,0.944,2693,988,true,0
101071,2026-09-06 10:17:51.000 +0530,81.7,97.7,30,47.3,-0.271,0.084,0.39,1.338,1.093,0.836,2753,855,true,0
101072,2026-09-06 10:17:52.000 +0530,71.0,98.4,30,49.6,-0.256,0.021,0.436,0.534,0.705,1.011,2758,820,true,0
101073,2026-09-06 10:17:53.000 +0530,76.2,98.2,30,52.7,-0.196,0.151,0.396,1.11,1.228,1.366,2745,903,true,0
101074,2026-09-06 10:17:54.000 +0530,76.3,98.2,30,49.8,-0.204,0.252,0.284,2.355,0.256,1.31,2645,966,true,0
101075,2026-09-06 10:17:55.000 +0530,75.4,98.5,30,49.3,-0.218,0.066,0.33,2.011,0.663,1.08,2591,768,true,0
101076,2026-09-06 10:17:56.000 +0530,69.4,98.4,30,52.3,-0.254,0.035,0.441,1.834,0.797,1.017,2310,912,true,0
101077,2026-09-06 10:17:57.000 +0530,67.8,98.1,30,52.1,-0.239,-0.075,0.222,2.374,0.754,2.005,2851,913,true,0
101078,2026-09-06 10:17:58.000 +0530,75.7,97.0,30,52.6,-0.158,0.082,0.441,0.941,1.049,0.85,2499,899,true,0
101079,2026-09-06 10:17:59.000 +0530,72.4,97.5,30,49.2,-0.099,0.108,0.32,1.119,0.938,0.832,2778,949,true,0
101080,2026-09-06 10:18:00.000 +0530,72.8,98.2,30,53.7,-0.171,0.157,0.488,2.049,0.966,0.288,2708,879,true,0
101081,2026-09-06 10:18:01.000 +0530,75.9,98.4,30,47.0,-0.188,0.155,0.296,0.321,0.854,1.114,2674,731,true,0
101082,2026-09-06 10:18:02.000 +0530,69.0,97.8,30,52.8,-0.103,0.091,0.311,0.934,1.011,1.246,2659,988,true,0
101083,2026-09-06 10:18:03.000 +0530,72.4,98.1,30,55.4,-0.251,0.135,0.502,1.154,0.826,0.875,2823,977,true,0
101084,2026-09-06 10:18:04.000 +0530,71.2,97.5,30,50.5,-0.202,0.106,0.363,1.504,0.317,1.232,2711,939,true,0
101085,2026-09-06 10:18:05.000 +0530,79.2,98.6,30,50.6,-0.191,0.047,0.296,1.083,1.42,1.04,2964,1020,true,0
101086,2026-09-06 10:18:06.000 +0530,79.8,97.3,30,52.6,-0.236,0.084,0.264,2.734,0.09,0.838,2757,929,true,0
101087,2026-09-06 10:18:07.000 +0530,64.1,97.9,30,51.5,-0.097,0.073,0.352,3.338,0.877,0.72,2722,954,true,0
101088,2026-09-06 10:18:08.000 +0530,78.9,98.2,30,48.0,-0.082,0.098,0.422,1.664,0.148,0.564,2699,863,true,0
101089,2026-09-06 10:18:09.000 +0530,67.4,97.4,30,48.7,-0.198,0.039,0.296,1.616,0.754,0.631,2765,905,true,0
101090,2026-09-06 10:18:10.000 +0530,83.1,98.5,30,52.8,-0.255,0.131,0.209,2.321,0.958,0.852,2544,886,true,0
101091,2026-09-06 10:18:11.000 +0530,69.6,99.1,30,50.4,-0.116,0.003,0.289,0.293,0.294,0.684,2519,865,true,0
101092,2026-09-06 10:18:12.000 +0530,78.9,98.3,30,52.6,-0.241,0.041,0.343,2.632,0.598,1.408,2549,1040,true,0
101093,2026-09-06 10:18:13.000 +0530,79.4,97.6,30,51.9,-0.156,0.005,0.297,2.33,0.244,1.236,2743,754,true,0
101094,2026-09-06 10:18:14.000 +0530,79.5,98.7,30,53.5,-0.265,0.147,0.288,3.29,0.512,0.894,2642,759,true,0
101095,2026-09-06 10:18:15.000 +0530,71.8,97.7,30,46.9,-0.153,0.172,0.29,2.011,0.423,1.027,2497,864,true,0
101096,2026-09-06 10:18:16.000 +0530,78.1,98.5,30,55.8,-0.111,-0.105,0.402,2.011,1.435,0.677,2171,960,true,0
101097,2026-09-06 10:18:17.000 +0530,70.5,97.8,30,50.0,-0.12,0.103,0.457,1.877,0.358,1.051,2783,930,true,0
101098,2026-09-06 10:18:18.000 +0530,68.2,98.7,30,51.8,-0.217,0.167,0.334,3.391,1.176,0.76,2806,1042,true,0
101099,2026-09-06 10:18:19.000 +0530,73.4,98.0,30,52.9,-0.214,0.153,0.364,3.102,0.451,0.882,2374,856,true,0
101100,2026-09-06 10:18:20.000 +0530,77.7,98.5,30,51.8,-0.149,-0.043,0.382,3.06,0.847,0.957,2670,706,true,0
101101,2026-09-06 10:18:21.000 +0530,73.3,98.6,30,52.7,-0.184,0.156,0.375,2.426,0.731,1.164,2711,960,true,0
101102,2026-09-06 10:18:22.000 +0530,68.1,97.7,30,51.5,-0.173,0.097,0.33,1.159,0.677,0.656,2568,855,true,0
101103,2026-09-06 10:18:23.000 +0530,70.2,97.9,30,49.0,-0.176,-0.003,0.309,2.846,0.201,0.556,2564,858,true,0
101104,2026-09-06 10:18:24.000 +0530,72.0,97.4,30,48.7,-0.187,0.034,0.318,2.75,0.702,1.29,2729,994,true,0
101105,2026-09-06 10:18:25.000 +0530,72.9,98.0,30,50.0,-0.228,0.007,0.375,1.245,0.507,1.283,2412,906,true,0
101106,2026-09-06 10:18:26.000 +0530,75.8,97.9,30,52.0,-0.383,0.258,0.302,2.065,1.005,0.599,2433,826,true,0
101107,2026-09-06 10:18:27.000 +0530,81.9,96.9,30,53.1,-0.05,0.163,0.453,2.676,0.835,1.044,2880,868,true,0
101108,2026-09-06 10:18:28.000 +0530,71.4,99.0,30,54.9,-0.191,0.14,0.292,1.925,0.796,1.063,2522,799,true,0
101109,2026-09-06 10:18:29.000 +0530,85.4,97.7,30,52.8,-0.041,0.027,0.363,3.447,0.886,1.52,2776,913,true,0
101110,2026-09-06 10:18:30.000 +0530,75.3,97.7,30,52.1,-0.191,-0.032,0.456,3.52,0.701,1.046,2889,806,true,0
101111,2026-09-06 10:18:31.000 +0530,73.0,98.0,30,50.5,-0.183,0.097,0.374,2.354,1.128,0.493,2570,875,true,0
101112,2026-09-06 10:18:32.000 +0530,74.1,98.3,30,51.5,-0.285,-0.01,0.421,2.319,1.089,1.001,2782,800,true,0
101113,2026-09-06 10:18:33.000 +0530,69.1,98.4,30,51.9,-0.014,0.04,0.284,2.867,0.585,0.429,2702,815,true,0
101114,2026-09-06 10:18:34.000 +0530,69.1,98.3,30,50.6,-0.171,0.171,0.305,2.498,0.414,0.78,2576,948,true,0
101115,2026-09-06 10:18:35.000 +0530,72.7,98.3,30,50.8,-0.229,0.05,0.444,0.94,0.698,0.493,2657,950,true,0
101116,2026-09-06 10:18:36.000 +0530,77.6,98.0,30,51.4,-0.288,0.096,0.416,1.399,0.602,1.057,3063,852,true,0
101117,2026-09-06 10:18:37.000 +0530,77.7,97.8,30,51.3,-0.288,0.147,0.251,2.439,0.443,1.332,2285,923,true,0
101118,2026-09-06 10:18:38.000 +0530,77.9,97.6,30,51.6,-0.157,0.06,0.395,1.978,0.633,0.731,2825,908,true,0
101119,2026-09-06 10:18:39.000 +0530,72.9,98.0,30,52.6,-0.308,0.104,0.344,2.252,0.521,0.981,2507,931,true,0
101120,2026-09-06 10:18:40.000 +0530,74.1,97.9,30,47.4,-0.227,0.069,0.532,1.63,0.33,1.357,2432,941,true,0
101121,2026-09-06 10:18:41.000 +0530,73.7,98.3,30,50.1,-0.26,0.127,0.416,2.177,0.92,0.934,2530,869,true,0
101122,2026-09-06 10:18:42.000 +0530,75.3,97.7,30,50.1,-0.198,0.079,0.495,2.64,0.661,1.4,2885,932,true,0
101123,2026-09-06 10:18:43.000 +0530,85.3,97.9,30,50.6,-0.366,0.118,0.184,0.506,1.216,0.295,2688,989,true,0
101124,2026-09-06 10:18:44.000 +0530,81.0,97.4,30,53.1,-0.317,0.063,0.405,1.082,0.439,0.422,2724,848,true,0
101125,2026-09-06 10:18:45.000 +0530,76.1,97.5,30,55.2,-0.267,0.259,0.376,1.986,0.172,0.657,2684,1030,true,0
101126,2026-09-06 10:18:46.000 +0530,64.9,97.7,30,55.5,-0.245,0.089,0.431,2.581,0.324,1.437,2559,930,true,0
101127,2026-09-06 10:18:47.000 +0530,76.6,98.1,30,51.1,-0.136,0.105,0.416,1.452,0.78,0.814,2656,903,true,0
101128,2026-09-06 10:18:48.000 +0530,76.3,97.9,30,54.6,-0.401,0.089,0.281,1.57,0.868,0.767,2617,873,true,0
101129,2026-09-06 10:18:49.000 +0530,76.4,98.4,30,51.1,-0.076,0.142,0.45,2.053,0.546,1.007,3021,876,true,0
101130,2026-09-06 10:18:50.000 +0530,64.7,96.8,30,50.6,-0.047,0.229,0.269,2.904,0.853,0.708,2653,891,true,0
101131,2026-09-06 10:18:51.000 +0530,77.5,97.7,30,51.2,-0.09,0.073,0.373,1.529,0.868,1.305,2786,899,true,0
101132,2026-09-06 10:18:52.000 +0530,68.2,97.6,30,49.9,-0.206,0.105,0.301,1.616,0.363,0.574,2902,954,true,0
101133,2026-09-06 10:18:53.000 +0530,73.5,97.9,30,48.2,-0.249,-0.04,0.29,2.74,0.552,1.527,2435,974,true,0
101134,2026-09-06 10:18:54.000 +0530,75.3,99.4,30,52.2,-0.197,0.12,0.368,2.269,0.551,0.908,2853,948,true,0
101135,2026-09-06 10:18:55.000 +0530,75.2,98.2,30,47.5,-0.312,0.027,0.312,2.162,0.184,0.341,2473,870,true,0
101136,2026-09-06 10:18:56.000 +0530,77.2,97.9,30,50.6,-0.171,0.118,0.368,2.081,0.861,0.787,2782,976,true,0
101137,2026-09-06 10:18:57.000 +0530,71.3,97.6,30,48.8,-0.152,0.126,0.432,1.826,0.392,1.714,2445,856,true,0
101138,2026-09-06 10:18:58.000 +0530,82.7,98.0,30,50.0,-0.438,0.097,0.449,3.333,0.73,1.475,3078,859,true,0
101139,2026-09-06 10:18:59.000 +0530,73.1,97.5,30,47.7,-0.235,-0.042,0.346,2.042,0.051,1.07,2576,900,true,0
101140,2026-09-06 10:19:00.000 +0530,70.4,98.6,30,48.2,-0.365,0.052,0.46,1.956,0.415,0.758,3007,861,true,0
101141,2026-09-06 10:19:01.000 +0530,66.3,98.2,30,49.8,-0.199,0.059,0.309,2.711,0.267,0.556,2335,923,true,0
101142,2026-09-06 10:19:02.000 +0530,84.0,97.5,30,49.6,-0.243,0.166,0.286,2.212,0.643,0.92,2750,1050,true,0
101143,2026-09-06 10:19:03.000 +0530,73.9,98.4,30,50.4,-0.117,0.057,0.282,2.512,1.309,0.838,2651,1027,true,0
101144,2026-09-06 10:19:04.000 +0530,69.0,97.9,30,50.5,-0.168,-0.016,0.313,3.016,1.696,1.332,2760,1000,true,0
101145,2026-09-06 10:19:05.000 +0530,73.4,98.2,30,56.5,-0.266,0.057,0.299,1.851,0.643,0.869,2437,765,true,0
101146,2026-09-06 10:19:06.000 +0530,76.6,98.0,30,49.0,-0.266,-0.007,0.2,2.88,0.76,1.201,3041,993,true,0
101147,2026-09-06 10:19:07.000 +0530,71.7,98.6,30,50.3,-0.038,0.065,0.354,1.948,0.74,1.607,2819,738,true,0
101148,2026-09-06 10:19:08.000 +0530,76.4,97.9,30,50.9,-0.186,-0.041,0.31,2.088,0.561,0.754,2975,962,true,0
101149,2026-09-06 10:19:09.000 +0530,71.0,98.4,30,55.0,-0.227,-0.072,0.196,0.55,0.813,-0.084,2786,955,true,0
101150,2026-09-06 10:19:10.000 +0530,66.4,97.9,30,56.3,-0.197,0.015,0.307,2.67,0.707,0.836,2372,890,true,0
101151,2026-09-06 10:19:11.000 +0530,74.8,98.3,30,47.9,-0.2,0.054,0.407,1.975,0.274,0.355,2391,904,true,0
101152,2026-09-06 10:19:12.000 +0530,68.6,98.5,30,51.1,-0.207,0.082,0.204,3.87,1.163,0.796,2404,968,true,0
101153,2026-09-06 10:19:13.000 +0530,83.8,97.8,30,52.5,-0.285,0.03,0.382,2.289,-0.466,1.041,2675,837,true,0
101154,2026-09-06 10:19:14.000 +0530,73.1,97.9,30,49.0,-0.257,0.2,0.307,3.524,0.978,1.1,2795,891,true,0
101155,2026-09-06 10:19:15.000 +0530,73.7,98.5,30,52.0,-0.227,0.094,0.319,1.939,0.594,1.276,3202,928,true,0
101156,2026-09-06 10:19:16.000 +0530,70.3,98.7,30,47.2,-0.325,-0.002,0.327,2.272,0.672,1.314,2787,871,true,0
101157,2026-09-06 10:19:17.000 +0530,76.1,98.9,30,52.1,-0.145,0.006,0.197,1.593,0.867,0.591,2456,850,true,0
101158,2026-09-06 10:19:18.000 +0530,72.1,98.6,30,54.6,-0.2,0.06,0.423,1.592,0.548,0.768,2764,908,true,0
101159,2026-09-06 10:19:19.000 +0530,80.3,97.8,30,52.0,-0.274,0.093,0.289,1.837,0.322,0.757,2720,872,true,0
101160,2026-09-06 10:19:20.000 +0530,77.5,98.6,30,48.9,-0.21,0.071,0.375,3.231,1.126,1.769,2841,837,true,0
101161,2026-09-06 10:19:21.000 +0530,74.5,98.0,30,50.3,-0.162,-0.036,0.389,2.931,0.924,1.088,2641,860,true,0
101162,2026-09-06 10:19:22.000 +0530,69.5,97.9,30,52.1,-0.144,0.049,0.351,3.575,0.959,1.258,2574,834,true,0
101163,2026-09-06 10:19:23.000 +0530,79.1,97.9,30,52.0,-0.165,0.112,0.324,1.687,0.611,0.836,3318,962,true,0
101164,2026-09-06 10:19:24.000 +0530,73.7,97.2,30,49.6,-0.16,0.254,0.246,1.475,0.565,0.355,2785,903,true,0
101165,2026-09-06 10:19:25.000 +0530,74.8,98.3,30,47.1,-0.152,0.034,0.25,2.622,0.539,0.657,2777,995,true,0
101166,2026-09-06 10:19:26.000 +0530,75.3,98.4,30,47.7,-0.249,0.011,0.431,1.73,0.695,1.373,2871,1002,true,0
101167,2026-09-06 10:19:27.000 +0530,78.2,97.3,30,50.3,-0.149,0.117,0.34,2.488,0.747,0.607,2705,874,true,0
101168,2026-09-06 10:19:28.000 +0530,69.9,98.1,30,51.9,-0.1,-0.021,0.412,1.856,0.327,1.046,2910,991,true,0
101169,2026-09-06 10:19:29.000 +0530,71.0,97.6,30,50.3,-0.228,0.05,0.341,2.765,0.695,1.16,2840,836,true,0
101170,2026-09-06 10:19:30.000 +0530,72.1,98.5,30,52.5,-0.066,0.173,0.349,2.599,1.482,0.787,2845,828,true,0
101171,2026-09-06 10:19:31.000 +0530,84.0,97.5,30,46.6,0.002,0.084,0.293,3.082,0.272,0.849,2818,900,true,0
101172,2026-09-06 10:19:32.000 +0530,77.3,98.3,30,49.0,-0.164,-0.008,0.268,1.138,1.138,0.889,2590,954,true,0
101173,2026-09-06 10:19:33.000 +0530,66.5,97.3,30,54.1,-0.284,0.172,0.259,1.811,0.292,1.189,2669,870,true,0
101174,2026-09-06 10:19:34.000 +0530,76.9,97.8,30,49.5,-0.426,0.202,0.459,2.533,1.073,0.943,2894,986,true,0
101175,2026-09-06 10:19:35.000 +0530,74.4,98.2,30,55.0,-0.407,0.197,0.245,0.685,0.821,0.904,2920,856,true,0
101176,2026-09-06 10:19:36.000 +0530,77.2,98.2,30,48.6,-0.145,0.06,0.286,2.097,0.993,1.511,2645,742,true,0
101177,2026-09-06 10:19:37.000 +0530,58.4,98.1,30,46.5,-0.123,0.129,0.364,3.039,1.24,1.0,2976,853,true,0
101178,2026-09-06 10:19:38.000 +0530,71.2,97.9,30,44.9,-0.307,0.035,0.403,3.391,0.711,1.106,2845,1018,true,0
101179,2026-09-06 10:19:39.000 +0530,75.4,98.4,30,51.4,-0.215,0.068,0.331,0.731,0.306,1.437,2724,767,true,0
101180,2026-09-06 10:19:40.000 +0530,67.1,98.3,30,49.5,-0.235,0.11,0.398,2.109,0.901,0.695,2791,921,true,0
101181,2026-09-06 10:19:41.000 +0530,78.6,98.2,30,51.8,-0.136,0.176,0.312,0.383,-0.038,0.855,2314,803,true,0
101182,2026-09-06 10:19:42.000 +0530,70.2,97.8,30,51.6,-0.298,0.023,0.369,2.853,1.013,1.588,2552,921,true,0
101183,2026-09-06 10:19:43.000 +0530,65.0,97.3,30,46.9,-0.178,0.135,0.363,1.114,1.088,1.25,2727,865,true,0
101184,2026-09-06 10:19:44.000 +0530,81.7,98.3,30,49.7,-0.275,0.054,0.276,0.98,0.747,0.895,2857,1029,true,0
101185,2026-09-06 10:19:45.000 +0530,75.1,97.6,30,51.8,-0.23,0.073,0.318,1.919,0.547,0.976,2684,988,true,0
101186,2026-09-06 10:19:46.000 +0530,74.7,97.9,30,50.8,-0.11,0.175,0.339,1.672,0.927,1.303,2475,947,true,0
101187,2026-09-06 10:19:47.000 +0530,81.4,98.4,30,51.3,-0.127,0.077,0.362,2.025,1.21,1.088,3024,919,true,0
101188,2026-09-06 10:19:48.000 +0530,78.3,98.1,30,46.9,-0.229,0.065,0.422,3.842,1.199,1.355,2532,884,true,0
101189,2026-09-06 10:19:49.000 +0530,75.9,97.2,30,48.6,-0.131,0.076,0.283,0.743,0.411,0.993,2672,940,true,0
101190,2026-09-06 10:19:50.000 +0530,71.3,97.9,30,48.4,-0.223,0.163,0.355,1.546,0.83,0.742,2662,886,true,0
101191,2026-09-06 10:19:51.000 +0530,73.0,98.1,30,50.7,-0.205,0.077,0.346,2.599,0.52,1.264,2560,964,true,0
101192,2026-09-06 10:19:52.000 +0530,69.0,97.9,30,50.0,-0.163,0.125,0.36,2.698,0.523,0.716,2837,789,true,0
101193,2026-09-06 10:19:53.000 +0530,73.0,98.1,30,47.8,-0.148,0.096,0.217,2.842,0.247,0.826,2708,887,true,0
101194,2026-09-06 10:19:54.000 +0530,69.0,97.5,30,48.8,-0.188,0.103,0.347,2.247,0.951,1.243,2747,869,true,0
101195,2026-09-06 10:19:55.000 +0530,68.2,97.8,30,50.6,-0.209,0.218,0.436,3.749,-0.109,1.008,2525,893,true,0
101196,2026-09-06 10:19:56.000 +0530,74.5,97.4,30,51.2,-0.183,0.101,0.313,0.95,0.64,1.206,2459,855,true,0
101197,2026-09-06 10:19:57.000 +0530,73.4,97.5,30,51.8,-0.311,0.134,0.263,2.947,0.461,0.957,2586,1013,true,0
101198,2026-09-06 10:19:58.000 +0530,82.8,98.5,30,49.1,-0.121,0.072,0.269,3.055,0.734,0.299,2876,919,true,0
101199,2026-09-06 10:19:59.000 +0530,75.0,98.7,30,53.1,-0.255,0.25,0.365,1.908,0.994,1.173,2576,930,true,0
101200,2026-09-06 10:20:00.000 +0530,72.3,98.6,30,48.4,-0.08,0.021,0.341,1.239,0.313,0.858,2922,1079,true,0
101201,2026-09-06 10:20:01.000 +0530,67.4,99.2,30,51.4,-0.087,0.12,0.469,2.285,1.341,1.242,2728,1056,true,0
101202,2026-09-06 10:20:02.000 +0530,76.2,98.8,30,53.5,-0.203,0.141,0.33,1.225,0.734,1.19,2764,919,true,0
101203,2026-09-06 10:20:03.000 +0530,69.1,97.6,30,47.1,-0.305,0.054,0.384,3.018,0.542,0.83,2738,970,true,0
101204,2026-09-06 10:20:04.000 +0530,72.4,98.3,30,47.9,-0.233,-0.093,0.446,1.458,0.11,0.982,2616,961,true,0
101205,2026-09-06 10:20:05.000 +0530,68.3,98.1,30,51.9,-0.089,-0.031,0.401,2.034,1.214,-0.087,2784,906,true,0
101206,2026-09-06 10:20:06.000 +0530,74.4,97.8,30,52.5,-0.147,0.056,0.285,2.63,0.62,0.738,2595,1090,true,0
101207,2026-09-06 10:20:07.000 +0530,79.9,98.5,30,50.6,-0.24,0.047,0.254,3.046,0.781,1.09,2674,925,true,0
101208,2026-09-06 10:20:08.000 +0530,78.4,98.4,30,48.9,-0.256,0.068,0.277,2.549,0.944,0.604,2708,828,true,0
101209,2026-09-06 10:20:09.000 +0530,77.8,98.7,30,49.6,-0.231,0.079,0.281,2.218,0.566,1.076,2954,856,true,0
101210,2026-09-06 10:20:10.000 +0530,76.6,97.7,30,50.3,-0.203,-0.052,0.255,0.985,0.487,1.348,2548,946,true,0
101211,2026-09-06 10:20:11.000 +0530,74.4,97.9,30,49.6,-0.104,0.168,0.373,2.026,1.074,1.997,2580,894,true,0
101212,2026-09-06 10:20:12.000 +0530,66.0,98.7,30,52.7,-0.154,0.087,0.282,2.193,0.695,0.839,2757,944,true,0
101213,2026-09-06 10:20:13.000 +0530,77.7,97.7,30,48.4,-0.158,0.163,0.196,2.142,0.3,1.205,2905,844,true,0
101214,2026-09-06 10:20:14.000 +0530,83.4,97.9,30,55.5,-0.149,0.12,0.216,1.522,1.307,0.943,2627,943,true,0
101215,2026-09-06 10:20:15.000 +0530,81.2,97.2,30,48.1,-0.246,0.107,0.282,1.127,0.816,1.114,2510,978,true,0
101216,2026-09-06 10:20:16.000 +0530,83.2,98.1,30,50.3,-0.226,0.068,0.324,3.013,1.209,0.78,2568,916,true,0
101217,2026-09-06 10:20:17.000 +0530,75.8,97.5,30,49.0,-0.122,0.054,0.247,0.976,1.049,0.626,2825,812,true,0
101218,2026-09-06 10:20:18.000 +0530,74.5,97.2,30,47.5,-0.179,0.056,0.306,1.938,0.796,0.55,2548,831,true,0
101219,2026-09-06 10:20:19.000 +0530,77.9,98.5,30,53.9,-0.121,0.021,0.391,0.478,1.405,0.787,2967,984,true,0
101220,2026-09-06 10:20:20.000 +0530,75.2,97.7,30,47.1,-0.293,0.118,0.376,1.934,0.646,0.948,2602,886,true,0
101221,2026-09-06 10:20:21.000 +0530,70.5,97.6,30,52.6,-0.231,0.046,0.372,3.004,0.952,0.992,2575,861,true,0
101222,2026-09-06 10:20:22.000 +0530,68.3,97.1,30,47.1,-0.316,0.067,0.336,1.944,0.82,0.74,2865,901,true,0
101223,2026-09-06 10:20:23.000 +0530,67.8,98.4,30,50.0,-0.278,0.05,0.492,2.27,0.776,0.651,2719,813,true,0
101224,2026-09-06 10:20:24.000 +0530,78.4,98.6,30,51.9,-0.266,0.052,0.226,0.675,0.794,1.44,2730,870,true,0
101225,2026-09-06 10:20:25.000 +0530,79.0,97.1,30,46.9,-0.228,0.138,0.386,1.814,1.036,0.495,2618,924,true,0
101226,2026-09-06 10:20:26.000 +0530,66.7,97.5,30,49.3,-0.073,-0.002,0.374,1.584,0.7,0.985,2593,827,true,0
101227,2026-09-06 10:20:27.000 +0530,65.2,97.4,30,55.2,-0.034,0.211,0.309,2.35,0.9,1.112,2444,816,true,0
101228,2026-09-06 10:20:28.000 +0530,74.5,97.9,30,49.9,-0.091,0.115,0.449,2.544,1.213,1.254,2874,924,true,0
101229,2026-09-06 10:20:29.000 +0530,77.1,98.6,30,53.0,-0.277,0.105,0.43,3.016,0.752,1.279,2909,909,true,0
101230,2026-09-06 10:20:30.000 +0530,70.2,98.1,30,53.2,-0.242,0.092,0.219,2.911,0.477,0.585,2572,974,true,0
101231,2026-09-06 10:20:31.000 +0530,82.5,98.6,30,46.9,-0.04,0.006,0.453,1.883,0.819,0.946,2707,885,true,0
101232,2026-09-06 10:20:32.000 +0530,80.9,97.7,30,55.8,-0.172,0.153,0.386,2.227,0.999,0.862,2810,880,true,0
101233,2026-09-06 10:20:33.000 +0530,78.4,97.7,30,51.5,-0.253,0.091,0.525,1.957,0.638,0.873,2791,959,true,0
101234,2026-09-06 10:20:34.000 +0530,75.0,98.5,30,45.6,-0.237,0.152,0.14,1.374,0.538,1.16,2341,948,true,0
101235,2026-09-06 10:20:35.000 +0530,69.9,97.9,30,48.8,-0.149,0.16,0.503,2.473,0.672,1.1,2779,832,true,0
101236,2026-09-06 10:20:36.000 +0530,73.6,98.2,30,51.5,-0.16,0.019,0.171,1.609,1.176,0.677,2484,900,true,0
101237,2026-09-06 10:20:37.000 +0530,75.7,97.9,30,48.1,-0.078,-0.023,0.223,1.205,0.884,1.138,2218,877,true,0
101238,2026-09-06 10:20:38.000 +0530,77.0,98.6,30,48.2,-0.213,-0.015,0.359,2.839,1.029,0.367,2343,865,true,0
101239,2026-09-06 10:20:39.000 +0530,75.8,97.7,30,49.0,-0.143,0.089,0.35,-0.028,1.308,1.088,2456,841,true,0
101240,2026-09-06 10:20:40.000 +0530,67.2,98.3,30,50.5,-0.225,0.012,0.404,1.778,0.196,1.342,2893,999,true,0
101241,2026-09-06 10:20:41.000 +0530,73.8,98.0,30,50.3,-0.173,0.043,0.301,1.483,1.288,1.917,2586,807,true,0
101242,2026-09-06 10:20:42.000 +0530,78.5,98.0,30,50.2,-0.232,0.014,0.368,2.252,0.222,0.33,2910,940,true,0
101243,2026-09-06 10:20:43.000 +0530,71.6,98.4,30,51.3,-0.096,0.103,0.359,1.374,0.266,1.204,2645,985,true,0
101244,2026-09-06 10:20:44.000 +0530,76.9,98.0,30,50.2,-0.21,0.096,0.248,1.206,0.471,0.627,2940,885,true,0
101245,2026-09-06 10:20:45.000 +0530,71.9,97.4,30,51.6,-0.146,0.037,0.341,1.045,0.353,0.633,2659,975,true,0
101246,2026-09-06 10:20:46.000 +0530,68.7,97.8,30,46.4,-0.229,0.009,0.319,2.393,0.981,0.783,2608,929,true,0
101247,2026-09-06 10:20:47.000 +0530,74.9,97.3,30,51.0,-0.222,0.2,0.378,1.934,0.046,0.322,2478,903,true,0
101248,2026-09-06 10:20:48.000 +0530,71.9,98.2,30,47.4,-0.327,0.076,0.436,3.248,0.504,1.415,2401,904,true,0
101249,2026-09-06 10:20:49.000 +0530,75.6,97.4,30,50.5,-0.275,-0.003,0.37,1.26,0.457,0.317,2513,779,true,0
101250,2026-09-06 10:20:50.000 +0530,74.2,97.5,30,48.8,-0.222,0.085,0.327,1.571,0.876,0.872,2692,763,true,0
101251,2026-09-06 10:20:51.000 +0530,73.6,98.3,30,50.2,-0.235,0.104,0.401,1.025,0.804,1.242,2961,868,true,0
101252,2026-09-06 10:20:52.000 +0530,73.4,97.0,30,46.9,-0.167,0.244,0.185,1.507,0.553,0.928,2584,931,true,0
101253,2026-09-06 10:20:53.000 +0530,69.5,97.0,30,53.7,-0.232,-0.08,0.434,3.733,-0.006,1.591,2905,1049,true,0
101254,2026-09-06 10:20:54.000 +0530,75.4,98.8,30,52.8,-0.214,0.05,0.471,0.543,1.133,1.341,2672,912,true,0
101255,2026-09-06 10:20:55.000 +0530,70.3,97.5,30,49.2,-0.213,0.076,0.31,2.836,0.422,0.409,2719,945,true,0
101256,2026-09-06 10:20:56.000 +0530,72.2,97.8,30,48.4,-0.362,0.006,0.419,2.598,0.592,1.011,2421,885,true,0
101257,2026-09-06 10:20:57.000 +0530,70.6,97.8,30,51.4,-0.183,0.138,0.31,2.783,0.555,1.276,2927,971,true,0
101258,2026-09-06 10:20:58.000 +0530,67.1,98.8,30,48.5,-0.145,0.01,0.356,2.841,0.764,0.914,2837,886,true,0
101259,2026-09-06 10:20:59.000 +0530,78.4,97.4,30,49.8,-0.065,0.042,0.423,2.164,0.234,1.13,2787,889,true,0
101260,2026-09-06 10:21:00.000 +0530,69.3,97.7,30,51.7,-0.138,0.139,0.344,2.418,0.94,0.645,2803,849,true,0
101261,2026-09-06 10:21:01.000 +0530,75.4,98.2,30,53.7,-0.169,0.011,0.416,2.254,0.76,0.588,2752,826,true,0
101262,2026-09-06 10:21:02.000 +0530,70.1,98.1,30,52.6,-0.238,0.134,0.343,0.812,0.392,0.918,2305,805,true,0
101263,2026-09-06 10:21:03.000 +0530,75.3,97.6,30,47.9,-0.182,0.113,0.52,1.542,1.327,0.871,2554,927,true,0
101264,2026-09-06 10:21:04.000 +0530,80.4,98.7,30,50.1,-0.175,0.016,0.365,3.146,0.799,1.877,2951,1005,true,0
101265,2026-09-06 10:21:05.000 +0530,81.0,97.4,30,46.7,-0.192,0.083,0.339,2.177,0.841,1.475,2593,885,true,0
101266,2026-09-06 10:21:06.000 +0530,77.4,98.3,30,48.6,-0.279,0.142,0.443,1.971,0.018,1.002,2827,897,true,0
101267,2026-09-06 10:21:07.000 +0530,67.2,98.2,30,52.3,-0.228,0.049,0.426,2.031,0.129,0.945,2785,958,true,0
101268,2026-09-06 10:21:08.000 +0530,77.2,99.2,30,50.0,-0.153,0.158,0.403,0.804,0.746,1.117,2731,937,true,0
101269,2026-09-06 10:21:09.000 +0530,74.3,97.9,30,51.4,-0.207,0.086,0.401,2.321,0.684,1.206,2659,824,true,0
101270,2026-09-06 10:21:10.000 +0530,77.0,98.0,30,51.0,-0.125,0.12,0.389,0.33,0.395,1.038,2697,834,true,0
101271,2026-09-06 10:21:11.000 +0530,70.0,97.6,30,53.3,-0.134,0.058,0.28,1.351,0.783,0.486,2330,943,true,0
101272,2026-09-06 10:21:12.000 +0530,66.4,97.7,30,52.1,-0.164,0.148,0.415,2.62,1.192,1.207,2801,1017,true,0
101273,2026-09-06 10:21:13.000 +0530,72.5,96.9,30,46.2,-0.024,0.037,0.327,2.438,0.299,0.79,2478,824,true,0
101274,2026-09-06 10:21:14.000 +0530,83.2,97.2,30,47.0,-0.258,0.002,0.313,1.547,0.456,0.92,2831,988,true,0
101275,2026-09-06 10:21:15.000 +0530,72.9,97.6,30,48.6,-0.17,0.165,0.32,2.777,0.198,1.034,2670,756,true,0
101276,2026-09-06 10:21:16.000 +0530,75.8,98.9,30,55.2,-0.256,0.056,0.346,3.459,0.775,0.525,2682,856,true,0
101277,2026-09-06 10:21:17.000 +0530,65.2,98.3,30,48.9,-0.181,0.12,0.374,2.115,0.717,1.753,2484,917,true,0
101278,2026-09-06 10:21:18.000 +0530,71.6,98.0,30,50.8,-0.249,0.162,0.184,1.364,0.709,1.199,2815,792,true,0
101279,2026-09-06 10:21:19.000 +0530,81.2,98.5,30,52.7,-0.134,0.013,0.427,3.469,0.657,1.443,2366,797,true,0
101280,2026-09-06 10:21:20.000 +0530,78.5,97.6,30,50.4,-0.232,0.119,0.342,0.753,0.408,1.303,2802,991,true,0
101281,2026-09-06 10:21:21.000 +0530,72.6,98.1,30,47.7,-0.063,0.078,0.369,2.617,0.445,1.75,2498,798,true,0
101282,2026-09-06 10:21:22.000 +0530,78.0,97.5,30,51.0,-0.176,0.044,0.382,3.25,1.266,0.581,2801,906,true,0
101283,2026-09-06 10:21:23.000 +0530,66.3,97.6,30,47.9,-0.21,0.093,0.32,2.862,0.376,0.531,2787,990,true,0
101284,2026-09-06 10:21:24.000 +0530,74.2,98.0,30,51.7,-0.174,0.171,0.525,3.154,0.767,1.087,2760,933,true,0
101285,2026-09-06 10:21:25.000 +0530,74.7,98.2,30,47.7,-0.287,0.099,0.336,1.776,0.244,0.642,2775,918,true,0
101286,2026-09-06 10:21:26.000 +0530,71.8,98.2,30,51.5,-0.215,0.005,0.33,0.839,1.228,0.733,2809,881,true,0
101287,2026-09-06 10:21:27.000 +0530,68.2,97.4,30,51.1,-0.266,0.107,0.235,1.735,0.012,1.198,2817,788,true,0
101288,2026-09-06 10:21:28.000 +0530,80.8,98.5,30,51.4,-0.23,0.201,0.304,0.977,0.901,1.245,2966,906,true,0
101289,2026-09-06 10:21:29.000 +0530,76.8,98.0,30,51.6,-0.143,0.001,0.327,1.272,1.248,0.887,2736,878,true,0
101290,2026-09-06 10:21:30.000 +0530,73.6,97.3,30,49.2,-0.254,-0.002,0.435,2.889,0.635,1.001,3089,1006,true,0
101291,2026-09-06 10:21:31.000 +0530,76.9,98.3,30,51.4,-0.235,0.139,0.286,3.701,0.719,1.08,3052,847,true,0
101292,2026-09-06 10:21:32.000 +0530,74.2,97.9,30,50.3,-0.267,0.111,0.38,2.493,0.577,1.004,2648,885,true,0
101293,2026-09-06 10:21:33.000 +0530,71.5,96.7,30,52.2,-0.143,0.087,0.396,2.464,0.258,0.391,2623,946,true,0
101294,2026-09-06 10:21:34.000 +0530,80.2,97.3,30,47.9,-0.178,0.188,0.337,2.591,1.043,1.342,2854,861,true,0
101295,2026-09-06 10:21:35.000 +0530,62.9,98.0,30,49.1,-0.146,0.043,0.429,2.343,0.153,-0.108,2569,953,true,0
101296,2026-09-06 10:21:36.000 +0530,75.8,98.3,30,50.7,-0.168,0.034,0.315,2.156,0.136,0.797,2763,820,true,0
101297,2026-09-06 10:21:37.000 +0530,75.1,98.0,30,48.7,-0.235,0.069,0.241,2.808,0.876,1.111,2475,891,true,0
101298,2026-09-06 10:21:38.000 +0530,64.9,97.9,30,48.6,-0.188,0.094,0.309,-0.125,0.589,0.625,2718,919,true,0
101299,2026-09-06 10:21:39.000 +0530,70.4,98.1,30,50.9,-0.178,0.091,0.402,1.449,0.424,0.946,2600,1020,true,0
101300,2026-09-06 10:21:40.000 +0530,77.5,98.7,30,50.9,-0.159,0.158,0.276,1.868,0.369,1.166,2699,917,true,0
101301,2026-09-06 10:21:41.000 +0530,74.4,98.0,30,53.4,-0.163,0.046,0.228,2.855,1.029,0.817,2695,975,true,0
101302,2026-09-06 10:21:42.000 +0530,66.7,98.6,30,51.8,-0.349,0.06,0.322,1.137,1.658,1.196,2545,942,true,0
101303,2026-09-06 10:21:43.000 +0530,72.3,98.4,30,48.8,-0.193,0.058,0.249,1.374,0.89,1.188,2961,913,true,0
101304,2026-09-06 10:21:44.000 +0530,68.6,97.7,30,50.3,-0.229,-0.035,0.421,1.12,0.697,1.027,2703,1142,true,0
101305,2026-09-06 10:21:45.000 +0530,82.0,98.4,30,51.3,-0.345,0.079,0.306,3.439,1.051,0.275,2506,959,true,0
101306,2026-09-06 10:21:46.000 +0530,81.1,98.0,30,49.5,-0.303,0.023,0.381,1.277,0.427,0.899,2550,936,true,0
101307,2026-09-06 10:21:47.000 +0530,76.8,98.2,30,51.2,-0.262,0.087,0.355,2.492,0.602,1.2,2662,718,true,0
101308,2026-09-06 10:21:48.000 +0530,70.8,97.4,30,48.4,-0.113,0.078,0.476,2.116,0.878,0.889,2214,988,true,0
101309,2026-09-06 10:21:49.000 +0530,73.4,97.9,30,51.0,-0.158,0.001,0.366,2.304,0.893,1.07,2678,886,true,0
101310,2026-09-06 10:21:50.000 +0530,76.3,97.3,30,53.1,-0.023,0.015,0.368,1.442,0.466,0.465,2482,859,true,0
101311,2026-09-06 10:21:51.000 +0530,80.5,97.4,30,50.9,-0.033,0.204,0.476,1.698,0.223,0.885,3103,865,true,0
101312,2026-09-06 10:21:52.000 +0530,64.8,98.0,30,46.3,-0.047,0.015,0.335,2.411,0.719,0.617,2823,855,true,0
101313,2026-09-06 10:21:53.000 +0530,62.6,97.9,30,49.6,-0.286,0.077,0.399,2.036,0.803,0.749,2895,923,true,0
101314,2026-09-06 10:21:54.000 +0530,71.8,98.0,30,47.3,-0.225,0.1,0.321,1.802,0.612,0.882,2907,1023,true,0
101315,2026-09-06 10:21:55.000 +0530,70.9,97.4,30,47.9,-0.353,0.15,0.425,3.044,0.047,1.526,2532,781,true,0
101316,2026-09-06 10:21:56.000 +0530,73.2,97.9,30,51.0,-0.214,0.027,0.386,0.632,0.41,1.151,3071,941,true,0
101317,2026-09-06 10:21:57.000 +0530,72.0,97.8,30,54.7,-0.237,-0.003,0.311,2.675,1.333,1.504,2389,832,true,0
101318,2026-09-06 10:21:58.000 +0530,70.1,97.4,30,53.1,-0.063,-0.026,0.331,1.377,0.434,0.781,2701,955,true,0
101319,2026-09-06 10:21:59.000 +0530,73.1,97.9,30,51.0,-0.189,0.084,0.316,1.861,1.318,1.77,2513,993,true,0
101320,2026-09-06 10:22:00.000 +0530,76.3,97.5,30,50.3,-0.304,0.079,0.364,1.45,0.278,0.907,2452,899,true,0
101321,2026-09-06 10:22:01.000 +0530,76.0,97.8,30,52.8,-0.066,0.073,0.251,2.354,0.264,1.222,2840,923,true,0
101322,2026-09-06 10:22:02.000 +0530,76.1,98.9,30,48.8,-0.212,0.015,0.354,0.918,1.202,-0.164,2899,821,true,0
101323,2026-09-06 10:22:03.000 +0530,76.7,98.2,30,46.4,-0.323,0.245,0.409,2.167,0.554,0.946,2532,1014,true,0
101324,2026-09-06 10:22:04.000 +0530,77.0,98.0,30,49.6,-0.214,0.117,0.376,2.255,0.663,1.081,2752,954,true,0
101325,2026-09-06 10:22:05.000 +0530,80.4,98.1,30,51.0,-0.197,-0.001,0.463,1.3,0.726,0.82,2688,987,true,0
101326,2026-09-06 10:22:06.000 +0530,74.1,97.3,30,49.1,-0.221,-0.059,0.252,2.241,0.817,1.082,2672,984,true,0
101327,2026-09-06 10:22:07.000 +0530,82.8,98.0,30,48.2,-0.102,0.032,0.445,1.673,0.376,0.709,2746,850,true,0
101328,2026-09-06 10:22:08.000 +0530,79.0,97.9,30,49.1,-0.129,0.051,0.285,3.562,0.969,1.172,2689,961,true,0
101329,2026-09-06 10:22:09.000 +0530,72.7,97.8,30,48.4,-0.212,0.058,0.315,1.158,0.352,1.414,2496,973,true,0
101330,2026-09-06 10:22:10.000 +0530,72.9,98.2,30,52.0,-0.06,0.13,0.216,1.677,0.784,0.777,2627,966,true,0
101331,2026-09-06 10:22:11.000 +0530,73.3,97.7,30,50.4,-0.219,0.097,0.325,2.023,0.278,0.717,2669,936,true,0
101332,2026-09-06 10:22:12.000 +0530,67.5,97.9,30,52.0,-0.255,0.128,0.443,0.948,0.674,0.554,2506,933,true,0
101333,2026-09-06 10:22:13.000 +0530,82.4,98.3,30,50.9,-0.183,0.022,0.282,2.352,0.713,0.681,2883,843,true,0
101334,2026-09-06 10:22:14.000 +0530,74.9,97.6,30,51.8,-0.172,-0.044,0.392,2.076,0.909,0.737,2811,764,true,0
101335,2026-09-06 10:22:15.000 +0530,76.0,97.0,30,52.5,-0.208,0.058,0.293,2.437,0.504,0.841,2962,936,true,0
101336,2026-09-06 10:22:16.000 +0530,72.7,97.7,30,51.7,-0.256,0.253,0.375,1.193,1.096,0.635,2520,912,true,0
101337,2026-09-06 10:22:17.000 +0530,74.6,97.3,30,51.1,-0.144,0.179,0.413,2.454,1.108,0.929,2914,877,true,0
101338,2026-09-06 10:22:18.000 +0530,69.1,97.9,30,51.8,-0.186,0.078,0.255,2.153,0.262,1.335,2794,898,true,0
101339,2026-09-06 10:22:19.000 +0530,76.2,97.8,30,47.9,-0.332,0.122,0.493,2.123,-0.36,1.373,2582,930,true,0
101340,2026-09-06 10:22:20.000 +0530,78.7,98.8,30,52.0,-0.177,0.069,0.293,1.896,0.724,0.601,2723,964,true,0
101341,2026-09-06 10:22:21.000 +0530,69.8,97.7,30,49.9,-0.403,0.017,0.299,1.423,0.661,1.419,2666,933,true,0
101342,2026-09-06 10:22:22.000 +0530,66.2,97.7,30,50.5,-0.287,0.169,0.374,1.923,0.533,0.669,2641,963,true,0
101343,2026-09-06 10:22:23.000 +0530,71.4,97.6,30,51.6,-0.172,0.057,0.394,1.842,0.612,0.629,2731,804,true,0
101344,2026-09-06 10:22:24.000 +0530,72.8,96.6,30,48.0,-0.187,0.053,0.222,2.521,0.723,0.74,2630,997,true,0
101345,2026-09-06 10:22:25.000 +0530,73.7,97.4,30,51.3,-0.274,0.057,0.365,2.272,0.153,1.088,2664,879,true,0
101346,2026-09-06 10:22:26.000 +0530,77.9,97.4,30,51.5,-0.131,0.096,0.336,1.844,0.219,0.608,2737,1011,true,0
101347,2026-09-06 10:22:27.000 +0530,71.2,98.0,30,49.5,-0.105,-0.038,0.508,2.117,1.102,0.533,2687,816,true,0
101348,2026-09-06 10:22:28.000 +0530,72.9,97.5,30,50.8,-0.073,0.004,0.322,2.406,0.68,1.78,2835,885,true,0
101349,2026-09-06 10:22:29.000 +0530,65.6,98.4,30,52.9,-0.219,0.1,0.305,1.663,0.575,0.574,2973,910,true,0
101350,2026-09-06 10:22:30.000 +0530,74.3,97.1,30,49.2,-0.237,0.058,0.259,2.255,0.322,0.396,2670,774,true,0
101351,2026-09-06 10:22:31.000 +0530,69.2,97.8,30,49.3,-0.106,0.201,0.34,1.736,1.004,0.987,2615,882,true,0
101352,2026-09-06 10:22:32.000 +0530,70.0,98.1,30,50.9,-0.216,0.093,0.459,2.689,0.226,0.664,2599,936,true,0
101353,2026-09-06 10:22:33.000 +0530,72.8,99.1,30,48.0,-0.24,0.057,0.359,3.032,1.461,1.577,2963,891,true,0
101354,2026-09-06 10:22:34.000 +0530,69.0,98.0,30,46.2,-0.409,-0.001,0.254,1.897,1.138,1.14,2797,881,true,0
101355,2026-09-06 10:22:35.000 +0530,80.7,98.6,30,50.7,-0.189,0.072,0.322,1.262,0.542,1.07,2881,855,true,0
101356,2026-09-06 10:22:36.000 +0530,68.9,97.5,30,49.3,-0.278,0.088,0.383,2.024,0.605,1.324,2743,845,true,0
101357,2026-09-06 10:22:37.000 +0530,77.2,97.8,30,49.0,-0.267,-0.001,0.432,2.487,1.084,1.118,2436,956,true,0
101358,2026-09-06 10:22:38.000 +0530,78.4,97.4,30,52.2,-0.129,0.011,0.42,0.77,0.927,1.051,2705,887,true,0
101359,2026-09-06 10:22:39.000 +0530,76.6,97.6,30,52.3,-0.123,-0.074,0.452,1.687,0.573,1.053,2973,913,true,0
101360,2026-09-06 10:22:40.000 +0530,61.7,98.5,30,48.7,-0.189,0.086,0.243,0.577,0.655,1.142,2991,972,true,0
101361,2026-09-06 10:22:41.000 +0530,77.6,98.0,30,54.1,-0.236,0.072,0.214,0.811,0.195,0.673,2485,916,true,0
101362,2026-09-06 10:22:42.000 +0530,82.6,98.1,30,48.4,-0.264,0.063,0.413,2.765,0.255,0.799,2833,981,true,0
101363,2026-09-06 10:22:43.000 +0530,75.3,97.4,30,49.9,-0.313,0.068,0.422,2.665,0.493,0.544,2714,873,true,0
101364,2026-09-06 10:22:44.000 +0530,82.8,98.2,30,51.4,-0.142,0.004,0.364,1.895,0.549,0.898,2790,887,true,0
101365,2026-09-06 10:22:45.000 +0530,80.2,97.4,30,53.6,-0.271,0.013,0.375,1.551,1.662,1.089,2682,898,true,0
101366,2026-09-06 10:22:46.000 +0530,84.0,97.6,30,51.4,-0.12,0.114,0.314,2.597,1.075,0.897,2429,929,true,0
101367,2026-09-06 10:22:47.000 +0530,72.7,97.8,30,53.1,-0.192,0.049,0.279,0.656,0.431,0.91,2513,841,true,0
101368,2026-09-06 10:22:48.000 +0530,79.0,97.8,30,51.5,-0.132,0.058,0.276,1.543,0.971,0.33,2821,872,true,0
101369,2026-09-06 10:22:49.000 +0530,73.5,97.6,30,53.3,-0.238,0.128,0.199,2.132,0.444,1.552,2944,996,true,0
101370,2026-09-06 10:22:50.000 +0530,80.1,98.7,30,53.3,-0.204,0.067,0.347,1.712,0.057,1.471,2849,857,true,0
101371,2026-09-06 10:22:51.000 +0530,79.3,97.8,30,51.6,-0.148,0.015,0.371,2.429,0.41,0.885,2643,779,true,0
101372,2026-09-06 10:22:52.000 +0530,76.2,98.0,30,49.9,-0.179,0.039,0.302,0.821,0.711,1.189,2543,934,true,0
101373,2026-09-06 10:22:53.000 +0530,84.4,97.5,30,48.7,-0.228,0.083,0.289,2.827,0.426,0.192,2897,950,true,0
101374,2026-09-06 10:22:54.000 +0530,80.8,97.9,30,47.1,-0.086,0.162,0.394,2.264,1.33,1.351,2695,850,true,0
101375,2026-09-06 10:22:55.000 +0530,77.6,97.2,30,51.4,-0.194,0.097,0.427,2.366,0.676,1.055,2834,886,true,0
101376,2026-09-06 10:22:56.000 +0530,69.5,96.6,30,51.8,-0.177,-0.008,0.319,2.589,0.772,0.821,2516,868,true,0
101377,2026-09-06 10:22:57.000 +0530,68.6,97.6,30,49.0,-0.158,0.12,0.481,1.632,0.214,1.294,3009,869,true,0
101378,2026-09-06 10:22:58.000 +0530,71.3,98.0,30,51.1,-0.188,0.053,0.455,1.255,0.944,1.116,2861,918,true,0
101379,2026-09-06 10:22:59.000 +0530,67.6,97.7,30,51.8,-0.266,0.092,0.488,1.745,0.649,0.628,2333,878,true,0
101380,2026-09-06 10:23:00.000 +0530,74.5,99.0,30,52.5,-0.253,0.111,0.328,1.936,0.493,1.099,2180,837,true,0
101381,2026-09-06 10:23:01.000 +0530,84.5,98.0,30,49.6,-0.4,0.026,0.326,2.524,1.251,0.702,2461,800,true,0
101382,2026-09-06 10:23:02.000 +0530,71.7,98.2,30,51.1,-0.282,0.105,0.346,2.253,0.389,1.375,2597,953,true,0
101383,2026-09-06 10:23:03.000 +0530,71.3,98.2,30,53.9,-0.283,0.031,0.282,3.18,1.019,1.254,2610,792,true,0
101384,2026-09-06 10:23:04.000 +0530,70.6,97.4,30,50.0,-0.168,0.096,0.384,0.126,1.549,1.575,2859,907,true,0
101385,2026-09-06 10:23:05.000 +0530,70.7,99.1,30,49.9,-0.214,0.039,0.476,2.189,0.524,1.185,2872,752,true,0
101386,2026-09-06 10:23:06.000 +0530,73.3,97.8,30,50.6,-0.163,0.099,0.286,2.265,0.823,0.565,2744,882,true,0
101387,2026-09-06 10:23:07.000 +0530,76.8,98.4,30,46.4,-0.166,0.096,0.378,3.244,0.993,1.656,2957,879,true,0
101388,2026-09-06 10:23:08.000 +0530,72.5,97.6,30,48.5,-0.136,0.091,0.44,1.745,0.751,0.456,2812,835,true,0
101389,2026-09-06 10:23:09.000 +0530,63.0,97.6,30,48.0,-0.213,0.092,0.366,3.324,0.745,1.02,2347,1010,true,0
101390,2026-09-06 10:23:10.000 +0530,64.5,97.1,30,50.2,-0.239,-0.006,0.424,2.014,1.364,0.726,2507,936,true,0
101391,2026-09-06 10:23:11.000 +0530,71.3,97.2,30,51.5,-0.323,-0.03,0.585,1.325,0.449,1.414,3055,789,true,0
101392,2026-09-06 10:23:12.000 +0530,68.6,98.7,30,52.5,-0.241,0.064,0.33,2.234,1.54,1.328,2486,861,true,0
101393,2026-09-06 10:23:13.000 +0530,70.9,97.6,30,52.5,-0.187,0.058,0.228,1.632,0.596,1.015,2655,851,true,0
101394,2026-09-06 10:23:14.000 +0530,70.1,98.1,30,47.7,-0.087,0.052,0.29,1.718,-0.085,0.562,2609,935,true,0
101395,2026-09-06 10:23:15.000 +0530,79.8,98.0,30,53.3,-0.161,0.132,0.373,3.11,0.764,0.88,2741,966,true,0
101396,2026-09-06 10:23:16.000 +0530,73.7,99.1,30,51.4,-0.25,0.07,0.398,2.193,1.215,0.822,2888,1000,true,0
101397,2026-09-06 10:23:17.000 +0530,70.5,98.9,30,51.9,-0.178,0.084,0.416,1.487,0.554,0.706,3006,904,true,0
101398,2026-09-06 10:23:18.000 +0530,63.3,97.7,30,50.4,-0.1,0.203,0.418,2.421,0.736,1.186,2831,875,true,0
101399,2026-09-06 10:23:19.000 +0530,68.5,96.9,30,49.5,-0.193,-0.153,0.137,1.212,0.042,1.209,2749,877,true,0
101400,2026-09-06 10:23:20.000 +0530,68.4,97.6,30,51.1,-0.01,0.13,0.357,3.191,1.162,0.579,2774,874,true,0
101401,2026-09-06 10:23:21.000 +0530,69.8,98.4,30,51.6,-0.217,0.084,0.347,1.979,0.556,1.052,2640,935,true,0
101402,2026-09-06 10:23:22.000 +0530,72.6,97.4,30,52.5,-0.165,0.072,0.386,0.765,0.856,1.287,2967,834,true,0
101403,2026-09-06 10:23:23.000 +0530,63.1,97.8,30,47.5,-0.278,0.05,0.364,1.064,0.781,1.327,2629,891,true,0
101404,2026-09-06 10:23:24.000 +0530,70.3,97.8,30,47.5,-0.323,0.1,0.435,2.569,0.808,1.031,2864,897,true,0
101405,2026-09-06 10:23:25.000 +0530,74.5,98.6,30,48.0,-0.179,0.166,0.214,3.349,0.238,0.975,2962,825,true,0
101406,2026-09-06 10:23:26.000 +0530,71.9,99.3,30,51.2,-0.121,0.128,0.416,3.166,0.761,1.099,2464,869,true,0
101407,2026-09-06 10:23:27.000 +0530,67.2,97.8,30,49.3,-0.224,0.045,0.349,2.645,0.418,1.023,2723,936,true,0
101408,2026-09-06 10:23:28.000 +0530,74.0,97.4,30,51.9,-0.128,0.061,0.308,1.683,0.882,1.012,2680,892,true,0
101409,2026-09-06 10:23:29.000 +0530,77.3,98.1,30,52.0,-0.219,0.034,0.436,2.933,0.018,1.008,2956,1002,true,0
101410,2026-09-06 10:23:30.000 +0530,74.3,98.8,30,51.4,-0.176,0.103,0.337,2.213,0.695,1.232,2561,781,true,0
101411,2026-09-06 10:23:31.000 +0530,69.0,98.7,30,54.3,-0.272,0.098,0.379,1.794,0.519,0.957,2735,907,true,0
101412,2026-09-06 10:23:32.000 +0530,77.5,98.6,30,52.6,-0.252,-0.026,0.273,2.148,0.159,0.563,2862,998,true,0
101413,2026-09-06 10:23:33.000 +0530,71.5,98.0,30,49.0,-0.128,-0.016,0.363,1.732,0.542,1.136,2405,848,true,0
101414,2026-09-06 10:23:34.000 +0530,74.7,98.2,30,50.7,-0.268,0.146,0.246,3.128,1.115,0.359,2408,929,true,0
101415,2026-09-06 10:23:35.000 +0530,77.8,97.7,30,46.2,-0.117,0.122,0.29,2.469,0.606,1.272,2711,847,true,0
101416,2026-09-06 10:23:36.000 +0530,71.0,97.6,30,52.9,-0.243,-0.007,0.371,2.529,0.66,1.023,2595,846,true,0
101417,2026-09-06 10:23:37.000 +0530,71.5,98.1,30,51.5,-0.17,0.056,0.337,2.433,0.775,1.352,2920,1000,true,0
101418,2026-09-06 10:23:38.000 +0530,70.0,98.6,30,49.1,-0.13,0.166,0.417,1.08,1.115,0.879,2173,909,true,0
101419,2026-09-06 10:23:39.000 +0530,80.6,97.8,30,45.9,-0.164,0.121,0.294,3.375,1.109,1.241,2642,850,true,0
101420,2026-09-06 10:23:40.000 +0530,75.4,98.4,30,51.6,0.035,0.035,0.554,1.296,0.829,1.308,2907,931,true,0
101421,2026-09-06 10:23:41.000 +0530,74.6,98.4,30,54.1,-0.179,0.032,0.484,2.72,0.949,0.65,2556,938,true,0
101422,2026-09-06 10:23:42.000 +0530,73.1,97.5,30,51.2,-0.111,0.035,0.342,2.712,0.254,1.134,2954,823,true,0
101423,2026-09-06 10:23:43.000 +0530,73.0,98.9,30,48.9,-0.129,0.058,0.355,2.768,0.02,1.12,2374,1001,true,0
101424,2026-09-06 10:23:44.000 +0530,69.1,97.7,30,50.4,-0.183,0.135,0.414,2.35,0.403,1.316,2897,850,true,0
101425,2026-09-06 10:23:45.000 +0530,84.5,97.5,30,49.7,-0.138,0.113,0.357,0.925,0.332,1.744,2539,868,true,0
101426,2026-09-06 10:23:46.000 +0530,75.8,97.7,30,49.4,-0.415,0.137,0.4,2.58,0.49,-0.013,2683,969,true,0
101427,2026-09-06 10:23:47.000 +0530,77.7,97.8,30,50.5,-0.262,0.005,0.352,3.707,1.301,0.766,2651,958,true,0
101428,2026-09-06 10:23:48.000 +0530,71.1,98.7,30,51.4,-0.174,0.198,0.381,4.015,0.672,0.939,2432,877,true,0
101429,2026-09-06 10:23:49.000 +0530,82.5,98.8,30,46.5,-0.175,0.108,0.282,2.743,1.38,1.446,2680,940,true,0
101430,2026-09-06 10:23:50.000 +0530,65.4,99.0,30,54.7,-0.359,0.142,0.368,1.407,0.983,0.579,2675,880,true,0
101431,2026-09-06 10:23:51.000 +0530,66.8,98.0,30,53.0,-0.193,0.065,0.21,1.741,1.159,0.542,2733,975,true,0
101432,2026-09-06 10:23:52.000 +0530,67.7,98.2,30,51.6,-0.166,0.153,0.485,3.134,0.634,0.914,2723,792,true,0
101433,2026-09-06 10:23:53.000 +0530,77.7,97.2,30,50.2,-0.131,0.051,0.281,1.056,0.776,1.022,2905,1013,true,0
101434,2026-09-06 10:23:54.000 +0530,75.1,98.2,30,52.2,-0.301,-0.064,0.364,2.127,0.411,1.87,2667,866,true,0
101435,2026-09-06 10:23:55.000 +0530,81.4,97.6,30,50.0,0.017,0.195,0.395,1.71,0.856,1.463,2638,933,true,0
101436,2026-09-06 10:23:56.000 +0530,74.5,97.7,30,47.9,-0.15,0.184,0.437,0.898,0.389,1.463,2864,886,true,0
101437,2026-09-06 10:23:57.000 +0530,79.7,97.5,30,52.0,-0.144,0.167,0.361,1.142,0.629,0.784,2456,887,true,0
101438,2026-09-06 10:23:58.000 +0530,78.8,98.0,30,51.1,-0.081,-0.001,0.361,1.44,0.754,1.365,2219,891,true,0
101439,2026-09-06 10:23:59.000 +0530,71.8,98.0,30,52.2,-0.151,0.093,0.24,1.122,1.001,1.286,2892,1015,true,0
101440,2026-09-06 10:24:00.000 +0530,72.3,98.2,30,50.6,-0.107,0.139,0.564,1.335,0.856,1.884,2588,811,true,0
101441,2026-09-06 10:24:01.000 +0530,74.9,98.2,30,48.3,-0.153,0.017,0.334,1.398,1.086,0.53,2542,908,true,0
101442,2026-09-06 10:24:02.000 +0530,74.1,97.7,30,55.7,-0.175,0.185,0.463,3.616,1.065,0.798,2500,812,true,0
101443,2026-09-06 10:24:03.000 +0530,69.5,99.7,30,55.6,-0.135,0.01,0.326,0.842,0.426,0.362,2897,1059,true,0
101444,2026-09-06 10:24:04.000 +0530,70.0,98.3,30,48.0,-0.145,0.078,0.254,0.573,0.736,1.746,2752,823,true,0
101445,2026-09-06 10:24:05.000 +0530,74.6,97.8,30,48.6,-0.216,0.185,0.312,2.019,0.735,1.402,2559,1027,true,0
101446,2026-09-06 10:24:06.000 +0530,82.2,97.7,30,49.1,-0.083,0.089,0.365,2.775,0.602,1.07,2757,799,true,0
101447,2026-09-06 10:24:07.000 +0530,75.2,98.9,30,50.9,-0.081,0.124,0.356,1.765,0.511,1.413,2829,743,true,0
101448,2026-09-06 10:24:08.000 +0530,71.4,97.6,30,51.9,-0.107,0.12,0.414,1.64,0.642,1.028,2772,888,true,0
101449,2026-09-06 10:24:09.000 +0530,72.8,97.3,30,52.3,-0.272,0.061,0.386,2.836,0.89,1.001,2696,975,true,0
101450,2026-09-06 10:24:10.000 +0530,74.5,98.1,30,48.5,-0.094,0.144,0.408,2.367,1.125,0.834,2702,826,true,0
101451,2026-09-06 10:24:11.000 +0530,78.8,97.8,30,50.0,-0.286,0.13,0.295,1.919,0.907,1.35,2627,903,true,0
101452,2026-09-06 10:24:12.000 +0530,67.1,97.5,30,52.7,-0.209,0.065,0.469,1.687,1.122,0.902,2477,914,true,0
101453,2026-09-06 10:24:13.000 +0530,68.3,98.8,30,48.7,-0.268,-0.058,0.328,1.348,0.815,1.102,2720,838,true,0
101454,2026-09-06 10:24:14.000 +0530,78.7,99.1,30,47.4,-0.233,0.046,0.367,2.173,0.796,1.091,2870,799,true,0
101455,2026-09-06 10:24:15.000 +0530,69.1,98.0,30,50.4,-0.374,0.123,0.225,2.158,1.066,1.003,2533,874,true,0
101456,2026-09-06 10:24:16.000 +0530,71.3,98.7,30,51.3,-0.296,0.039,0.497,1.23,1.246,1.342,2575,943,true,0
101457,2026-09-06 10:24:17.000 +0530,73.5,97.9,30,50.1,-0.262,0.116,0.322,1.144,1.258,1.134,2929,886,true,0
101458,2026-09-06 10:24:18.000 +0530,64.5,97.1,30,50.9,-0.277,0.004,0.43,2.938,0.741,1.234,2618,812,true,0
101459,2026-09-06 10:24:19.000 +0530,73.4,97.7,30,51.5,-0.156,0.141,0.368,2.65,1.384,0.946,2398,798,true,0
101460,2026-09-06 10:24:20.000 +0530,69.4,97.6,30,49.8,-0.342,0.178,0.277,2.44,0.606,1.299,2671,1050,true,0
101461,2026-09-06 10:24:21.000 +0530,81.3,97.6,30,52.0,-0.047,0.146,0.289,1.481,1.12,0.796,2703,848,true,0
101462,2026-09-06 10:24:22.000 +0530,71.3,97.1,30,52.7,-0.176,0.223,0.395,1.563,0.181,0.915,2573,825,true,0
101463,2026-09-06 10:24:23.000 +0530,74.9,98.1,30,52.4,-0.272,0.031,0.569,1.055,0.49,0.623,2728,816,true,0
101464,2026-09-06 10:24:24.000 +0530,76.5,97.7,30,51.5,-0.031,0.087,0.312,1.819,0.638,0.839,2647,903,true,0
101465,2026-09-06 10:24:25.000 +0530,69.0,98.9,30,50.4,-0.296,-0.01,0.288,2.658,0.105,0.645,2795,937,true,0
101466,2026-09-06 10:24:26.000 +0530,77.9,98.1,30,51.2,-0.159,0.063,0.271,1.336,0.786,0.827,2687,835,true,0
101467,2026-09-06 10:24:27.000 +0530,75.6,98.2,30,48.3,-0.099,-0.029,0.244,1.807,0.869,1.43,2461,804,true,0
101468,2026-09-06 10:24:28.000 +0530,80.2,97.9,30,52.1,-0.103,0.035,0.408,1.787,0.511,1.226,2691,962,true,0
101469,2026-09-06 10:24:29.000 +0530,72.4,98.1,30,53.0,-0.315,0.186,0.335,2.488,0.797,0.82,2654,867,true,0
101470,2026-09-06 10:24:30.000 +0530,76.1,97.7,30,50.9,-0.297,0.137,0.408,2.068,0.261,1.14,2423,897,true,0
101471,2026-09-06 10:24:31.000 +0530,75.6,97.5,30,47.1,-0.061,0.105,0.466,1.917,0.518,0.276,2567,876,true,0
101472,2026-09-06 10:24:32.000 +0530,74.3,96.7,30,53.5,-0.1,0.135,0.183,2.134,0.952,1.108,2853,898,true,0
101473,2026-09-06 10:24:33.000 +0530,74.9,97.9,30,54.1,-0.102,-0.066,0.426,3.257,0.481,0.82,2612,928,true,0
101474,2026-09-06 10:24:34.000 +0530,74.1,97.2,30,47.2,-0.187,0.116,0.462,1.958,0.719,1.188,2821,953,true,0
101475,2026-09-06 10:24:35.000 +0530,77.5,98.0,30,49.5,-0.188,0.133,0.321,2.059,0.515,0.513,2521,934,true,0
101476,2026-09-06 10:24:36.000 +0530,74.7,98.0,30,49.7,-0.309,0.093,0.35,1.304,0.796,0.929,2670,966,true,0
101477,2026-09-06 10:24:37.000 +0530,85.2,98.4,30,51.8,-0.319,0.021,0.37,1.552,0.974,1.05,2978,839,true,0
101478,2026-09-06 10:24:38.000 +0530,80.0,98.2,30,51.8,-0.155,-0.041,0.402,0.292,1.083,1.04,2756,936,true,0
101479,2026-09-06 10:24:39.000 +0530,75.2,97.6,30,50.1,-0.15,-0.023,0.404,1.689,0.989,0.739,2714,868,true,0
101480,2026-09-06 10:24:40.000 +0530,80.2,97.6,30,48.9,-0.202,0.113,0.375,0.945,1.217,0.392,2862,920,true,0
101481,2026-09-06 10:24:41.000 +0530,68.0,97.8,30,50.0,-0.249,-0.009,0.263,3.373,0.887,1.08,2436,827,true,0
101482,2026-09-06 10:24:42.000 +0530,67.4,97.6,30,52.8,-0.212,0.133,0.219,1.941,1.081,0.868,2562,845,true,0
101483,2026-09-06 10:24:43.000 +0530,74.2,97.8,30,51.5,-0.179,0.091,0.146,1.598,1.222,1.141,2927,890,true,0
101484,2026-09-06 10:24:44.000 +0530,76.9,97.2,30,51.9,-0.169,0.076,0.448,0.74,0.164,1.052,2824,745,true,0
101485,2026-09-06 10:24:45.000 +0530,70.2,97.7,30,49.1,-0.201,0.146,0.244,1.246,0.835,0.899,2790,926,true,0
101486,2026-09-06 10:24:46.000 +0530,84.0,97.3,30,49.0,-0.247,0.064,0.506,2.212,0.801,1.138,2821,994,true,0
101487,2026-09-06 10:24:47.000 +0530,72.5,97.6,30,49.2,-0.031,0.04,0.35,1.956,0.476,0.943,2849,891,true,0
101488,2026-09-06 10:24:48.000 +0530,63.8,98.4,30,50.8,-0.295,0.07,0.287,1.654,0.691,1.071,2879,1020,true,0
101489,2026-09-06 10:24:49.000 +0530,70.3,97.7,30,50.5,-0.324,-0.012,0.395,3.124,0.211,1.01,2849,860,true,0
101490,2026-09-06 10:24:50.000 +0530,71.7,97.7,30,49.7,-0.224,0.127,0.422,3.655,0.085,1.101,2791,956,true,0
101491,2026-09-06 10:24:51.000 +0530,77.0,98.4,30,49.3,-0.074,0.144,0.428,2.869,-0.02,0.646,2786,947,true,0
101492,2026-09-06 10:24:52.000 +0530,84.2,98.5,30,49.6,-0.191,0.119,0.294,3.226,0.593,0.662,2515,931,true,0
101493,2026-09-06 10:24:53.000 +0530,73.5,97.7,30,52.6,-0.22,-0.022,0.373,1.933,0.474,1.221,2687,984,true,0
101494,2026-09-06 10:24:54.000 +0530,70.2,97.5,30,51.3,-0.109,0.144,0.351,1.771,0.639,1.428,2867,812,true,0
101495,2026-09-06 10:24:55.000 +0530,79.1,98.8,30,52.5,-0.075,0.153,0.365,1.244,0.553,1.495,2911,826,true,0
101496,2026-09-06 10:24:56.000 +0530,64.2,97.8,30,49.9,-0.133,0.077,0.486,2.072,0.94,1.198,2641,892,true,0
101497,2026-09-06 10:24:57.000 +0530,72.4,98.4,30,53.4,-0.058,0.081,0.431,3.649,1.054,0.792,2567,839,true,0
101498,2026-09-06 10:24:58.000 +0530,77.0,97.5,30,45.5,-0.242,0.037,0.441,1.032,0.728,0.826,2613,915,true,0
101499,2026-09-06 10:24:59.000 +0530,73.1,98.3,30,48.5,-0.241,0.095,0.395,2.231,0.656,1.12,2647,994,true,0
101500,2026-09-06 10:25:00.000 +0530,134.9,96.8,30,52.7,-0.399,3.222,4.034,2.28,2.971,3.57,3102,1061,true,1
101501,2026-09-06 10:25:01.000 +0530,116.4,95.4,30,50.7,2.261,-0.75,0.923,2.777,-3.718,-0.288,2698,753,true,1
101502,2026-09-06 10:25:02.000 +0530,99.6,95.5,30,52.3,-1.048,-2.593,-1.568,-3.375,0.95,-4.717,2600,797,true,1
101503,2026-09-06 10:25:03.000 +0530,114.1,94.0,30,52.4,-1.426,2.415,2.482,-0.744,5.074,2.953,2906,1048,true,1
101504,2026-09-06 10:25:04.000 +0530,110.1,96.2,30,49.9,2.795,0.862,3.2,4.578,-3.193,2.457,2615,1076,true,1
101505,2026-09-06 10:25:05.000 +0530,119.7,96.9,30,50.3,0.711,-1.911,-1.933,-1.443,-3.911,-4.968,3020,1115,true,1
101506,2026-09-06 10:25:06.000 +0530,110.7,94.6,30,52.2,-2.005,1.161,0.258,-4.596,4.503,1.721,2826,970,true,1
101507,2026-09-06 10:25:07.000 +0530,121.1,94.8,30,53.6,1.122,1.679,2.923,4.033,-0.068,2.912,2634,1091,true,1
101508,2026-09-06 10:25:08.000 +0530,115.8,95.3,30,51.6,0.969,-1.57,-0.174,0.196,-5.702,-1.883,2664,1142,true,1
101509,2026-09-06 10:25:09.000 +0530,104.6,95.3,30,46.7,-2.198,-0.756,-0.278,-5.445,1.356,-1.667,3383,981,true,1
101510,2026-09-06 10:25:10.000 +0530,128.2,95.3,30,50.0,-0.581,2.773,2.833,2.964,4.842,3.553,2941,1127,true,1
101511,2026-09-06 10:25:11.000 +0530,112.1,95.0,30,52.1,2.868,-0.537,0.51,2.936,-2.977,-1.027,2438,1000,true,1
101512,2026-09-06 10:25:12.000 +0530,109.8,93.4,30,50.9,-2.116,-1.625,-1.666,-3.529,0.469,-3.085,2292,897,true,1
101513,2026-09-06 10:25:13.000 +0530,113.4,94.4,30,51.1,-1.048,2.683,2.498,0.603,4.091,3.668,2791,989,true,1
101514,2026-09-06 10:25:14.000 +0530,136.3,97.1,30,52.2,2.671,0.679,2.621,4.757,-2.195,0.807,2921,960,true,1
101515,2026-09-06 10:25:15.000 +0530,118.1,94.4,30,46.5,0.061,-2.449,-1.135,-2.61,-3.637,-3.267,3014,1097,true,1
101516,2026-09-06 10:25:16.000 +0530,104.9,95.8,30,53.1,-1.717,0.491,0.838,-3.021,3.227,1.238,2693,908,true,1
101517,2026-09-06 10:25:17.000 +0530,126.1,96.0,30,49.9,1.038,2.412,3.102,5.38,-0.594,3.485,2872,1021,true,1
101518,2026-09-06 10:25:18.000 +0530,123.3,95.8,30,53.4,1.224,-1.918,-0.074,0.661,-3.936,-4.007,2968,1079,true,1
101519,2026-09-06 10:25:19.000 +0530,136.4,97.1,30,46.7,-2.535,-0.082,-1.133,-4.879,1.188,-1.158,2769,961,true,1
101520,2026-09-06 10:25:20.000 +0530,116.4,95.4,30,52.2,-0.063,2.748,3.273,2.141,1.833,4.157,3221,914,true,1
101521,2026-09-06 10:25:21.000 +0530,141.0,94.2,30,50.0,3.135,-1.185,1.087,2.127,-5.226,-0.477,3029,923,true,1
101522,2026-09-06 10:25:22.000 +0530,136.0,94.9,30,49.9,-1.418,-3.024,-1.83,-5.282,-2.021,-3.753,2889,988,true,1
101523,2026-09-06 10:25:23.000 +0530,125.3,93.6,30,55.5,-1.524,1.878,2.196,-2.05,4.728,4.206,2931,1007,true,1
101524,2026-09-06 10:25:24.000 +0530,139.3,97.1,30,50.7,2.228,0.622,3.076,3.974,-2.953,1.054,3157,919,true,1
101525,2026-09-06 10:25:25.000 +0530,155.2,95.7,30,52.5,-0.033,-2.136,-0.939,-2.907,-3.061,-2.667,2352,940,true,1
101526,2026-09-06 10:25:26.000 +0530,135.0,95.9,30,49.2,-2.366,0.949,1.056,-4.012,3.889,0.3,2701,814,true,1
101527,2026-09-06 10:25:27.000 +0530,105.0,97.4,30,53.1,1.33,1.94,4.642,4.097,1.216,2.504,2664,1003,true,1
101528,2026-09-06 10:25:28.000 +0530,112.9,95.2,30,49.2,1.371,-1.193,0.019,1.792,-6.328,-2.536,2875,883,true,1
101529,2026-09-06 10:25:29.000 +0530,117.1,95.9,30,52.9,-1.856,-0.913,-0.426,-3.725,3.032,-3.542,3511,940,true,1
101530,2026-09-06 10:25:30.000 +0530,139.1,94.9,30,50.2,-0.172,2.343,3.052,2.16,1.646,3.019,2780,966,true,1
101531,2026-09-06 10:25:31.000 +0530,135.0,94.0,30,46.1,2.263,-0.743,0.772,5.737,-2.844,0.049,2316,930,true,1
101532,2026-09-06 10:25:32.000 +0530,120.6,95.4,30,51.8,-1.638,-2.974,-1.56,-4.332,-0.332,-2.251,2522,985,true,1
101533,2026-09-06 10:25:33.000 +0530,127.4,96.0,30,50.2,-0.916,2.722,2.675,1.111,6.281,1.176,2986,1038,true,1
101534,2026-09-06 10:25:34.000 +0530,118.5,95.3,30,53.5,2.83,0.932,2.613,3.491,-1.679,0.826,2537,1106,true,1
101535,2026-09-06 10:25:35.000 +0530,127.1,95.9,30,51.4,-0.571,-2.738,-0.94,-2.611,-3.739,-4.295,2631,982,true,1
101536,2026-09-06 10:25:36.000 +0530,138.5,97.5,30,54.7,-2.38,0.518,0.667,-3.343,2.797,1.874,2890,1002,true,1
101537,2026-09-06 10:25:37.000 +0530,138.2,95.7,30,54.8,1.71,2.171,3.573,5.419,1.41,0.914,2766,951,true,1
101538,2026-09-06 10:25:38.000 +0530,136.6,92.0,30,50.9,1.855,-1.565,-0.434,2.706,-4.191,-4.693,2971,1019,true,1
101539,2026-09-06 10:25:39.000 +0530,107.8,94.6,30,50.6,-2.834,-0.768,-0.975,-5.055,1.72,-0.921,3115,1106,true,1
101540,2026-09-06 10:25:40.000 +0530,124.5,95.3,30,49.7,0.657,2.737,2.999,2.472,1.331,4.386,2987,970,true,1
101541,2026-09-06 10:25:41.000 +0530,82.9,97.7,30,52.5,-0.183,0.092,0.432,2.645,1.37,1.558,2304,864,true,0
101542,2026-09-06 10:25:42.000 +0530,81.6,98.5,30,50.0,-0.197,0.023,0.272,1.384,0.358,1.206,2367,963,true,0
101543,2026-09-06 10:25:43.000 +0530,81.4,97.9,30,52.1,-0.025,0.079,0.287,1.999,0.626,1.021,2699,825,true,0
101544,2026-09-06 10:25:44.000 +0530,66.5,96.9,30,50.4,-0.135,0.092,0.374,1.652,0.604,1.04,2458,965,true,0
101545,2026-09-06 10:25:45.000 +0530,75.0,96.8,30,45.8,-0.167,0.171,0.345,1.585,0.801,1.294,2727,987,true,0
101546,2026-09-06 10:25:46.000 +0530,70.0,98.0,30,50.4,-0.169,0.122,0.43,1.823,0.666,1.223,2694,890,true,0
101547,2026-09-06 10:25:47.000 +0530,76.8,98.1,30,48.2,-0.158,0.065,0.522,2.158,0.939,1.002,2713,924,true,0
101548,2026-09-06 10:25:48.000 +0530,80.0,98.1,30,52.2,-0.218,0.011,0.353,2.388,1.122,1.013,2419,847,true,0
101549,2026-09-06 10:25:49.000 +0530,76.5,98.0,30,53.0,-0.003,0.105,0.396,1.364,0.709,0.508,2742,865,true,0
101550,2026-09-06 10:25:50.000 +0530,62.4,98.0,30,47.9,-0.335,0.056,0.331,0.701,0.444,0.766,2417,870,true,0
101551,2026-09-06 10:25:51.000 +0530,69.3,99.4,30,49.1,-0.133,0.014,0.289,2.077,0.704,1.113,2992,839,true,0
101552,2026-09-06 10:25:52.000 +0530,79.9,97.9,30,49.2,-0.173,0.101,0.451,0.297,0.837,1.078,2816,859,true,0
101553,2026-09-06 10:25:53.000 +0530,70.7,97.5,30,51.7,-0.335,0.079,0.417,1.841,0.923,0.961,2679,1036,true,0
101554,2026-09-06 10:25:54.000 +0530,78.7,98.0,30,51.9,-0.217,0.089,0.267,3.726,0.492,0.834,2456,846,true,0
101555,2026-09-06 10:25:55.000 +0530,77.5,97.6,30,51.1,-0.159,0.094,0.444,1.132,0.902,0.491,2623,893,true,0
101556,2026-09-06 10:25:56.000 +0530,62.8,98.0,30,48.6,-0.312,0.012,0.395,1.91,0.849,0.878,2492,884,true,0
101557,2026-09-06 10:25:57.000 +0530,77.5,98.2,30,51.5,-0.175,0.233,0.316,1.603,0.376,1.796,2803,1128,true,0
101558,2026-09-06 10:25:58.000 +0530,78.2,98.0,30,51.3,-0.173,-0.09,0.282,1.771,0.192,0.839,2934,863,true,0
101559,2026-09-06 10:25:59.000 +0530,77.1,96.7,30,50.9,-0.285,-0.047,0.365,2.134,0.49,1.048,2878,925,true,0
101560,2026-09-06 10:26:00.000 +0530,76.1,98.0,30,49.6,-0.219,0.084,0.328,0.695,1.151,1.896,2905,982,true,0
101561,2026-09-06 10:26:01.000 +0530,78.7,97.8,30,51.4,-0.235,0.035,0.274,1.844,0.329,1.005,2701,850,true,0
101562,2026-09-06 10:26:02.000 +0530,78.2,97.0,30,48.8,-0.249,0.184,0.417,1.875,0.786,1.176,2204,977,true,0
101563,2026-09-06 10:26:03.000 +0530,76.5,97.7,30,50.1,-0.252,0.036,0.444,2.04,0.68,0.51,2782,1009,true,0
101564,2026-09-06 10:26:04.000 +0530,71.2,98.0,30,53.1,-0.282,0.118,0.309,2.261,1.248,0.784,2700,864,true,0
101565,2026-09-06 10:26:05.000 +0530,62.1,98.3,30,54.2,-0.355,0.072,0.327,1.241,0.378,1.436,2616,924,true,0
101566,2026-09-06 10:26:06.000 +0530,83.8,99.0,30,49.8,-0.461,0.167,0.402,1.308,0.872,0.782,2555,844,true,0
101567,2026-09-06 10:26:07.000 +0530,77.5,97.4,30,49.2,-0.214,0.095,0.388,1.94,0.288,0.973,2548,906,true,0
101568,2026-09-06 10:26:08.000 +0530,76.2,98.3,30,47.8,-0.224,0.136,0.235,2.637,0.555,1.139,2759,919,true,0
101569,2026-09-06 10:26:09.000 +0530,75.3,97.5,30,53.8,-0.247,0.132,0.306,1.777,1.205,0.903,2676,956,true,0
101570,2026-09-06 10:26:10.000 +0530,77.6,97.2,30,52.4,-0.253,0.082,0.256,1.693,0.676,1.006,2636,855,true,0
101571,2026-09-06 10:26:11.000 +0530,75.2,98.7,30,48.3,-0.105,-0.016,0.334,1.032,0.593,1.62,2148,849,true,0
101572,2026-09-06 10:26:12.000 +0530,65.7,98.6,30,51.0,-0.098,-0.121,0.37,2.431,0.918,0.791,2619,853,true,0
101573,2026-09-06 10:26:13.000 +0530,75.0,97.7,30,49.8,-0.256,0.115,0.346,1.021,1.545,1.022,2617,901,true,0
101574,2026-09-06 10:26:14.000 +0530,72.7,97.0,30,54.5,-0.192,0.104,0.338,1.642,0.08,1.216,2415,792,true,0
101575,2026-09-06 10:26:15.000 +0530,76.1,98.1,30,55.2,-0.155,0.232,0.311,2.063,1.119,1.333,2696,807,true,0
101576,2026-09-06 10:26:16.000 +0530,66.9,98.2,30,52.3,-0.111,0.141,0.21,3.186,0.755,0.172,2599,811,true,0
101577,2026-09-06 10:26:17.000 +0530,74.0,97.8,30,50.5,-0.292,-0.028,0.253,0.879,0.542,1.293,2791,902,true,0
101578,2026-09-06 10:26:18.000 +0530,75.5,98.5,30,53.0,-0.205,0.066,0.44,1.522,0.401,0.404,2685,899,true,0
101579,2026-09-06 10:26:19.000 +0530,77.6,98.4,30,47.4,-0.389,0.114,0.365,2.117,0.638,0.842,2333,773,true,0
101580,2026-09-06 10:26:20.000 +0530,80.0,98.9,30,46.9,-0.402,-0.029,0.349,2.929,0.869,1.16,2632,943,true,0
101581,2026-09-06 10:26:21.000 +0530,69.1,98.2,30,47.3,-0.057,0.085,0.235,1.651,0.63,0.673,2484,1013,true,0
101582,2026-09-06 10:26:22.000 +0530,73.1,98.0,30,48.1,-0.238,0.201,0.458,3.227,0.903,0.953,2781,838,true,0
101583,2026-09-06 10:26:23.000 +0530,89.4,98.4,30,48.5,-0.347,0.037,0.343,3.183,1.324,1.079,2630,840,true,0
101584,2026-09-06 10:26:24.000 +0530,66.9,98.3,30,54.4,-0.135,0.046,0.349,0.361,0.894,1.24,2669,767,true,0
101585,2026-09-06 10:26:25.000 +0530,81.3,97.4,30,50.7,-0.15,0.058,0.204,3.68,1.186,0.859,2740,753,true,0
101586,2026-09-06 10:26:26.000 +0530,79.4,98.8,30,47.6,-0.317,-0.016,0.292,1.69,0.954,0.673,2705,910,true,0
101587,2026-09-06 10:26:27.000 +0530,81.0,97.6,30,48.4,-0.173,0.024,0.356,2.448,0.609,1.099,2530,910,true,0
101588,2026-09-06 10:26:28.000 +0530,76.2,97.4,30,51.6,-0.214,0.029,0.257,0.371,0.865,0.806,2624,890,true,0
101589,2026-09-06 10:26:29.000 +0530,69.8,98.8,30,49.4,-0.262,0.08,0.443,1.963,0.898,0.58,2295,981,true,0
101590,2026-09-06 10:26:30.000 +0530,72.4,98.3,30,53.4,-0.167,0.063,0.319,1.909,0.313,1.128,2734,865,true,0
101591,2026-09-06 10:26:31.000 +0530,66.9,97.5,30,50.6,-0.23,0.111,0.42,1.093,0.75,0.362,2574,912,true,0
101592,2026-09-06 10:26:32.000 +0530,71.9,98.2,30,48.5,-0.218,-0.134,0.361,1.169,0.512,1.045,2578,959,true,0
101593,2026-09-06 10:26:33.000 +0530,77.3,98.1,30,48.6,-0.293,0.177,0.353,1.085,1.285,0.981,2414,913,true,0
101594,2026-09-06 10:26:34.000 +0530,75.2,98.6,30,51.9,-0.149,0.084,0.211,2.527,0.923,0.651,2610,969,true,0
101595,2026-09-06 10:26:35.000 +0530,74.7,98.1,30,49.9,-0.19,0.01,0.128,1.604,0.876,0.861,2549,894,true,0
101596,2026-09-06 10:26:36.000 +0530,79.0,98.1,30,50.8,-0.245,0.024,0.374,2.879,1.305,1.274,2744,961,true,0
101597,2026-09-06 10:26:37.000 +0530,72.1,96.7,30,51.8,-0.13,0.153,0.37,2.962,0.584,0.345,2556,855,true,0
101598,2026-09-06 10:26:38.000 +0530,73.4,97.9,30,55.0,-0.279,0.07,0.329,1.55,0.49,0.428,2724,847,true,0
101599,2026-09-06 10:26:39.000 +0530,73.4,98.1,30,50.0,-0.187,0.001,0.234,1.382,1.0,0.917,2816,841,true,0
101600,2026-09-06 10:26:40.000 +0530,74.0,98.1,30,53.3,-0.238,0.149,0.342,1.061,1.004,0.721,2627,945,true,0
101601,2026-09-06 10:26:41.000 +0530,72.2,98.1,30,50.1,-0.152,0.005,0.38,2.404,0.788,1.344,2803,834,true,0
101602,2026-09-06 10:26:42.000 +0530,74.5,98.2,30,54.8,-0.178,0.106,0.361,0.483,0.945,0.555,2455,906,true,0
101603,2026-09-06 10:26:43.000 +0530,76.3,98.0,30,53.5,-0.109,0.201,0.304,2.476,0.885,0.696,2656,894,true,0
101604,2026-09-06 10:26:44.000 +0530,75.1,98.2,30,51.7,-0.158,0.213,0.358,2.177,0.853,1.327,2926,878,true,0
101605,2026-09-06 10:26:45.000 +0530,71.9,97.9,30,50.3,-0.227,0.03,0.363,1.751,0.025,0.798,2345,944,true,0
101606,2026-09-06 10:26:46.000 +0530,74.7,96.9,30,49.8,-0.123,0.045,0.38,0.352,0.37,0.234,2669,945,true,0
101607,2026-09-06 10:26:47.000 +0530,77.8,98.9,30,54.6,-0.241,0.115,0.46,2.949,0.852,1.239,2231,967,true,0
101608,2026-09-06 10:26:48.000 +0530,74.4,98.0,30,53.1,-0.207,-0.037,0.337,2.253,1.055,0.671,2298,766,true,0
101609,2026-09-06 10:26:49.000 +0530,70.5,98.7,30,53.2,-0.113,0.158,0.443,1.949,0.556,0.962,2771,878,true,0
101610,2026-09-06 10:26:50.000 +0530,70.5,98.3,30,52.2,-0.278,0.051,0.41,2.602,0.393,1.169,2646,937,true,0
101611,2026-09-06 10:26:51.000 +0530,78.1,97.5,30,55.7,-0.253,0.051,0.349,0.937,1.255,1.082,2474,897,true,0
101612,2026-09-06 10:26:52.000 +0530,73.9,98.0,30,44.2,-0.197,-0.055,0.374,2.033,1.253,1.036,3064,1007,true,0
101613,2026-09-06 10:26:53.000 +0530,77.8,97.4,30,53.5,-0.086,0.011,0.505,1.435,0.707,1.09,2687,991,true,0
101614,2026-09-06 10:26:54.000 +0530,77.5,98.1,30,49.4,-0.181,0.125,0.398,2.02,0.637,1.079,2843,758,true,0
101615,2026-09-06 10:26:55.000 +0530,75.6,97.6,30,50.4,-0.157,0.047,0.313,2.608,0.55,0.268,2728,971,true,0
101616,2026-09-06 10:26:56.000 +0530,67.6,98.0,30,49.4,-0.186,0.124,0.358,1.483,1.057,1.58,2615,926,true,0
101617,2026-09-06 10:26:57.000 +0530,73.5,98.0,30,50.1,-0.202,-0.007,0.325,1.677,1.003,0.462,2701,870,true,0
101618,2026-09-06 10:26:58.000 +0530,75.3,97.9,30,47.3,-0.337,0.175,0.266,1.286,0.867,0.947,2710,982,true,0
101619,2026-09-06 10:26:59.000 +0530,75.8,98.5,30,52.3,-0.107,0.209,0.27,2.717,1.036,0.628,2346,839,true,0
101620,2026-09-06 10:27:00.000 +0530,66.0,99.2,30,51.2,-0.225,0.097,0.362,2.909,0.74,1.352,3032,853,true,0
101621,2026-09-06 10:27:01.000 +0530,73.3,98.4,30,48.5,-0.147,0.054,0.489,3.047,0.478,0.298,2525,934,true,0
101622,2026-09-06 10:27:02.000 +0530,74.1,97.9,30,50.0,-0.205,-0.006,0.331,3.619,0.671,1.226,2682,876,true,0
101623,2026-09-06 10:27:03.000 +0530,70.4,97.1,30,51.9,-0.217,0.191,0.418,2.812,0.904,1.158,2818,829,true,0
101624,2026-09-06 10:27:04.000 +0530,63.6,98.4,30,50.8,-0.411,0.12,0.257,2.934,0.829,0.844,2888,949,true,0
101625,2026-09-06 10:27:05.000 +0530,73.0,97.6,30,48.9,-0.071,0.028,0.24,1.296,0.992,0.943,2498,878,true,0
101626,2026-09-06 10:27:06.000 +0530,67.6,98.3,30,49.4,-0.185,0.129,0.401,2.936,0.394,0.883,2543,976,true,0
101627,2026-09-06 10:27:07.000 +0530,78.3,98.2,30,47.7,-0.138,0.066,0.404,1.518,0.087,0.987,2680,814,true,0
101628,2026-09-06 10:27:08.000 +0530,77.0,97.5,30,50.2,-0.331,0.128,0.443,3.058,1.114,1.047,2625,922,true,0
101629,2026-09-06 10:27:09.000 +0530,71.4,97.8,30,51.9,-0.169,-0.06,0.347,1.674,0.517,0.891,2762,937,true,0
101630,2026-09-06 10:27:10.000 +0530,69.1,98.7,30,50.2,-0.147,-0.076,0.238,2.751,1.08,0.973,2590,885,true,0
101631,2026-09-06 10:27:11.000 +0530,74.7,97.0,30,49.9,-0.066,0.038,0.352,2.639,0.593,1.444,2437,831,true,0
101632,2026-09-06 10:27:12.000 +0530,68.2,97.6,30,52.9,-0.24,0.093,0.3,2.372,0.856,0.72,2945,748,true,0
101633,2026-09-06 10:27:13.000 +0530,71.9,98.3,30,52.1,-0.209,0.069,0.354,2.314,0.688,0.853,2733,966,true,0
101634,2026-09-06 10:27:14.000 +0530,76.1,98.7,30,51.8,-0.233,0.087,0.284,1.571,0.808,1.004,3107,865,true,0
101635,2026-09-06 10:27:15.000 +0530,77.6,98.5,30,51.0,-0.347,0.173,0.348,0.492,1.598,1.323,2823,849,true,0
101636,2026-09-06 10:27:16.000 +0530,75.2,98.6,30,50.4,-0.252,0.058,0.379,2.564,1.253,1.351,2508,784,true,0
101637,2026-09-06 10:27:17.000 +0530,72.4,97.7,30,49.6,-0.211,0.086,0.452,1.572,0.668,1.151,2610,915,true,0
101638,2026-09-06 10:27:18.000 +0530,74.7,98.2,30,54.0,-0.242,0.231,0.367,2.474,-0.029,1.14,2497,888,true,0
101639,2026-09-06 10:27:19.000 +0530,64.2,98.5,30,51.3,-0.184,0.131,0.321,3.079,0.971,1.079,2638,912,true,0
101640,2026-09-06 10:27:20.000 +0530,71.9,98.4,30,50.4,-0.048,0.078,0.239,2.039,0.811,1.274,2853,1032,true,0
101641,2026-09-06 10:27:21.000 +0530,73.2,98.3,30,53.8,-0.117,0.118,0.364,2.722,0.82,0.388,2521,900,true,0
101642,2026-09-06 10:27:22.000 +0530,73.8,98.6,30,50.5,-0.103,-0.006,0.311,2.417,0.804,0.841,2651,893,true,0
101643,2026-09-06 10:27:23.000 +0530,72.8,97.7,30,50.2,-0.212,0.181,0.356,1.992,0.481,1.35,2505,1024,true,0
101644,2026-09-06 10:27:24.000 +0530,62.1,98.1,30,52.3,-0.213,0.141,0.338,1.923,0.837,0.559,2741,985,true,0
101645,2026-09-06 10:27:25.000 +0530,73.6,98.5,30,54.2,-0.286,-0.006,0.326,2.849,1.11,0.884,2668,976,true,0
101646,2026-09-06 10:27:26.000 +0530,70.1,98.3,30,50.0,-0.291,-0.032,0.394,1.574,0.363,1.202,2624,837,true,0
101647,2026-09-06 10:27:27.000 +0530,74.6,98.6,30,45.7,-0.093,0.122,0.375,1.77,0.405,1.303,2664,888,true,0
101648,2026-09-06 10:27:28.000 +0530,79.1,98.2,30,50.0,-0.193,0.071,0.278,1.923,0.536,0.52,2793,841,true,0
101649,2026-09-06 10:27:29.000 +0530,73.1,98.4,30,52.7,-0.032,0.111,0.358,2.598,0.661,1.366,2576,897,true,0
101650,2026-09-06 10:27:30.000 +0530,68.3,98.4,30,50.2,-0.303,0.141,0.381,1.737,0.903,0.909,2775,966,true,0
101651,2026-09-06 10:27:31.000 +0530,80.9,97.1,30,47.8,-0.303,0.001,0.24,2.342,0.477,1.103,2717,795,true,0
101652,2026-09-06 10:27:32.000 +0530,74.6,97.9,30,50.8,-0.259,0.11,0.398,0.861,0.455,0.339,2494,898,true,0
101653,2026-09-06 10:27:33.000 +0530,67.3,98.5,30,56.4,-0.207,0.093,0.318,1.403,1.125,1.501,2679,877,true,0
101654,2026-09-06 10:27:34.000 +0530,70.2,97.5,30,47.2,-0.278,0.06,0.347,1.806,0.526,1.143,2763,910,true,0
101655,2026-09-06 10:27:35.000 +0530,74.5,97.3,30,49.5,-0.148,0.084,0.389,1.017,0.744,0.585,2499,830,true,0
101656,2026-09-06 10:27:36.000 +0530,68.3,97.7,30,51.4,-0.129,0.17,0.484,1.708,0.736,0.747,2948,962,true,0
101657,2026-09-06 10:27:37.000 +0530,79.5,97.7,30,49.0,-0.206,0.151,0.345,2.191,0.606,0.541,2597,805,true,0
101658,2026-09-06 10:27:38.000 +0530,76.1,98.0,30,45.6,-0.278,0.28,0.337,1.906,0.578,1.592,2556,853,true,0
101659,2026-09-06 10:27:39.000 +0530,78.8,98.1,30,53.1,-0.164,0.012,0.412,2.008,0.537,0.87,2831,900,true,0
101660,2026-09-06 10:27:40.000 +0530,81.0,97.6,30,54.0,-0.153,-0.02,0.375,0.795,0.761,0.875,2686,866,true,0
101661,2026-09-06 10:27:41.000 +0530,64.2,98.2,30,50.6,-0.139,0.064,0.357,2.387,1.018,0.713,2899,811,true,0
101662,2026-09-06 10:27:42.000 +0530,76.1,97.9,30,49.3,-0.175,-0.076,0.256,0.557,0.612,0.873,3126,902,true,0
101663,2026-09-06 10:27:43.000 +0530,74.4,97.8,30,51.5,-0.137,0.162,0.509,2.435,0.821,1.402,2489,879,true,0
101664,2026-09-06 10:27:44.000 +0530,84.2,97.2,30,51.0,-0.172,0.114,0.445,1.663,0.351,0.511,2872,783,true,0
101665,2026-09-06 10:27:45.000 +0530,68.4,99.1,30,50.2,-0.143,0.147,0.286,1.652,0.24,0.801,2559,912,true,0
101666,2026-09-06 10:27:46.000 +0530,79.5,98.3,30,51.8,-0.118,0.141,0.475,1.025,0.887,1.349,2675,908,true,0
101667,2026-09-06 10:27:47.000 +0530,76.6,98.1,30,50.8,-0.309,0.107,0.436,-0.421,0.24,1.248,2808,862,true,0
101668,2026-09-06 10:27:48.000 +0530,75.8,98.9,30,52.5,-0.245,0.031,0.203,1.796,0.662,1.004,2827,1003,true,0
101669,2026-09-06 10:27:49.000 +0530,71.9,98.7,30,49.1,-0.242,0.023,0.337,2.085,1.374,1.428,2892,879,true,0
101670,2026-09-06 10:27:50.000 +0530,74.0,98.3,30,49.1,-0.322,0.152,0.333,1.418,0.277,1.414,3103,901,true,0
101671,2026-09-06 10:27:51.000 +0530,72.7,98.5,30,53.1,-0.209,0.061,0.274,2.979,0.332,1.188,2895,941,true,0
101672,2026-09-06 10:27:52.000 +0530,69.6,98.2,30,49.5,-0.04,0.054,0.38,1.436,1.0,0.708,2801,952,true,0
101673,2026-09-06 10:27:53.000 +0530,72.9,97.5,30,50.6,-0.221,0.189,0.097,3.583,0.946,0.938,2878,917,true,0
101674,2026-09-06 10:27:54.000 +0530,65.6,98.2,30,50.2,-0.236,0.061,0.26,1.493,-0.067,1.074,2997,801,true,0
101675,2026-09-06 10:27:55.000 +0530,75.1,98.1,30,53.3,-0.237,0.107,0.256,2.592,1.063,1.025,2878,934,true,0
101676,2026-09-06 10:27:56.000 +0530,80.0,97.7,30,54.3,-0.366,0.222,0.513,0.944,0.589,0.831,2911,851,true,0
101677,2026-09-06 10:27:57.000 +0530,80.0,97.8,30,53.8,-0.215,-0.059,0.272,2.566,0.605,0.629,2854,1044,true,0
101678,2026-09-06 10:27:58.000 +0530,70.1,98.2,30,53.0,-0.015,0.131,0.41,0.41,0.761,0.855,2768,982,true,0
101679,2026-09-06 10:27:59.000 +0530,77.1,98.8,30,53.7,-0.216,0.09,0.403,1.6,1.625,1.299,2568,747,true,0
101680,2026-09-06 10:28:00.000 +0530,78.2,98.6,30,49.8,-0.165,-0.031,0.267,0.671,1.09,0.588,2584,881,true,0
101681,2026-09-06 10:28:01.000 +0530,76.5,98.2,30,48.4,-0.135,0.161,0.309,1.885,0.334,0.763,2490,796,true,0
101682,2026-09-06 10:28:02.000 +0530,71.8,98.2,30,45.9,-0.085,0.195,0.249,3.856,0.63,0.905,2767,958,true,0
101683,2026-09-06 10:28:03.000 +0530,74.7,98.6,30,50.8,-0.311,0.001,0.305,1.567,0.994,0.802,2901,854,true,0
101684,2026-09-06 10:28:04.000 +0530,82.6,97.9,30,47.9,0.032,0.124,0.282,2.721,0.807,0.898,2627,856,true,0
101685,2026-09-06 10:28:05.000 +0530,79.0,97.8,30,51.0,-0.303,0.065,0.396,1.937,0.771,0.225,2506,806,true,0
101686,2026-09-06 10:28:06.000 +0530,74.3,98.0,30,55.3,-0.24,0.082,0.38,2.489,0.907,1.101,2616,848,true,0
101687,2026-09-06 10:28:07.000 +0530,73.3,98.0,30,50.6,-0.22,0.059,0.424,1.956,0.723,1.147,2464,853,true,0
101688,2026-09-06 10:28:08.000 +0530,76.8,97.9,30,53.0,-0.145,-0.001,0.398,2.229,0.461,1.024,2847,915,true,0
101689,2026-09-06 10:28:09.000 +0530,75.7,98.4,30,50.5,-0.296,0.108,0.414,2.0,0.356,1.159,2880,881,true,0
101690,2026-09-06 10:28:10.000 +0530,76.5,98.3,30,50.2,-0.108,0.009,0.281,2.13,0.782,0.528,2758,804,true,0
101691,2026-09-06 10:28:11.000 +0530,81.6,97.9,30,46.2,-0.096,0.138,0.397,1.883,0.386,0.923,2680,968,true,0
101692,2026-09-06 10:28:12.000 +0530,75.4,98.0,30,48.2,-0.203,0.083,0.275,3.083,0.616,0.37,2553,1020,true,0
101693,2026-09-06 10:28:13.000 +0530,73.5,98.8,30,48.5,-0.199,0.184,0.372,1.883,0.304,1.02,2726,903,true,0
101694,2026-09-06 10:28:14.000 +0530,74.2,98.9,30,50.7,-0.169,0.058,0.347,2.152,0.733,0.525,2754,815,true,0
101695,2026-09-06 10:28:15.000 +0530,77.9,98.8,30,50.8,-0.301,0.161,0.364,0.697,1.107,1.104,2894,856,true,0
101696,2026-09-06 10:28:16.000 +0530,64.2,98.7,30,48.3,-0.114,0.09,0.306,1.885,0.491,1.431,2449,1058,true,0
101697,2026-09-06 10:28:17.000 +0530,68.3,98.5,30,49.2,-0.183,0.129,0.342,1.581,0.913,1.078,2851,895,true,0
101698,2026-09-06 10:28:18.000 +0530,77.5,97.5,30,50.5,-0.19,0.006,0.473,2.337,0.383,0.753,2938,882,true,0
101699,2026-09-06 10:28:19.000 +0530,81.3,98.2,30,52.6,-0.072,0.154,0.399,0.987,1.395,0.908,2806,922,true,0
101700,2026-09-06 10:28:20.000 +0530,75.7,97.8,30,51.1,-0.233,0.128,0.337,2.211,0.884,1.302,2735,933,true,0
101701,2026-09-06 10:28:21.000 +0530,69.8,97.7,30,52.7,-0.296,-0.11,0.392,2.553,0.382,0.767,2905,904,true,0
101702,2026-09-06 10:28:22.000 +0530,72.9,98.8,30,53.6,-0.174,0.074,0.185,1.665,0.811,0.224,2758,883,true,0
101703,2026-09-06 10:28:23.000 +0530,74.0,97.6,30,46.8,-0.316,0.03,0.276,1.613,0.867,0.391,2796,899,true,0
101704,2026-09-06 10:28:24.000 +0530,70.8,98.2,30,48.0,-0.133,0.049,0.393,1.935,0.271,1.382,2670,935,true,0
101705,2026-09-06 10:28:25.000 +0530,67.7,98.1,30,51.0,-0.262,0.126,0.279,3.28,0.62,1.063,2548,945,true,0
101706,2026-09-06 10:28:26.000 +0530,75.5,98.0,30,46.4,-0.103,0.132,0.349,2.101,0.53,0.95,2852,828,true,0
101707,2026-09-06 10:28:27.000 +0530,61.5,97.2,30,51.7,-0.229,0.05,0.422,2.823,0.416,1.453,2722,823,true,0
101708,2026-09-06 10:28:28.000 +0530,70.1,98.4,30,49.7,-0.112,0.146,0.381,2.736,1.229,1.17,2613,916,true,0
101709,2026-09-06 10:28:29.000 +0530,78.5,97.9,30,48.4,-0.22,0.139,0.435,-0.094,0.54,0.898,2575,1005,true,0
101710,2026-09-06 10:28:30.000 +0530,78.0,97.9,30,52.3,-0.241,0.077,0.452,2.105,0.607,0.539,2604,953,true,0
101711,2026-09-06 10:28:31.000 +0530,76.5,99.0,30,47.7,-0.266,0.123,0.422,1.2,0.622,0.817,2490,903,true,0
101712,2026-09-06 10:28:32.000 +0530,72.0,98.5,30,50.9,-0.322,0.15,0.387,1.419,0.362,1.177,2597,1034,true,0
101713,2026-09-06 10:28:33.000 +0530,77.0,98.4,30,50.4,-0.153,0.199,0.437,2.365,1.034,1.058,2705,906,true,0
101714,2026-09-06 10:28:34.000 +0530,67.0,98.3,30,49.9,-0.236,0.081,0.285,2.342,0.584,1.046,2795,939,true,0
101715,2026-09-06 10:28:35.000 +0530,77.3,98.2,30,52.5,-0.212,0.19,0.477,1.746,0.595,1.118,2805,800,true,0
101716,2026-09-06 10:28:36.000 +0530,79.6,98.0,30,51.6,-0.067,0.194,0.451,2.553,0.247,0.929,2328,1008,true,0
101717,2026-09-06 10:28:37.000 +0530,82.9,97.6,30,51.3,-0.28,0.208,0.3,1.826,0.49,1.43,2677,1004,true,0
101718,2026-09-06 10:28:38.000 +0530,67.9,98.2,30,50.7,-0.151,0.094,0.356,3.323,0.307,1.054,2673,813,true,0
101719,2026-09-06 10:28:39.000 +0530,74.0,98.1,30,48.5,-0.144,0.162,0.296,2.245,0.939,1.6,2610,811,true,0
101720,2026-09-06 10:28:40.000 +0530,65.3,98.1,30,52.5,-0.158,0.036,0.506,2.4,0.972,0.854,2727,772,true,0
101721,2026-09-06 10:28:41.000 +0530,83.8,97.6,30,51.2,-0.243,0.055,0.396,2.781,0.768,1.811,2855,994,true,0
101722,2026-09-06 10:28:42.000 +0530,78.9,97.5,30,51.0,-0.157,0.163,0.348,4.473,1.145,1.193,2744,1024,true,0
101723,2026-09-06 10:28:43.000 +0530,69.9,98.0,30,52.2,-0.258,-0.0,0.184,1.735,1.222,1.03,2622,954,true,0
101724,2026-09-06 10:28:44.000 +0530,82.3,98.5,30,49.6,-0.336,0.18,0.27,2.303,0.519,0.546,2836,1069,true,0
101725,2026-09-06 10:28:45.000 +0530,74.3,98.0,30,47.5,-0.145,0.075,0.428,3.139,0.253,1.202,2772,748,true,0
101726,2026-09-06 10:28:46.000 +0530,68.4,98.0,30,55.2,-0.31,0.138,0.344,1.801,0.054,1.479,2695,883,true,0
101727,2026-09-06 10:28:47.000 +0530,74.1,98.0,30,50.3,-0.215,0.093,0.313,1.679,0.402,0.994,2648,878,true,0
101728,2026-09-06 10:28:48.000 +0530,77.2,97.4,30,48.9,-0.039,0.129,0.335,3.19,0.969,0.709,2712,817,true,0
101729,2026-09-06 10:28:49.000 +0530,69.3,98.2,30,53.8,-0.154,0.018,0.433,3.299,0.711,1.356,2790,803,true,0
101730,2026-09-06 10:28:50.000 +0530,68.0,98.8,30,48.7,-0.14,0.065,0.324,2.162,0.453,0.877,2486,843,true,0
101731,2026-09-06 10:28:51.000 +0530,75.6,98.6,30,53.2,-0.185,-0.025,0.349,0.472,0.525,0.351,2641,884,true,0
101732,2026-09-06 10:28:52.000 +0530,67.6,97.5,30,51.7,-0.251,0.038,0.288,3.48,0.185,0.64,2788,1026,true,0
101733,2026-09-06 10:28:53.000 +0530,74.8,97.5,30,51.6,-0.182,0.172,0.379,1.77,1.149,1.33,2339,816,true,0
101734,2026-09-06 10:28:54.000 +0530,66.9,97.8,30,46.8,-0.232,0.131,0.402,1.764,1.24,1.055,2781,970,true,0
101735,2026-09-06 10:28:55.000 +0530,73.2,96.5,30,49.8,-0.163,0.168,0.176,1.655,0.974,0.889,2892,757,true,0
101736,2026-09-06 10:28:56.000 +0530,76.7,98.4,30,51.1,-0.355,0.087,0.365,1.033,0.855,0.901,2454,931,true,0
101737,2026-09-06 10:28:57.000 +0530,73.0,97.9,30,46.1,-0.22,0.147,0.468,2.378,0.933,0.982,2661,810,true,0
101738,2026-09-06 10:28:58.000 +0530,71.1,98.3,30,47.9,-0.357,0.048,0.348,2.177,0.519,0.619,2603,810,true,0
101739,2026-09-06 10:28:59.000 +0530,65.9,97.6,30,53.4,-0.2,0.086,0.22,0.767,0.899,1.289,2952,991,true,0
101740,2026-09-06 10:29:00.000 +0530,83.6,98.4,30,51.5,-0.175,0.104,0.274,3.544,0.642,0.472,2579,931,true,0
101741,2026-09-06 10:29:01.000 +0530,62.6,98.0,30,50.0,-0.199,0.014,0.313,2.015,0.962,0.943,2683,903,true,0
101742,2026-09-06 10:29:02.000 +0530,79.8,98.2,30,53.5,-0.285,0.124,0.431,2.899,0.474,1.283,2604,950,true,0
101743,2026-09-06 10:29:03.000 +0530,80.0,98.9,30,49.4,-0.187,-0.013,0.284,2.116,1.121,1.533,2766,982,true,0
101744,2026-09-06 10:29:04.000 +0530,89.1,97.1,30,50.9,-0.123,-0.031,0.437,1.041,-0.144,1.259,2654,912,true,0
101745,2026-09-06 10:29:05.000 +0530,67.4,97.4,30,55.0,-0.282,0.074,0.416,3.267,0.645,1.096,2530,844,true,0
101746,2026-09-06 10:29:06.000 +0530,80.7,98.1,30,48.2,-0.172,0.181,0.487,2.104,0.278,0.503,2495,912,true,0
101747,2026-09-06 10:29:07.000 +0530,79.2,97.2,30,49.5,-0.161,0.027,0.386,2.519,0.787,1.337,2696,911,true,0
101748,2026-09-06 10:29:08.000 +0530,73.4,98.1,30,53.8,-0.288,0.155,0.321,2.91,1.154,0.953,2443,901,true,0
101749,2026-09-06 10:29:09.000 +0530,74.6,98.4,30,50.8,-0.136,-0.024,0.462,2.328,0.506,1.088,2594,863,true,0
101750,2026-09-06 10:29:10.000 +0530,68.7,97.3,30,50.9,-0.051,0.163,0.24,1.199,0.56,1.247,2718,889,true,0
101751,2026-09-06 10:29:11.000 +0530,75.6,98.4,30,50.8,-0.204,-0.023,0.253,2.178,0.235,1.119,2785,891,true,0
101752,2026-09-06 10:29:12.000 +0530,71.8,98.6,30,51.3,-0.118,0.034,0.354,2.058,0.144,0.923,2784,848,true,0
101753,2026-09-06 10:29:13.000 +0530,67.6,97.2,30,47.1,-0.217,0.17,0.412,2.971,0.876,1.915,2434,949,true,0
101754,2026-09-06 10:29:14.000 +0530,70.0,98.5,30,47.3,-0.158,0.143,0.168,2.224,0.87,1.659,2438,938,true,0
101755,2026-09-06 10:29:15.000 +0530,71.6,98.2,30,49.0,-0.276,-0.003,0.193,3.635,-0.028,0.863,2718,822,true,0
101756,2026-09-06 10:29:16.000 +0530,69.8,98.0,30,52.1,-0.247,0.129,0.307,3.032,0.637,0.958,2609,919,true,0
101757,2026-09-06 10:29:17.000 +0530,79.4,98.6,30,52.8,-0.29,0.105,0.153,0.926,0.888,0.832,2599,818,true,0
101758,2026-09-06 10:29:18.000 +0530,82.9,98.2,30,48.4,-0.127,-0.047,0.325,0.903,0.206,1.167,2389,859,true,0
101759,2026-09-06 10:29:19.000 +0530,80.6,97.9,30,49.8,-0.179,0.009,0.329,2.495,-0.337,0.837,2863,839,true,0
101760,2026-09-06 10:29:20.000 +0530,73.0,97.9,30,51.0,-0.274,0.074,0.436,2.37,1.131,1.165,2336,1052,true,0
101761,2026-09-06 10:29:21.000 +0530,74.5,97.3,30,53.8,-0.184,0.133,0.268,1.939,0.013,0.891,2965,873,true,0
101762,2026-09-06 10:29:22.000 +0530,71.7,98.2,30,48.9,-0.121,0.229,0.375,0.941,0.487,0.767,3014,976,true,0
101763,2026-09-06 10:29:23.000 +0530,71.2,97.9,30,49.1,-0.278,0.07,0.274,0.875,0.513,0.987,2793,805,true,0
101764,2026-09-06 10:29:24.000 +0530,62.9,98.1,30,52.7,-0.179,0.076,0.415,2.597,0.971,1.296,2838,971,true,0
101765,2026-09-06 10:29:25.000 +0530,68.8,98.4,30,52.1,-0.232,-0.019,0.419,1.046,0.399,0.759,2973,932,true,0
101766,2026-09-06 10:29:26.000 +0530,79.6,98.2,30,51.2,-0.109,-0.013,0.528,-0.02,0.819,1.305,2395,942,true,0
101767,2026-09-06 10:29:27.000 +0530,66.3,98.3,30,46.7,-0.29,-0.041,0.408,2.421,0.343,0.609,2721,825,true,0
101768,2026-09-06 10:29:28.000 +0530,77.9,97.7,30,48.6,-0.289,0.009,0.343,1.038,0.631,0.725,2866,919,true,0
101769,2026-09-06 10:29:29.000 +0530,70.6,98.0,30,50.2,-0.233,0.155,0.52,2.57,0.861,1.121,2738,1000,true,0
101770,2026-09-06 10:29:30.000 +0530,73.3,98.1,30,54.1,-0.115,0.145,0.204,3.158,0.565,0.971,2950,923,true,0
101771,2026-09-06 10:29:31.000 +0530,77.9,97.6,30,50.8,-0.157,0.046,0.492,1.761,0.471,0.764,2560,896,true,0
101772,2026-09-06 10:29:32.000 +0530,80.5,97.9,30,54.8,-0.052,0.072,0.21,2.731,1.315,0.816,2815,920,true,0
101773,2026-09-06 10:29:33.000 +0530,76.9,98.3,30,52.9,-0.285,-0.04,0.232,3.522,0.335,1.409,2911,1030,true,0
101774,2026-09-06 10:29:34.000 +0530,70.4,97.4,30,52.9,-0.066,0.051,0.356,2.214,0.562,0.94,2321,843,true,0
101775,2026-09-06 10:29:35.000 +0530,70.2,97.4,30,50.5,-0.184,0.107,0.43,0.965,0.993,1.136,2684,813,true,0
101776,2026-09-06 10:29:36.000 +0530,66.3,97.6,30,50.9,-0.182,0.136,0.283,2.6,0.694,1.218,2913,980,true,0
101777,2026-09-06 10:29:37.000 +0530,68.4,97.7,30,46.9,-0.331,0.089,0.447,1.492,0.363,1.172,2473,1046,true,0
101778,2026-09-06 10:29:38.000 +0530,75.6,97.9,30,48.8,-0.309,0.048,0.508,1.407,1.201,1.359,2656,953,true,0
101779,2026-09-06 10:29:39.000 +0530,66.3,98.1,30,51.5,-0.178,0.037,0.263,2.072,1.854,1.189,2459,839,true,0
101780,2026-09-06 10:29:40.000 +0530,77.6,98.4,30,44.7,-0.065,0.058,0.395,2.082,1.182,0.882,2994,878,true,0
101781,2026-09-06 10:29:41.000 +0530,67.6,97.7,30,53.0,-0.075,0.178,0.274,2.444,1.115,1.405,2886,895,true,0
101782,2026-09-06 10:29:42.000 +0530,74.3,98.0,30,50.5,-0.144,0.051,0.418,0.327,1.152,1.509,2888,976,true,0
101783,2026-09-06 10:29:43.000 +0530,77.9,97.9,30,50.2,-0.156,0.052,0.272,2.32,0.767,1.36,2514,989,true,0
101784,2026-09-06 10:29:44.000 +0530,82.3,98.6,30,49.4,-0.242,0.038,0.297,2.365,0.907,1.035,2710,1038,true,0
101785,2026-09-06 10:29:45.000 +0530,77.9,98.2,30,51.7,-0.168,0.054,0.403,0.633,0.965,1.22,2606,902,true,0
101786,2026-09-06 10:29:46.000 +0530,75.3,98.6,30,48.7,-0.135,0.041,0.295,1.531,0.522,0.898,2812,997,true,0
101787,2026-09-06 10:29:47.000 +0530,66.7,98.7,30,49.0,-0.146,0.094,0.439,0.897,0.822,0.716,2992,880,true,0
101788,2026-09-06 10:29:48.000 +0530,73.1,98.2,30,49.2,-0.006,0.009,0.384,0.209,0.684,1.442,2587,905,true,0
101789,2026-09-06 10:29:49.000 +0530,77.0,97.8,30,50.6,-0.197,0.131,0.349,2.757,0.287,1.398,2937,954,true,0
101790,2026-09-06 10:29:50.000 +0530,71.5,98.9,30,51.3,-0.209,0.202,0.257,2.252,0.442,0.837,3038,955,true,0
101791,2026-09-06 10:29:51.000 +0530,74.8,98.0,30,51.9,-0.286,0.082,0.394,2.295,0.498,0.401,2637,900,true,0
101792,2026-09-06 10:29:52.000 +0530,73.0,97.4,30,50.4,-0.191,0.108,0.375,2.16,0.753,1.398,2483,952,true,0
101793,2026-09-06 10:29:53.000 +0530,74.8,98.0,30,49.8,-0.223,0.086,0.296,1.006,0.574,1.268,2604,967,true,0
101794,2026-09-06 10:29:54.000 +0530,80.8,98.2,30,50.4,-0.103,-0.018,0.317,1.501,0.749,0.874,2806,884,true,0
101795,2026-09-06 10:29:55.000 +0530,74.0,97.9,30,50.8,-0.009,0.139,0.284,2.301,0.196,0.333,2730,893,true,0
101796,2026-09-06 10:29:56.000 +0530,69.6,98.8,30,53.4,-0.084,0.15,0.431,2.14,0.996,1.07,2689,1015,true,0
101797,2026-09-06 10:29:57.000 +0530,73.1,98.0,30,50.3,-0.158,0.05,0.347,1.56,0.825,1.143,3239,950,true,0
101798,2026-09-06 10:29:58.000 +0530,75.5,99.4,30,52.7,-0.125,0.1,0.33,1.703,0.45,0.587,2768,908,true,0
101799,2026-09-06 10:29:59.000 +0530,74.2,97.6,30,51.9,-0.154,0.11,0.373,2.45,0.019,1.648,2731,861,true,0
101800,2026-09-06 10:30:00.000 +0530,73.6,97.6,30,48.8,-0.209,0.116,0.318,2.888,0.511,1.603,2553,853,true,0
101801,2026-09-06 10:30:01.000 +0530,77.9,98.0,30,50.4,-0.215,0.195,0.337,0.95,0.467,1.294,2443,930,true,0
101802,2026-09-06 10:30:02.000 +0530,66.9,97.3,30,53.5,-0.307,0.05,0.39,2.811,0.74,1.354,2725,838,true,0
101803,2026-09-06 10:30:03.000 +0530,76.2,98.4,30,50.1,-0.277,0.198,0.335,3.351,0.542,1.131,2785,762,true,0
101804,2026-09-06 10:30:04.000 +0530,67.1,98.0,30,51.4,-0.215,0.202,0.309,2.443,1.016,0.56,2899,1021,true,0
101805,2026-09-06 10:30:05.000 +0530,76.1,96.8,30,49.6,-0.222,-0.022,0.296,2.874,0.528,0.485,2445,965,true,0
101806,2026-09-06 10:30:06.000 +0530,78.8,97.6,30,48.4,-0.169,0.119,0.464,1.287,0.094,1.513,2749,927,true,0
101807,2026-09-06 10:30:07.000 +0530,71.1,98.0,30,51.3,-0.02,0.011,0.347,0.994,0.744,1.275,2838,879,true,0
101808,2026-09-06 10:30:08.000 +0530,68.4,97.8,30,51.8,-0.062,0.1,0.272,2.618,0.587,1.378,2540,826,true,0
101809,2026-09-06 10:30:09.000 +0530,74.1,97.2,30,49.8,-0.069,0.159,0.307,1.164,1.299,1.444,2581,896,true,0
101810,2026-09-06 10:30:10.000 +0530,72.8,98.0,30,51.1,-0.277,0.091,0.303,2.086,0.715,0.972,2884,949,true,0
101811,2026-09-06 10:30:11.000 +0530,68.9,98.3,30,49.5,-0.241,0.067,0.338,0.962,1.419,1.657,2880,891,true,0
101812,2026-09-06 10:30:12.000 +0530,76.8,98.8,30,48.4,-0.154,0.172,0.42,0.87,1.195,0.974,2486,970,true,0
101813,2026-09-06 10:30:13.000 +0530,71.1,98.4,30,49.9,-0.166,0.104,0.494,1.331,0.063,0.604,2880,905,true,0
101814,2026-09-06 10:30:14.000 +0530,68.7,97.7,30,45.1,-0.112,0.144,0.327,1.248,0.598,1.375,2557,847,true,0
101815,2026-09-06 10:30:15.000 +0530,71.6,97.5,30,49.6,-0.251,0.163,0.546,2.41,0.954,1.203,2706,884,true,0
101816,2026-09-06 10:30:16.000 +0530,67.5,98.5,30,49.9,-0.317,0.02,0.4,2.28,0.661,1.276,2436,915,true,0
101817,2026-09-06 10:30:17.000 +0530,77.7,97.4,30,53.5,-0.236,0.073,0.449,2.291,0.78,0.737,2639,727,true,0
101818,2026-09-06 10:30:18.000 +0530,77.9,97.6,30,51.3,-0.201,0.168,0.359,2.07,0.595,1.499,2478,845,true,0
101819,2026-09-06 10:30:19.000 +0530,74.2,97.8,30,54.5,-0.107,0.211,0.41,2.833,1.205,0.536,2864,868,true,0
101820,2026-09-06 10:30:20.000 +0530,72.8,98.0,30,49.6,-0.248,0.048,0.473,3.568,0.733,0.732,3033,800,true,0
101821,2026-09-06 10:30:21.000 +0530,72.7,98.4,30,51.1,-0.213,0.105,0.435,2.343,0.857,0.985,2915,763,true,0
101822,2026-09-06 10:30:22.000 +0530,83.1,98.7,30,51.1,-0.192,0.049,0.34,1.675,0.464,1.007,2886,982,true,0
101823,2026-09-06 10:30:23.000 +0530,70.3,97.8,30,50.3,-0.085,0.194,0.346,1.935,1.117,0.922,2725,872,true,0
101824,2026-09-06 10:30:24.000 +0530,76.2,98.1,30,49.7,-0.213,0.116,0.227,2.12,0.768,0.526,2901,885,true,0
101825,2026-09-06 10:30:25.000 +0530,68.2,98.0,30,52.6,-0.247,0.048,0.358,1.684,1.058,0.797,2634,878,true,0
101826,2026-09-06 10:30:26.000 +0530,76.5,98.0,30,49.8,-0.2,0.12,0.255,3.335,0.929,1.119,2811,876,true,0
101827,2026-09-06 10:30:27.000 +0530,80.4,98.2,30,51.7,-0.262,0.126,0.348,2.735,0.854,1.268,2710,818,true,0
101828,2026-09-06 10:30:28.000 +0530,73.3,98.2,30,52.0,-0.345,0.091,0.432,1.64,0.173,0.855,2664,984,true,0
101829,2026-09-06 10:30:29.000 +0530,78.4,97.7,30,49.1,-0.093,0.069,0.37,1.976,1.539,1.659,2650,839,true,0
101830,2026-09-06 10:30:30.000 +0530,62.7,98.4,30,49.9,-0.262,0.143,0.468,0.978,0.9,1.457,2790,921,true,0
101831,2026-09-06 10:30:31.000 +0530,67.0,98.5,30,52.0,-0.209,0.222,0.233,2.174,1.301,1.345,2618,854,true,0
101832,2026-09-06 10:30:32.000 +0530,74.3,98.0,30,48.4,-0.12,0.06,0.36,2.208,0.584,0.638,2831,766,true,0
101833,2026-09-06 10:30:33.000 +0530,81.1,98.0,30,48.7,-0.297,0.019,0.494,1.894,0.853,1.111,2829,961,true,0
101834,2026-09-06 10:30:34.000 +0530,76.9,98.5,30,51.7,-0.187,0.04,0.363,3.006,0.887,1.405,2653,985,true,0
101835,2026-09-06 10:30:35.000 +0530,64.1,98.2,30,50.2,-0.285,0.022,0.413,2.127,1.266,1.142,2672,995,true,0
101836,2026-09-06 10:30:36.000 +0530,77.6,98.3,30,47.5,-0.132,0.055,0.504,2.291,0.735,0.773,3123,866,true,0
101837,2026-09-06 10:30:37.000 +0530,76.7,97.9,30,48.4,-0.191,0.076,0.41,1.717,0.175,0.369,2568,963,true,0
101838,2026-09-06 10:30:38.000 +0530,80.7,97.9,30,50.9,-0.131,0.143,0.36,1.859,0.549,1.464,2940,841,true,0
101839,2026-09-06 10:30:39.000 +0530,72.0,98.4,30,47.9,-0.105,0.165,0.352,1.642,0.539,0.761,2397,857,true,0
101840,2026-09-06 10:30:40.000 +0530,71.6,99.0,30,50.9,-0.118,0.123,0.247,1.625,0.946,1.035,2416,1064,true,0
101841,2026-09-06 10:30:41.000 +0530,66.7,97.7,30,51.6,-0.304,0.1,0.384,2.298,0.79,1.507,2656,790,true,0
101842,2026-09-06 10:30:42.000 +0530,74.0,99.1,30,53.7,-0.211,0.073,0.39,1.067,1.45,0.796,2751,808,true,0
101843,2026-09-06 10:30:43.000 +0530,71.1,98.8,30,50.1,-0.316,0.028,0.405,1.061,0.249,1.213,2637,839,true,0
101844,2026-09-06 10:30:44.000 +0530,77.9,98.6,30,50.5,-0.177,0.089,0.306,2.774,0.761,1.585,2437,1007,true,0
101845,2026-09-06 10:30:45.000 +0530,77.8,98.2,30,50.9,-0.18,0.182,0.447,2.448,0.518,0.938,2707,914,true,0
101846,2026-09-06 10:30:46.000 +0530,72.9,98.6,30,52.2,-0.299,-0.025,0.331,2.65,0.761,0.593,2834,867,true,0
101847,2026-09-06 10:30:47.000 +0530,74.5,98.0,30,51.8,-0.207,-0.07,0.381,2.602,0.789,1.003,2948,953,true,0
101848,2026-09-06 10:30:48.000 +0530,71.2,98.7,30,54.5,-0.231,0.1,0.282,1.85,0.526,1.86,2859,870,true,0
101849,2026-09-06 10:30:49.000 +0530,77.2,97.4,30,51.4,-0.155,0.146,0.359,3.354,0.735,1.192,2775,799,true,0
101850,2026-09-06 10:30:50.000 +0530,73.2,98.3,30,51.4,-0.315,-0.042,0.401,2.607,0.768,1.02,2816,816,true,0
101851,2026-09-06 10:30:51.000 +0530,65.5,98.7,30,48.0,-0.234,0.091,0.337,2.449,0.819,1.142,2641,968,true,0
101852,2026-09-06 10:30:52.000 +0530,65.7,97.8,30,49.5,-0.197,0.123,0.259,2.606,-0.355,1.168,2827,902,true,0
101853,2026-09-06 10:30:53.000 +0530,77.3,98.3,30,50.8,-0.144,0.001,0.282,2.0,0.823,0.362,2803,902,true,0
101854,2026-09-06 10:30:54.000 +0530,67.5,98.4,30,51.3,-0.234,0.042,0.282,1.369,0.225,1.038,2959,901,true,0
101855,2026-09-06 10:30:55.000 +0530,76.7,98.6,30,51.3,-0.107,0.187,0.259,2.891,0.622,1.4,2528,894,true,0
101856,2026-09-06 10:30:56.000 +0530,78.2,97.9,30,47.9,-0.324,-0.024,0.359,2.649,0.804,0.446,2797,895,true,0
101857,2026-09-06 10:30:57.000 +0530,75.3,99.3,30,48.7,-0.115,0.036,0.414,2.328,0.56,1.552,2802,835,true,0
101858,2026-09-06 10:30:58.000 +0530,74.5,97.8,30,53.8,-0.163,0.171,0.503,1.06,0.245,0.171,2531,932,true,0
101859,2026-09-06 10:30:59.000 +0530,72.4,98.1,30,52.6,-0.134,0.036,0.449,2.99,0.78,1.126,2651,841,true,0
101860,2026-09-06 10:31:00.000 +0530,69.1,97.8,30,52.0,-0.16,0.094,0.386,2.166,0.264,1.059,2736,893,true,0
101861,2026-09-06 10:31:01.000 +0530,70.1,97.6,30,51.3,-0.165,0.115,0.251,2.086,0.584,0.931,2915,999,true,0
101862,2026-09-06 10:31:02.000 +0530,69.9,98.0,30,50.4,-0.172,0.065,0.34,2.448,0.672,1.068,2993,921,true,0
101863,2026-09-06 10:31:03.000 +0530,69.7,98.1,30,49.1,-0.37,0.044,0.386,2.48,0.622,0.774,2690,964,true,0
101864,2026-09-06 10:31:04.000 +0530,70.8,97.5,30,52.4,-0.136,0.137,0.473,1.72,1.109,1.31,2782,1001,true,0
101865,2026-09-06 10:31:05.000 +0530,68.5,98.3,30,49.3,-0.176,0.163,0.385,2.093,0.59,1.699,2828,784,true,0
101866,2026-09-06 10:31:06.000 +0530,76.7,98.5,30,52.6,-0.091,-0.027,0.403,1.446,0.838,0.619,2857,897,true,0
101867,2026-09-06 10:31:07.000 +0530,66.8,99.1,30,49.3,-0.14,-0.01,0.298,3.228,-0.029,0.369,2688,975,true,0
101868,2026-09-06 10:31:08.000 +0530,72.6,98.5,30,53.7,-0.311,0.028,0.358,1.853,0.541,1.105,2886,903,true,0
101869,2026-09-06 10:31:09.000 +0530,78.4,98.5,30,52.7,-0.219,0.109,0.361,1.757,0.54,1.086,2523,924,true,0
101870,2026-09-06 10:31:10.000 +0530,67.3,98.0,30,52.3,-0.115,0.09,0.361,1.392,1.204,0.511,2911,941,true,0
101871,2026-09-06 10:31:11.000 +0530,70.8,99.0,30,47.0,-0.145,0.193,0.325,2.9,0.044,0.786,2956,857,true,0
101872,2026-09-06 10:31:12.000 +0530,73.9,97.9,30,47.7,-0.215,0.003,0.405,1.461,0.891,0.781,2588,836,true,0
101873,2026-09-06 10:31:13.000 +0530,76.1,98.7,30,50.4,-0.316,0.111,0.569,1.24,0.861,1.205,2426,939,true,0
101874,2026-09-06 10:31:14.000 +0530,74.9,98.1,30,49.3,-0.252,0.182,0.286,2.497,0.693,0.947,2783,993,true,0
101875,2026-09-06 10:31:15.000 +0530,69.4,97.1,30,47.0,-0.207,0.083,0.39,2.179,0.754,0.807,2850,779,true,0
101876,2026-09-06 10:31:16.000 +0530,80.2,97.5,30,50.3,-0.209,0.149,0.346,4.068,0.472,0.937,2703,827,true,0
101877,2026-09-06 10:31:17.000 +0530,67.8,98.2,30,51.1,-0.09,0.247,0.271,1.796,0.618,0.508,2643,835,true,0
101878,2026-09-06 10:31:18.000 +0530,78.3,97.4,30,55.0,-0.073,-0.011,0.336,1.897,1.478,0.928,2647,1009,true,0
101879,2026-09-06 10:31:19.000 +0530,83.5,98.3,30,52.8,-0.197,0.049,0.299,1.782,1.184,1.157,2706,898,true,0
101880,2026-09-06 10:31:20.000 +0530,77.5,98.3,30,52.0,-0.177,-0.004,0.304,0.829,1.367,1.264,2746,983,true,0
101881,2026-09-06 10:31:21.000 +0530,66.9,98.0,30,50.0,-0.201,0.106,0.337,2.625,1.029,1.139,2829,860,true,0
101882,2026-09-06 10:31:22.000 +0530,70.4,97.1,30,53.2,-0.123,0.131,0.364,2.675,0.524,1.376,2782,993,true,0
101883,2026-09-06 10:31:23.000 +0530,85.3,98.1,30,50.4,-0.208,0.113,0.397,1.263,0.688,1.153,2744,891,true,0
101884,2026-09-06 10:31:24.000 +0530,80.8,97.4,30,48.8,-0.297,0.013,0.317,1.571,0.588,0.643,2870,952,true,0
101885,2026-09-06 10:31:25.000 +0530,63.2,98.9,30,50.3,-0.11,0.126,0.387,1.3,0.346,1.448,2437,886,true,0
101886,2026-09-06 10:31:26.000 +0530,75.0,98.2,30,48.2,-0.152,0.033,0.404,1.928,0.822,1.305,2467,877,true,0
101887,2026-09-06 10:31:27.000 +0530,69.3,98.3,30,52.1,-0.239,0.119,0.352,3.169,0.754,0.586,2664,968,true,0
101888,2026-09-06 10:31:28.000 +0530,72.8,97.8,30,48.8,-0.212,0.098,0.308,1.095,0.659,1.366,2466,872,true,0
101889,2026-09-06 10:31:29.000 +0530,76.4,98.9,30,50.3,-0.182,0.018,0.432,3.25,0.954,1.528,2491,938,true,0
101890,2026-09-06 10:31:30.000 +0530,71.7,97.7,30,51.4,-0.202,0.055,0.281,3.476,0.497,1.215,2804,932,true,0
101891,2026-09-06 10:31:31.000 +0530,75.9,97.5,30,54.7,-0.301,0.06,0.186,2.293,0.974,0.582,2712,850,true,0
101892,2026-09-06 10:31:32.000 +0530,80.4,97.3,30,49.5,-0.376,0.11,0.388,1.878,0.999,0.715,2760,928,true,0
101893,2026-09-06 10:31:33.000 +0530,73.2,97.3,30,49.9,-0.195,0.056,0.319,2.118,1.288,1.291,2669,845,true,0
101894,2026-09-06 10:31:34.000 +0530,76.6,98.7,30,50.8,-0.128,0.066,0.266,0.694,0.564,0.644,2403,922,true,0
101895,2026-09-06 10:31:35.000 +0530,78.4,97.2,30,47.9,-0.246,-0.003,0.273,2.123,0.607,0.638,2725,830,true,0
101896,2026-09-06 10:31:36.000 +0530,70.0,98.1,30,48.5,-0.313,0.176,0.397,3.307,1.181,1.049,2629,931,true,0
101897,2026-09-06 10:31:37.000 +0530,75.8,97.6,30,52.8,-0.232,0.019,0.371,0.901,0.914,0.941,2824,822,true,0
101898,2026-09-06 10:31:38.000 +0530,74.2,97.6,30,50.3,-0.078,0.094,0.291,2.081,0.864,1.053,2443,905,true,0
101899,2026-09-06 10:31:39.000 +0530,82.2,98.7,30,53.5,-0.175,0.095,0.305,0.305,0.624,1.043,2878,914,true,0
101900,2026-09-06 10:31:40.000 +0530,66.6,97.7,30,47.2,-0.109,0.029,0.467,0.645,0.789,1.293,2416,895,true,0
101901,2026-09-06 10:31:41.000 +0530,67.3,98.8,30,50.0,-0.282,0.046,0.401,2.331,0.735,1.744,2514,898,true,0
101902,2026-09-06 10:31:42.000 +0530,67.5,97.3,30,49.2,-0.109,0.199,0.568,3.415,0.509,1.006,2596,839,true,0
101903,2026-09-06 10:31:43.000 +0530,77.7,98.5,30,52.9,-0.215,0.226,0.545,0.615,0.516,1.002,3028,902,true,0
101904,2026-09-06 10:31:44.000 +0530,71.0,97.2,30,50.2,-0.22,0.094,0.306,3.249,0.776,0.702,2505,852,true,0
101905,2026-09-06 10:31:45.000 +0530,72.2,98.3,30,53.8,-0.294,0.139,0.329,0.369,0.623,0.781,2738,1049,true,0
101906,2026-09-06 10:31:46.000 +0530,80.2,97.1,30,52.7,-0.173,0.039,0.524,2.141,0.791,1.034,3016,942,true,0
101907,2026-09-06 10:31:47.000 +0530,72.4,97.9,30,50.9,-0.01,0.084,0.41,1.216,1.111,1.119,2830,894,true,0
101908,2026-09-06 10:31:48.000 +0530,72.7,97.6,30,54.1,-0.241,0.054,0.304,0.982,0.799,1.787,2631,805,true,0
101909,2026-09-06 10:31:49.000 +0530,72.1,98.1,30,48.6,-0.312,0.059,0.204,1.891,0.821,1.147,2556,836,true,0
101910,2026-09-06 10:31:50.000 +0530,65.6,99.2,30,48.9,-0.32,0.108,0.346,2.885,1.023,1.008,2686,873,true,0
101911,2026-09-06 10:31:51.000 +0530,82.3,96.5,30,51.0,-0.253,0.066,0.361,1.411,0.941,0.716,2922,859,true,0
101912,2026-09-06 10:31:52.000 +0530,71.0,97.7,30,52.5,-0.068,0.071,0.403,2.645,0.838,2.268,2682,835,true,0
101913,2026-09-06 10:31:53.000 +0530,81.9,98.1,30,51.8,-0.359,0.099,0.259,1.948,0.824,0.868,2378,875,true,0
101914,2026-09-06 10:31:54.000 +0530,76.4,99.1,30,51.6,-0.238,0.023,0.449,2.611,1.143,0.579,2916,1035,true,0
101915,2026-09-06 10:31:55.000 +0530,75.4,98.3,30,51.5,-0.322,0.07,0.474,2.087,0.871,1.473,2855,936,true,0
101916,2026-09-06 10:31:56.000 +0530,75.2,97.7,30,49.7,-0.257,-0.019,0.353,1.994,0.581,1.448,2783,816,true,0
101917,2026-09-06 10:31:57.000 +0530,77.5,98.3,30,49.0,-0.159,0.131,0.275,1.434,0.573,1.423,2787,983,true,0
101918,2026-09-06 10:31:58.000 +0530,80.0,97.8,30,54.7,-0.034,-0.002,0.315,3.333,1.356,1.539,2543,952,true,0
101919,2026-09-06 10:31:59.000 +0530,68.3,97.7,30,50.2,-0.046,0.043,0.4,1.45,1.06,1.238,2778,917,true,0
101920,2026-09-06 10:32:00.000 +0530,80.0,97.9,30,51.5,-0.215,0.096,0.34,1.5,0.632,1.542,2884,1054,true,0
101921,2026-09-06 10:32:01.000 +0530,64.3,97.6,30,52.4,-0.145,0.096,0.394,2.046,0.76,1.17,2688,860,true,0
101922,2026-09-06 10:32:02.000 +0530,72.8,97.9,30,50.4,-0.137,0.093,0.16,1.083,0.291,1.291,2369,1090,true,0
101923,2026-09-06 10:32:03.000 +0530,79.1,98.8,30,51.3,-0.125,0.141,0.225,3.108,1.56,1.074,2677,889,true,0
101924,2026-09-06 10:32:04.000 +0530,76.6,98.3,30,52.3,-0.211,0.043,0.319,1.002,0.442,1.298,2768,804,true,0
101925,2026-09-06 10:32:05.000 +0530,81.7,98.0,30,54.2,-0.253,-0.038,0.355,1.32,1.541,0.703,2576,953,true,0
101926,2026-09-06 10:32:06.000 +0530,75.0,97.4,30,51.1,-0.084,0.009,0.306,2.52,0.929,0.909,2668,923,true,0
101927,2026-09-06 10:32:07.000 +0530,70.1,98.4,30,49.8,-0.167,0.021,0.387,1.621,0.696,0.724,2748,956,true,0
101928,2026-09-06 10:32:08.000 +0530,73.8,97.6,30,49.9,-0.281,0.058,0.394,2.701,0.327,1.013,2582,937,true,0
101929,2026-09-06 10:32:09.000 +0530,72.9,98.3,30,47.7,-0.296,0.095,0.445,2.027,0.497,0.835,2738,800,true,0
101930,2026-09-06 10:32:10.000 +0530,74.9,97.3,30,54.2,-0.201,0.132,0.434,1.869,0.44,0.818,2535,885,true,0
101931,2026-09-06 10:32:11.000 +0530,74.7,97.1,30,51.2,-0.18,0.079,0.379,2.564,0.146,1.129,2899,904,true,0
101932,2026-09-06 10:32:12.000 +0530,71.9,99.1,30,47.2,-0.313,0.036,0.182,2.582,0.507,1.012,2854,889,true,0
101933,2026-09-06 10:32:13.000 +0530,66.5,97.2,30,46.0,-0.097,0.083,0.432,2.15,0.14,1.946,2739,912,true,0
101934,2026-09-06 10:32:14.000 +0530,79.2,98.6,30,50.7,-0.149,0.086,0.286,1.736,0.297,1.606,2829,960,true,0
101935,2026-09-06 10:32:15.000 +0530,73.3,98.8,30,49.3,-0.185,0.16,0.435,0.953,0.937,1.579,2687,868,true,0
101936,2026-09-06 10:32:16.000 +0530,78.6,98.6,30,49.8,-0.145,0.028,0.385,2.815,0.661,1.441,2795,842,true,0
101937,2026-09-06 10:32:17.000 +0530,77.0,98.7,30,51.0,-0.237,0.118,0.395,3.185,0.529,1.235,2834,885,true,0
101938,2026-09-06 10:32:18.000 +0530,74.6,96.6,30,47.0,-0.275,0.014,0.335,2.289,0.299,0.316,2606,955,true,0
101939,2026-09-06 10:32:19.000 +0530,74.1,97.6,30,50.7,-0.196,0.042,0.41,3.424,0.498,1.118,2534,925,true,0
101940,2026-09-06 10:32:20.000 +0530,76.8,98.0,30,51.5,-0.403,0.107,0.324,0.669,0.689,0.408,2696,932,true,0
101941,2026-09-06 10:32:21.000 +0530,74.0,97.9,30,51.5,-0.085,0.064,0.339,2.085,0.612,0.915,2632,887,true,0
101942,2026-09-06 10:32:22.000 +0530,75.8,97.7,30,49.1,-0.253,0.037,0.468,2.591,0.981,0.891,2858,913,true,0
101943,2026-09-06 10:32:23.000 +0530,69.0,97.6,30,53.4,-0.093,0.024,0.3,2.281,0.982,0.198,2820,886,true,0
101944,2026-09-06 10:32:24.000 +0530,75.9,97.1,30,50.1,-0.134,0.064,0.245,3.556,0.422,0.576,2862,924,true,0
101945,2026-09-06 10:32:25.000 +0530,76.0,97.5,30,53.5,-0.169,0.114,0.343,1.625,0.687,1.395,2721,825,true,0
101946,2026-09-06 10:32:26.000 +0530,67.3,98.1,30,51.8,-0.205,0.095,0.336,2.604,1.036,0.74,2631,803,true,0
101947,2026-09-06 10:32:27.000 +0530,74.1,99.0,30,53.7,-0.181,0.09,0.323,1.617,1.1,0.953,2890,968,true,0
101948,2026-09-06 10:32:28.000 +0530,71.8,98.5,30,49.6,-0.242,0.01,0.471,3.234,1.317,0.841,2805,874,true,0
101949,2026-09-06 10:32:29.000 +0530,75.3,98.2,30,51.9,-0.177,0.092,0.292,1.988,0.55,0.861,2587,871,true,0
101950,2026-09-06 10:32:30.000 +0530,72.2,97.9,30,51.8,-0.335,0.11,0.364,2.123,0.974,1.319,2692,901,true,0
101951,2026-09-06 10:32:31.000 +0530,71.1,97.6,30,49.0,-0.21,0.013,0.37,2.579,0.679,1.046,2719,899,true,0
101952,2026-09-06 10:32:32.000 +0530,74.8,97.5,30,49.1,-0.31,0.083,0.45,1.139,0.582,1.3,2927,932,true,0
101953,2026-09-06 10:32:33.000 +0530,68.5,98.0,30,51.4,-0.188,0.025,0.249,1.222,0.798,1.345,2600,802,true,0
101954,2026-09-06 10:32:34.000 +0530,73.4,98.2,30,49.5,-0.176,-0.005,0.376,2.18,0.718,1.442,2775,932,true,0
101955,2026-09-06 10:32:35.000 +0530,81.9,98.2,30,51.4,-0.226,0.103,0.333,2.422,1.053,1.252,2537,881,true,0
101956,2026-09-06 10:32:36.000 +0530,74.1,98.1,30,50.1,-0.219,-0.064,0.304,1.141,0.618,0.508,2760,1032,true,0
101957,2026-09-06 10:32:37.000 +0530,74.5,98.6,30,49.8,-0.115,0.05,0.352,2.782,1.28,1.046,2571,867,true,0
101958,2026-09-06 10:32:38.000 +0530,68.3,98.1,30,50.7,-0.158,0.119,0.322,0.636,1.457,0.838,2515,920,true,0
101959,2026-09-06 10:32:39.000 +0530,73.4,98.5,30,47.1,-0.272,-0.038,0.328,2.456,0.285,1.11,2776,916,true,0
101960,2026-09-06 10:32:40.000 +0530,75.6,97.2,30,48.1,-0.221,0.131,0.279,2.826,0.921,1.273,2523,1011,true,0
101961,2026-09-06 10:32:41.000 +0530,69.6,97.7,30,50.6,-0.315,0.115,0.45,2.896,0.337,0.998,2820,957,true,0
101962,2026-09-06 10:32:42.000 +0530,69.6,97.7,30,52.1,-0.113,-0.06,0.298,2.205,1.028,1.053,2722,931,true,0
101963,2026-09-06 10:32:43.000 +0530,64.6,97.7,30,50.8,-0.152,0.078,0.428,2.939,1.232,0.74,2658,967,true,0
101964,2026-09-06 10:32:44.000 +0530,77.8,98.2,30,51.8,-0.254,0.082,0.363,2.658,0.643,0.878,2398,932,true,0
101965,2026-09-06 10:32:45.000 +0530,72.8,97.7,30,48.8,-0.216,0.128,0.154,0.555,0.681,0.762,2824,875,true,0
101966,2026-09-06 10:32:46.000 +0530,77.7,98.1,30,52.8,-0.298,0.043,0.5,0.947,0.793,1.433,2724,850,true,0
101967,2026-09-06 10:32:47.000 +0530,80.1,98.1,30,50.8,-0.251,0.025,0.372,3.523,0.745,0.543,2886,1057,true,0
101968,2026-09-06 10:32:48.000 +0530,75.4,97.2,30,50.2,-0.257,0.017,0.417,2.254,0.722,1.126,2748,888,true,0
101969,2026-09-06 10:32:49.000 +0530,73.7,97.2,30,50.2,-0.24,0.091,0.401,2.762,0.629,0.992,2509,883,true,0
101970,2026-09-06 10:32:50.000 +0530,61.0,97.2,30,50.9,-0.166,0.024,0.246,2.352,0.84,0.454,2511,790,true,0
101971,2026-09-06 10:32:51.000 +0530,69.9,98.1,30,48.7,-0.156,0.095,0.376,1.72,0.901,1.199,2893,802,true,0
101972,2026-09-06 10:32:52.000 +0530,78.7,98.0,30,48.0,-0.236,0.073,0.545,1.234,0.328,1.167,2515,822,true,0
101973,2026-09-06 10:32:53.000 +0530,81.6,97.8,30,51.4,-0.147,0.078,0.439,2.601,1.032,0.96,2501,1003,true,0
101974,2026-09-06 10:32:54.000 +0530,73.7,97.2,30,52.2,-0.243,0.049,0.432,1.51,1.268,1.354,2785,1033,true,0
101975,2026-09-06 10:32:55.000 +0530,72.2,97.3,30,50.1,-0.391,0.048,0.337,1.628,0.873,1.628,2510,900,true,0
101976,2026-09-06 10:32:56.000 +0530,70.8,98.0,30,49.4,-0.31,0.161,0.32,1.22,1.185,1.458,2920,945,true,0
101977,2026-09-06 10:32:57.000 +0530,70.1,97.9,30,51.4,-0.24,0.168,0.435,2.315,0.87,1.281,2638,981,true,0
101978,2026-09-06 10:32:58.000 +0530,72.2,98.3,30,46.5,-0.175,0.034,0.263,1.388,0.71,0.82,2556,906,true,0
101979,2026-09-06 10:32:59.000 +0530,73.3,97.3,30,54.2,-0.171,-0.066,0.464,2.898,1.129,1.201,2690,838,true,0
101980,2026-09-06 10:33:00.000 +0530,75.4,97.9,30,44.9,-0.142,0.063,0.266,2.034,1.051,1.739,2933,704,true,0
101981,2026-09-06 10:33:01.000 +0530,72.6,97.5,30,51.3,-0.282,0.136,0.346,2.617,0.954,0.5,2552,879,true,0
101982,2026-09-06 10:33:02.000 +0530,78.1,98.3,30,47.9,-0.063,0.087,0.271,2.15,0.532,0.73,2753,894,true,0
101983,2026-09-06 10:33:03.000 +0530,67.4,97.6,30,54.4,-0.279,0.043,0.228,0.709,1.696,1.204,2424,810,true,0
101984,2026-09-06 10:33:04.000 +0530,72.4,97.5,30,47.4,-0.292,0.229,0.424,1.625,0.57,0.993,2826,1073,true,0
101985,2026-09-06 10:33:05.000 +0530,62.5,98.2,30,51.2,-0.14,0.14,0.36,2.66,1.484,1.055,2611,995,true,0
101986,2026-09-06 10:33:06.000 +0530,69.1,97.4,30,50.2,-0.322,-0.016,0.381,1.511,0.831,0.664,2798,877,true,0
101987,2026-09-06 10:33:07.000 +0530,74.4,98.4,30,50.0,-0.311,0.052,0.327,2.588,0.43,1.896,2800,860,true,0
101988,2026-09-06 10:33:08.000 +0530,70.4,97.4,30,51.9,-0.152,-0.029,0.458,2.05,0.398,1.121,2762,881,true,0
101989,2026-09-06 10:33:09.000 +0530,71.0,97.5,30,45.9,-0.255,0.108,0.27,1.318,1.026,1.247,2779,981,true,0
101990,2026-09-06 10:33:10.000 +0530,71.1,97.0,30,50.9,-0.179,0.047,0.479,-0.063,0.504,0.552,2365,893,true,0
101991,2026-09-06 10:33:11.000 +0530,72.5,98.1,30,48.5,-0.147,0.088,0.268,2.741,0.892,1.417,2748,899,true,0
101992,2026-09-06 10:33:12.000 +0530,77.6,97.9,30,51.9,-0.363,-0.002,0.306,2.228,0.859,1.281,2720,968,true,0
101993,2026-09-06 10:33:13.000 +0530,72.0,97.9,30,52.0,-0.189,0.035,0.283,0.637,0.864,0.41,2650,953,true,0
101994,2026-09-06 10:33:14.000 +0530,72.1,97.8,30,50.6,-0.142,0.184,0.343,2.517,0.881,0.508,2574,888,true,0
101995,2026-09-06 10:33:15.000 +0530,74.3,98.3,30,54.0,-0.206,0.012,0.4,1.648,1.064,1.087,2818,781,true,0
101996,2026-09-06 10:33:16.000 +0530,75.7,98.3,30,49.8,-0.231,0.054,0.342,2.144,0.662,1.317,2818,820,true,0
101997,2026-09-06 10:33:17.000 +0530,66.2,99.1,30,48.3,-0.066,0.03,0.459,1.922,1.272,0.457,2900,783,true,0
101998,2026-09-06 10:33:18.000 +0530,74.0,98.5,30,48.2,-0.263,0.109,0.334,2.323,0.931,0.728,2891,922,true,0
101999,2026-09-06 10:33:19.000 +0530,76.0,97.4,30,50.6,-0.178,0.019,0.412,2.721,-0.085,1.226,2994,890,true,0
102000,2026-09-06 10:33:20.000 +0530,70.1,97.7,30,54.1,-0.296,0.12,0.303,1.602,1.241,1.056,2360,936,true,0
102001,2026-09-06 10:33:21.000 +0530,67.7,97.2,30,49.0,-0.053,0.123,0.223,0.793,1.487,1.438,2748,983,true,0
102002,2026-09-06 10:33:22.000 +0530,77.5,96.8,30,49.6,-0.247,0.149,0.296,2.661,0.467,1.452,2957,952,true,0
102003,2026-09-06 10:33:23.000 +0530,73.1,98.0,30,51.9,-0.227,0.167,0.342,1.502,0.649,1.233,2941,879,true,0
102004,2026-09-06 10:33:24.000 +0530,70.6,97.6,30,50.5,-0.019,0.056,0.271,3.566,0.328,0.516,2463,960,true,0
102005,2026-09-06 10:33:25.000 +0530,74.9,97.7,30,51.1,-0.14,-0.024,0.346,2.499,0.574,0.949,2809,824,true,0
102006,2026-09-06 10:33:26.000 +0530,76.2,98.4,30,51.1,-0.159,0.088,0.5,2.546,0.976,0.663,3162,712,true,0
102007,2026-09-06 10:33:27.000 +0530,71.2,98.1,30,53.2,-0.341,0.069,0.257,1.019,0.702,1.505,2428,848,true,0
102008,2026-09-06 10:33:28.000 +0530,68.7,98.4,30,51.2,-0.233,0.138,0.502,2.182,0.841,1.019,2717,825,true,0
102009,2026-09-06 10:33:29.000 +0530,68.0,97.7,30,52.4,-0.203,0.077,0.301,3.733,0.826,0.847,2891,819,true,0
102010,2026-09-06 10:33:30.000 +0530,68.1,98.2,30,49.9,-0.185,0.141,0.467,3.537,0.696,0.756,2651,954,true,0
102011,2026-09-06 10:33:31.000 +0530,71.3,97.7,30,50.4,-0.202,-0.031,0.361,2.987,0.608,0.822,2733,974,true,0
102012,2026-09-06 10:33:32.000 +0530,69.0,98.3,30,46.9,-0.253,0.096,0.412,2.612,0.638,1.323,2515,918,true,0
102013,2026-09-06 10:33:33.000 +0530,69.2,97.1,30,53.6,-0.265,0.101,0.457,2.282,1.355,0.582,2440,821,true,0
102014,2026-09-06 10:33:34.000 +0530,73.5,98.6,30,48.6,-0.209,0.137,0.354,2.654,0.384,0.995,2402,829,true,0
102015,2026-09-06 10:33:35.000 +0530,68.8,98.2,30,54.3,-0.068,0.1,0.355,2.793,0.352,1.192,3061,922,true,0
102016,2026-09-06 10:33:36.000 +0530,83.9,98.1,30,51.4,-0.231,0.151,0.361,2.327,0.538,1.361,2782,1017,true,0
102017,2026-09-06 10:33:37.000 +0530,80.2,98.2,30,47.8,-0.05,0.119,0.34,0.577,0.471,1.236,2566,898,true,0
102018,2026-09-06 10:33:38.000 +0530,73.0,98.4,30,56.3,-0.164,-0.017,0.297,2.281,1.443,0.778,2763,872,true,0
102019,2026-09-06 10:33:39.000 +0530,61.8,98.8,30,47.3,-0.206,0.07,0.41,1.838,2.049,1.248,2694,873,true,0
102020,2026-09-06 10:33:40.000 +0530,73.2,97.1,30,48.8,-0.254,0.136,0.458,2.58,0.33,0.739,2669,768,true,0
102021,2026-09-06 10:33:41.000 +0530,76.1,98.0,30,53.0,-0.333,0.078,0.176,2.593,0.586,1.081,2675,822,true,0
102022,2026-09-06 10:33:42.000 +0530,72.0,98.1,30,48.3,-0.319,0.073,0.333,2.874,0.394,0.823,2517,801,true,0
102023,2026-09-06 10:33:43.000 +0530,66.3,98.7,30,50.2,-0.23,0.107,0.168,3.252,0.645,0.967,2658,880,true,0
102024,2026-09-06 10:33:44.000 +0530,72.5,97.2,30,50.4,-0.147,0.179,0.175,2.04,0.887,0.76,2843,810,true,0
102025,2026-09-06 10:33:45.000 +0530,70.3,97.6,30,50.2,-0.172,0.089,0.42,1.306,0.486,1.211,2572,1032,true,0
102026,2026-09-06 10:33:46.000 +0530,75.5,98.7,30,51.7,-0.204,0.016,0.345,2.673,0.641,1.173,2793,988,true,0
102027,2026-09-06 10:33:47.000 +0530,73.8,98.1,30,48.1,-0.136,0.177,0.369,1.104,0.75,1.325,3048,977,true,0
102028,2026-09-06 10:33:48.000 +0530,70.5,97.2,30,51.5,-0.137,0.019,0.333,2.511,1.47,0.85,2939,948,true,0
102029,2026-09-06 10:33:49.000 +0530,78.7,98.0,30,51.7,-0.122,0.055,0.289,3.336,0.198,1.697,2986,852,true,0
102030,2026-09-06 10:33:50.000 +0530,72.0,98.2,30,52.3,-0.277,0.206,0.36,1.741,0.437,0.861,2941,818,true,0
102031,2026-09-06 10:33:51.000 +0530,76.7,98.1,30,50.5,-0.27,0.191,0.465,0.181,0.999,1.249,2706,856,true,0
102032,2026-09-06 10:33:52.000 +0530,62.4,97.7,30,51.4,-0.395,0.045,0.491,2.919,0.755,0.434,3157,892,true,0
102033,2026-09-06 10:33:53.000 +0530,77.5,98.2,30,51.6,-0.265,-0.11,0.433,3.572,1.083,1.288,2563,957,true,0
102034,2026-09-06 10:33:54.000 +0530,81.5,96.8,30,47.4,-0.203,0.048,0.414,2.269,0.474,1.04,2765,916,true,0
102035,2026-09-06 10:33:55.000 +0530,73.6,97.8,30,52.3,-0.248,0.029,0.465,0.396,0.658,1.089,2844,922,true,0
102036,2026-09-06 10:33:56.000 +0530,79.4,98.0,30,52.2,-0.113,0.02,0.412,1.471,0.476,0.805,2718,839,true,0
102037,2026-09-06 10:33:57.000 +0530,66.0,98.5,30,51.9,-0.281,0.276,0.304,3.32,0.689,0.777,2616,879,true,0
102038,2026-09-06 10:33:58.000 +0530,83.2,97.6,30,49.5,-0.136,0.1,0.447,2.547,0.683,0.838,2626,916,true,0
102039,2026-09-06 10:33:59.000 +0530,72.3,97.5,30,48.2,-0.177,0.093,0.354,0.468,0.574,0.591,2879,976,true,0
102040,2026-09-06 10:34:00.000 +0530,79.5,98.6,30,51.2,-0.118,-0.062,0.369,2.273,0.822,0.695,2629,867,true,0
102041,2026-09-06 10:34:01.000 +0530,75.9,97.1,30,49.7,-0.14,0.148,0.286,1.311,0.869,0.477,2699,890,true,0
102042,2026-09-06 10:34:02.000 +0530,71.5,97.9,30,47.8,-0.095,0.042,0.215,2.066,0.334,0.878,2670,861,true,0
102043,2026-09-06 10:34:03.000 +0530,86.5,98.2,30,46.8,-0.208,0.143,0.308,2.018,0.851,0.58,2793,885,true,0
102044,2026-09-06 10:34:04.000 +0530,71.5,98.3,30,53.5,-0.084,0.109,0.168,1.866,0.357,0.572,2853,979,true,0
102045,2026-09-06 10:34:05.000 +0530,73.1,98.0,30,51.7,-0.061,0.102,0.381,1.457,0.412,1.162,2636,976,true,0
102046,2026-09-06 10:34:06.000 +0530,65.4,98.3,30,48.0,-0.269,0.174,0.51,2.236,0.079,0.299,2561,868,true,0
102047,2026-09-06 10:34:07.000 +0530,68.1,98.5,30,51.4,-0.286,0.143,0.262,3.147,0.782,1.44,2296,869,true,0
102048,2026-09-06 10:34:08.000 +0530,64.4,98.4,30,53.1,-0.106,0.029,0.365,1.725,0.021,1.567,2618,918,true,0
102049,2026-09-06 10:34:09.000 +0530,82.6,97.6,30,50.7,-0.095,0.145,0.377,2.736,1.054,0.811,2474,845,true,0
102050,2026-09-06 10:34:10.000 +0530,64.2,98.3,30,47.8,-0.197,0.093,0.285,3.187,0.615,0.315,2381,883,true,0
102051,2026-09-06 10:34:11.000 +0530,74.8,97.2,30,48.7,-0.262,0.055,0.237,1.289,0.662,1.636,2646,726,true,0
102052,2026-09-06 10:34:12.000 +0530,74.6,98.5,30,49.6,-0.051,-0.038,0.303,2.302,1.123,1.156,2688,864,true,0
102053,2026-09-06 10:34:13.000 +0530,73.3,97.4,30,49.1,-0.296,0.074,0.389,1.099,0.784,0.341,2565,993,true,0
102054,2026-09-06 10:34:14.000 +0530,80.2,98.8,30,52.7,-0.262,-0.008,0.383,1.662,1.162,0.691,2947,831,true,0
102055,2026-09-06 10:34:15.000 +0530,76.7,98.2,30,51.9,-0.288,0.112,0.295,2.826,0.452,1.798,2354,971,true,0
102056,2026-09-06 10:34:16.000 +0530,70.2,97.5,30,49.3,-0.245,0.159,0.287,2.081,0.64,1.305,2555,871,true,0
102057,2026-09-06 10:34:17.000 +0530,78.1,98.2,30,55.0,-0.232,0.138,0.367,1.304,0.151,0.426,2636,823,true,0
102058,2026-09-06 10:34:18.000 +0530,68.6,97.9,30,55.7,-0.095,0.119,0.428,1.856,1.311,0.477,2557,927,true,0
102059,2026-09-06 10:34:19.000 +0530,80.0,98.6,30,52.4,-0.262,0.082,0.368,3.088,0.511,1.241,2734,779,true,0
102060,2026-09-06 10:34:20.000 +0530,64.4,98.4,30,49.2,-0.248,0.05,0.32,0.256,1.531,1.269,2574,967,true,0
102061,2026-09-06 10:34:21.000 +0530,77.8,98.9,30,51.3,-0.069,0.108,0.308,2.804,0.562,0.835,2682,936,true,0
102062,2026-09-06 10:34:22.000 +0530,72.8,98.6,30,48.8,-0.225,0.044,0.275,2.688,0.314,0.825,2693,1002,true,0
102063,2026-09-06 10:34:23.000 +0530,76.0,98.1,30,48.8,-0.19,0.082,0.4,3.683,0.572,0.955,2922,788,true,0
102064,2026-09-06 10:34:24.000 +0530,70.6,98.1,30,48.2,-0.307,0.148,0.408,2.449,0.674,1.363,2834,905,true,0
102065,2026-09-06 10:34:25.000 +0530,76.8,98.4,30,49.1,-0.086,-0.048,0.387,1.275,0.575,0.61,2855,919,true,0
102066,2026-09-06 10:34:26.000 +0530,77.1,99.1,30,49.2,-0.234,0.065,0.304,0.826,0.84,0.707,2463,934,true,0
102067,2026-09-06 10:34:27.000 +0530,70.3,97.2,30,51.0,-0.037,0.063,0.551,1.336,0.583,0.329,2544,818,true,0
102068,2026-09-06 10:34:28.000 +0530,64.7,97.7,30,48.6,-0.129,0.017,0.39,2.25,0.812,1.247,2862,876,true,0
102069,2026-09-06 10:34:29.000 +0530,68.1,98.1,30,52.5,-0.303,0.112,0.425,0.688,0.77,0.873,2745,812,true,0
102070,2026-09-06 10:34:30.000 +0530,71.9,97.9,30,50.5,-0.221,0.099,0.24,1.462,0.512,1.592,2614,874,true,0
102071,2026-09-06 10:34:31.000 +0530,74.6,98.2,30,49.2,-0.141,0.186,0.356,1.036,0.381,0.594,2508,911,true,0
102072,2026-09-06 10:34:32.000 +0530,69.5,98.2,30,54.4,-0.275,0.088,0.314,3.041,0.373,0.558,2601,854,true,0
102073,2026-09-06 10:34:33.000 +0530,79.3,97.9,30,51.0,-0.242,0.142,0.169,1.235,0.601,0.349,2676,996,true,0
102074,2026-09-06 10:34:34.000 +0530,78.6,97.7,30,49.5,-0.212,0.113,0.376,3.041,-0.397,1.234,2655,871,true,0
102075,2026-09-06 10:34:35.000 +0530,80.8,97.8,30,51.5,-0.189,-0.016,0.34,3.176,0.915,0.533,2629,824,true,0
102076,2026-09-06 10:34:36.000 +0530,79.6,99.1,30,51.0,-0.23,0.099,0.286,2.966,0.652,0.598,2884,949,true,0
102077,2026-09-06 10:34:37.000 +0530,77.4,97.7,30,53.4,-0.108,0.193,0.147,1.527,0.661,1.054,2747,785,true,0
102078,2026-09-06 10:34:38.000 +0530,76.1,97.1,30,50.8,-0.162,0.022,0.234,1.988,0.534,1.117,2877,848,true,0
102079,2026-09-06 10:34:39.000 +0530,79.9,97.6,30,51.4,-0.173,0.122,0.338,0.598,0.455,0.711,2637,974,true,0
102080,2026-09-06 10:34:40.000 +0530,73.9,98.9,30,50.5,-0.213,0.028,0.468,1.844,0.064,1.043,2758,853,true,0
102081,2026-09-06 10:34:41.000 +0530,72.4,98.6,30,48.0,-0.103,0.077,0.389,3.85,0.284,1.428,2895,918,true,0
102082,2026-09-06 10:34:42.000 +0530,77.4,98.9,30,51.0,-0.27,0.166,0.338,1.809,1.161,1.357,2886,871,true,0
102083,2026-09-06 10:34:43.000 +0530,75.0,97.6,30,51.1,-0.215,0.038,0.282,1.874,1.319,1.437,2867,997,true,0
102084,2026-09-06 10:34:44.000 +0530,68.0,98.7,30,53.1,-0.173,-0.01,0.237,2.406,0.56,1.186,2018,1028,true,0
102085,2026-09-06 10:34:45.000 +0530,68.9,98.6,30,52.5,-0.277,0.125,0.309,2.121,0.43,0.934,2807,925,true,0
102086,2026-09-06 10:34:46.000 +0530,76.9,97.1,30,47.8,-0.154,0.1,0.21,0.934,0.55,1.379,2609,990,true,0
102087,2026-09-06 10:34:47.000 +0530,65.1,98.4,30,49.7,-0.23,-0.03,0.233,2.704,1.342,0.43,2648,1079,true,0
102088,2026-09-06 10:34:48.000 +0530,76.8,98.8,30,50.1,-0.291,-0.053,0.323,1.489,0.376,1.371,2828,825,true,0
102089,2026-09-06 10:34:49.000 +0530,79.3,98.8,30,50.1,-0.307,0.222,0.321,1.485,0.618,0.368,2966,863,true,0
102090,2026-09-06 10:34:50.000 +0530,74.9,97.7,30,50.4,-0.346,0.185,0.466,2.884,0.288,0.225,2731,860,true,0
102091,2026-09-06 10:34:51.000 +0530,73.4,98.7,30,51.6,-0.33,0.19,0.229,1.276,0.093,0.817,2798,950,true,0
102092,2026-09-06 10:34:52.000 +0530,70.9,97.7,30,50.1,-0.26,0.096,0.296,1.435,0.531,1.175,2465,992,true,0
102093,2026-09-06 10:34:53.000 +0530,71.9,99.1,30,51.1,-0.186,-0.005,0.452,0.595,0.567,1.203,2802,879,true,0
102094,2026-09-06 10:34:54.000 +0530,81.5,97.8,30,51.6,-0.147,-0.009,0.437,2.632,-0.109,1.294,2563,926,true,0
102095,2026-09-06 10:34:55.000 +0530,81.0,98.5,30,52.8,-0.131,0.113,0.363,2.142,1.16,1.233,2705,952,true,0
102096,2026-09-06 10:34:56.000 +0530,73.8,98.2,30,51.3,-0.173,0.122,0.31,2.339,-0.018,0.963,2582,936,true,0
102097,2026-09-06 10:34:57.000 +0530,75.3,97.9,30,47.8,-0.249,0.012,0.428,2.631,0.754,0.664,2690,832,true,0
102098,2026-09-06 10:34:58.000 +0530,66.8,98.1,30,49.9,-0.374,0.169,0.327,2.001,0.051,0.809,2655,914,true,0
102099,2026-09-06 10:34:59.000 +0530,72.2,98.6,30,49.2,-0.178,0.21,0.431,3.314,0.347,0.485,2692,974,true,0
102100,2026-09-06 10:35:00.000 +0530,72.0,98.6,30,50.8,-0.224,-0.024,0.365,3.202,0.115,1.503,2767,813,true,0
102101,2026-09-06 10:35:01.000 +0530,81.8,97.8,30,47.7,-0.195,0.117,0.461,-0.598,0.569,0.547,2662,867,true,0
102102,2026-09-06 10:35:02.000 +0530,83.0,98.4,30,50.2,-0.28,0.133,0.272,1.571,0.981,1.019,2819,942,true,0
102103,2026-09-06 10:35:03.000 +0530,74.1,98.7,30,49.0,-0.095,0.189,0.427,1.762,0.917,1.005,2440,953,true,0
102104,2026-09-06 10:35:04.000 +0530,74.3,97.4,30,50.4,-0.202,0.09,0.471,0.622,0.768,1.599,2612,937,true,0
102105,2026-09-06 10:35:05.000 +0530,69.8,98.0,30,48.0,-0.129,0.116,0.192,2.528,0.632,1.13,2548,1045,true,0
102106,2026-09-06 10:35:06.000 +0530,71.5,98.2,30,48.8,-0.153,0.087,0.372,2.122,0.754,0.859,2814,872,true,0
102107,2026-09-06 10:35:07.000 +0530,77.8,98.2,30,50.3,-0.228,-0.007,0.406,2.042,0.949,0.349,2499,923,true,0
102108,2026-09-06 10:35:08.000 +0530,64.1,98.0,30,49.3,-0.253,0.148,0.491,1.071,0.639,1.174,2935,842,true,0
102109,2026-09-06 10:35:09.000 +0530,76.2,98.0,30,52.1,-0.187,0.179,0.284,1.76,0.724,1.344,2683,1017,true,0
102110,2026-09-06 10:35:10.000 +0530,64.9,98.3,30,51.6,-0.226,0.09,0.307,2.37,0.307,1.775,2929,765,true,0
102111,2026-09-06 10:35:11.000 +0530,75.7,97.5,30,47.7,-0.137,-0.003,0.292,2.101,0.731,1.216,2535,865,true,0
102112,2026-09-06 10:35:12.000 +0530,77.8,97.3,30,53.5,-0.424,0.08,0.423,1.975,0.755,0.708,2657,985,true,0
102113,2026-09-06 10:35:13.000 +0530,78.1,98.1,30,49.0,-0.151,-0.048,0.113,1.37,0.177,1.449,2760,866,true,0
102114,2026-09-06 10:35:14.000 +0530,80.4,98.2,30,47.1,-0.267,0.151,0.461,1.08,0.55,1.09,2862,950,true,0
102115,2026-09-06 10:35:15.000 +0530,79.7,98.0,30,52.6,-0.233,0.192,0.272,2.437,0.083,0.954,2803,956,true,0
102116,2026-09-06 10:35:16.000 +0530,70.3,97.8,30,54.6,-0.257,-0.027,0.254,1.472,0.674,1.532,2536,888,true,0
102117,2026-09-06 10:35:17.000 +0530,65.7,98.5,30,52.4,-0.348,-0.011,0.472,1.636,0.494,1.135,2825,953,true,0
102118,2026-09-06 10:35:18.000 +0530,72.7,98.0,30,48.4,-0.282,0.108,0.276,1.489,0.71,0.763,2391,848,true,0
102119,2026-09-06 10:35:19.000 +0530,76.2,98.3,30,50.8,-0.204,-0.038,0.238,2.41,1.428,1.433,2731,691,true,0
102120,2026-09-06 10:35:20.000 +0530,78.5,98.4,30,51.2,-0.178,0.011,0.464,1.759,0.816,1.204,2731,1006,true,0
102121,2026-09-06 10:35:21.000 +0530,74.3,97.8,30,52.7,-0.145,0.057,0.248,2.97,0.989,0.325,2925,751,true,0
102122,2026-09-06 10:35:22.000 +0530,63.6,99.0,30,52.0,-0.13,0.045,0.326,2.352,0.465,1.366,2457,976,true,0
102123,2026-09-06 10:35:23.000 +0530,72.2,97.9,30,50.5,-0.205,0.058,0.385,0.449,0.66,1.429,2777,844,true,0
102124,2026-09-06 10:35:24.000 +0530,65.5,97.8,30,51.3,-0.09,0.057,0.359,1.034,0.911,1.013,2609,949,true,0
102125,2026-09-06 10:35:25.000 +0530,79.6,98.7,30,55.4,-0.414,0.199,0.425,1.86,0.825,0.62,2981,767,true,0
102126,2026-09-06 10:35:26.000 +0530,67.2,97.8,30,51.2,-0.21,0.062,0.316,0.066,0.829,1.231,2883,936,true,0
102127,2026-09-06 10:35:27.000 +0530,75.8,97.9,30,49.7,-0.392,0.013,0.524,1.079,0.783,0.491,2503,880,true,0
102128,2026-09-06 10:35:28.000 +0530,68.3,97.9,30,49.4,-0.158,0.2,0.478,2.663,0.855,0.574,2732,859,true,0
102129,2026-09-06 10:35:29.000 +0530,76.3,97.5,30,48.8,-0.226,0.15,0.363,3.346,0.298,0.892,2665,903,true,0
102130,2026-09-06 10:35:30.000 +0530,75.3,98.1,30,50.3,-0.218,0.043,0.47,2.161,0.638,0.492,2988,903,true,0
102131,2026-09-06 10:35:31.000 +0530,69.8,98.0,30,50.3,-0.215,0.161,0.454,3.217,1.341,1.293,2678,972,true,0
102132,2026-09-06 10:35:32.000 +0530,77.1,97.7,30,47.1,-0.25,0.136,0.313,1.21,0.595,1.645,2736,1011,true,0
102133,2026-09-06 10:35:33.000 +0530,79.8,98.2,30,48.9,-0.382,0.036,0.355,2.122,1.108,0.916,2312,906,true,0
102134,2026-09-06 10:35:34.000 +0530,72.7,97.7,30,49.9,-0.328,0.136,0.398,1.456,0.9,0.972,2838,960,true,0
102135,2026-09-06 10:35:35.000 +0530,73.2,98.7,30,53.2,-0.264,0.026,0.37,2.136,0.992,1.232,2430,814,true,0
102136,2026-09-06 10:35:36.000 +0530,71.4,98.0,30,49.3,-0.222,0.071,0.377,1.622,0.647,0.678,2721,1009,true,0
102137,2026-09-06 10:35:37.000 +0530,79.4,97.9,30,50.6,-0.232,0.043,0.278,2.107,1.105,1.652,2442,1051,true,0
102138,2026-09-06 10:35:38.000 +0530,70.7,97.6,30,51.5,-0.25,0.101,0.281,1.472,0.657,1.206,3014,915,true,0
102139,2026-09-06 10:35:39.000 +0530,68.1,99.0,30,54.3,0.005,0.074,0.408,1.656,0.944,0.392,2608,880,true,0
102140,2026-09-06 10:35:40.000 +0530,78.6,98.5,30,50.3,-0.218,0.039,0.237,0.38,1.461,0.844,2682,849,true,0
102141,2026-09-06 10:35:41.000 +0530,78.7,97.8,30,48.3,-0.154,0.043,0.375,2.637,0.48,0.767,2572,1041,true,0
102142,2026-09-06 10:35:42.000 +0530,71.0,98.0,30,50.2,-0.272,0.089,0.245,2.701,0.438,1.694,2874,825,true,0
102143,2026-09-06 10:35:43.000 +0530,77.5,97.4,30,49.1,-0.173,0.239,0.281,1.086,0.979,1.28,3001,766,true,0
102144,2026-09-06 10:35:44.000 +0530,68.4,97.4,30,50.4,-0.086,0.124,0.259,2.098,1.201,1.516,2470,960,true,0
102145,2026-09-06 10:35:45.000 +0530,83.3,97.8,30,51.7,-0.188,0.095,0.258,2.565,1.259,1.194,2671,846,true,0
102146,2026-09-06 10:35:46.000 +0530,80.5,96.8,30,49.0,-0.165,0.122,0.387,1.865,0.072,1.161,2385,994,true,0
102147,2026-09-06 10:35:47.000 +0530,73.3,99.3,30,52.8,-0.161,-0.06,0.285,1.275,1.038,1.342,2785,1092,true,0
102148,2026-09-06 10:35:48.000 +0530,62.9,97.1,30,54.1,-0.146,0.158,0.251,0.848,1.192,0.883,2617,965,true,0
102149,2026-09-06 10:35:49.000 +0530,67.4,98.4,30,47.1,-0.135,0.112,0.36,1.878,0.882,1.325,2953,840,true,0
102150,2026-09-06 10:35:50.000 +0530,65.5,98.2,30,50.7,-0.208,0.042,0.253,1.598,0.556,0.524,2385,956,true,0
102151,2026-09-06 10:35:51.000 +0530,65.7,98.6,30,49.2,-0.288,0.104,0.418,0.952,0.487,1.467,3084,951,true,0
102152,2026-09-06 10:35:52.000 +0530,75.7,98.3,30,51.9,-0.122,0.166,0.429,2.319,1.308,0.804,2674,990,true,0
102153,2026-09-06 10:35:53.000 +0530,70.9,97.7,30,53.1,-0.255,0.051,0.43,0.957,0.37,0.382,2770,797,true,0
102154,2026-09-06 10:35:54.000 +0530,76.6,98.5,30,48.9,-0.152,0.204,0.367,1.676,0.713,1.069,2556,907,true,0
102155,2026-09-06 10:35:55.000 +0530,74.1,99.1,30,50.0,-0.116,0.073,0.39,2.299,0.594,1.383,2694,999,true,0
102156,2026-09-06 10:35:56.000 +0530,70.8,97.9,30,49.5,-0.196,0.145,0.336,2.278,0.953,1.079,2755,923,true,0
102157,2026-09-06 10:35:57.000 +0530,81.7,98.1,30,51.9,-0.292,0.062,0.417,0.114,0.572,2.212,2798,913,true,0
102158,2026-09-06 10:35:58.000 +0530,81.3,97.4,30,46.2,-0.224,0.097,0.311,1.741,0.966,0.364,2789,937,true,0
102159,2026-09-06 10:35:59.000 +0530,74.4,97.9,30,50.8,-0.332,0.01,0.407,0.832,1.271,0.503,2527,994,true,0
102160,2026-09-06 10:36:00.000 +0530,73.4,97.6,30,49.4,-0.091,0.064,0.377,1.726,0.453,0.353,2617,975,true,0
102161,2026-09-06 10:36:01.000 +0530,82.4,98.8,30,51.1,-0.091,0.055,0.394,2.474,0.717,1.67,2430,949,true,0
102162,2026-09-06 10:36:02.000 +0530,80.5,98.7,30,47.0,-0.293,-0.043,0.338,1.424,1.183,1.524,2893,900,true,0
102163,2026-09-06 10:36:03.000 +0530,75.3,98.1,30,52.0,-0.273,0.054,0.393,0.892,0.367,1.183,2810,858,true,0
102164,2026-09-06 10:36:04.000 +0530,71.0,97.3,30,52.6,-0.332,0.076,0.318,1.788,0.952,1.136,2708,786,true,0
102165,2026-09-06 10:36:05.000 +0530,78.8,97.3,30,49.2,-0.294,0.073,0.438,2.621,1.309,1.149,2909,838,true,0
102166,2026-09-06 10:36:06.000 +0530,71.2,98.2,30,50.3,-0.325,0.074,0.347,1.657,0.834,0.702,2487,945,true,0
102167,2026-09-06 10:36:07.000 +0530,81.0,98.0,30,48.9,-0.065,0.075,0.304,1.893,0.277,1.057,3138,913,true,0
102168,2026-09-06 10:36:08.000 +0530,73.4,97.7,30,50.6,-0.313,0.045,0.412,1.77,0.83,1.189,2746,971,true,0
102169,2026-09-06 10:36:09.000 +0530,80.0,98.1,30,47.4,-0.103,0.096,0.427,2.249,0.018,1.253,2715,807,true,0
102170,2026-09-06 10:36:10.000 +0530,78.8,98.0,30,49.1,-0.221,0.166,0.207,2.889,0.674,1.4,2303,834,true,0
102171,2026-09-06 10:36:11.000 +0530,69.6,98.4,30,51.5,-0.151,0.033,0.313,2.02,0.408,1.149,2957,929,true,0
102172,2026-09-06 10:36:12.000 +0530,76.6,97.1,30,52.2,-0.169,0.066,0.457,2.339,0.267,1.175,2874,989,true,0
102173,2026-09-06 10:36:13.000 +0530,78.1,98.5,30,50.0,-0.197,0.031,0.366,0.763,0.441,1.029,2664,871,true,0
102174,2026-09-06 10:36:14.000 +0530,67.6,98.0,30,52.7,-0.18,0.052,0.331,2.896,1.089,1.563,2865,981,true,0
102175,2026-09-06 10:36:15.000 +0530,77.1,98.4,30,48.9,-0.173,0.084,0.292,2.894,1.79,1.217,2650,798,true,0
102176,2026-09-06 10:36:16.000 +0530,68.6,97.7,30,54.3,-0.272,0.125,0.259,1.883,0.642,1.147,2727,946,true,0
102177,2026-09-06 10:36:17.000 +0530,75.1,97.6,30,50.0,-0.182,0.086,0.4,2.272,0.865,1.251,3185,821,true,0
102178,2026-09-06 10:36:18.000 +0530,60.5,98.1,30,52.7,-0.386,0.006,0.142,3.27,0.404,1.18,2490,894,true,0
102179,2026-09-06 10:36:19.000 +0530,74.8,98.2,30,49.3,-0.172,0.112,0.37,0.887,0.898,1.072,2700,937,true,0
102180,2026-09-06 10:36:20.000 +0530,77.3,97.8,30,52.9,-0.348,0.121,0.399,1.853,0.996,1.16,2651,892,true,0
102181,2026-09-06 10:36:21.000 +0530,73.1,99.1,30,49.6,-0.093,-0.03,0.38,2.023,0.615,1.06,2614,891,true,0
102182,2026-09-06 10:36:22.000 +0530,76.8,98.6,30,50.7,-0.188,-0.0,0.27,1.304,0.531,1.156,2786,919,true,0
102183,2026-09-06 10:36:23.000 +0530,70.6,98.3,30,49.4,-0.157,0.034,0.375,2.37,0.783,0.742,2571,882,true,0
102184,2026-09-06 10:36:24.000 +0530,69.2,97.9,30,49.1,-0.286,0.099,0.343,2.222,1.325,0.766,2975,788,true,0
102185,2026-09-06 10:36:25.000 +0530,76.8,98.1,30,48.0,-0.132,-0.066,0.376,0.942,0.704,1.457,2776,901,true,0
102186,2026-09-06 10:36:26.000 +0530,73.0,99.2,30,46.6,-0.32,0.032,0.421,0.717,0.862,0.544,2664,765,true,0
102187,2026-09-06 10:36:27.000 +0530,68.7,98.5,30,48.1,-0.212,0.009,0.219,1.553,0.474,1.894,2713,928,true,0
102188,2026-09-06 10:36:28.000 +0530,81.0,98.5,30,50.5,-0.101,-0.027,0.304,1.485,1.004,0.899,2941,956,true,0
102189,2026-09-06 10:36:29.000 +0530,77.9,98.6,30,51.4,-0.131,0.081,0.424,2.182,1.278,1.005,2786,778,true,0
102190,2026-09-06 10:36:30.000 +0530,78.5,97.7,30,54.1,-0.253,0.092,0.387,2.051,0.819,0.695,2821,870,true,0
102191,2026-09-06 10:36:31.000 +0530,62.1,98.2,30,52.0,-0.093,0.066,0.372,1.147,0.672,1.247,2966,772,true,0
102192,2026-09-06 10:36:32.000 +0530,73.3,98.7,30,48.4,-0.207,0.079,0.406,1.787,0.898,1.157,2691,642,true,0
102193,2026-09-06 10:36:33.000 +0530,73.2,98.3,30,46.8,-0.063,0.137,0.398,2.051,0.722,0.617,2707,926,true,0
102194,2026-09-06 10:36:34.000 +0530,73.1,97.9,30,50.9,-0.193,0.186,0.368,2.042,0.351,0.925,2609,962,true,0
102195,2026-09-06 10:36:35.000 +0530,77.7,98.2,30,51.8,-0.207,0.104,0.167,2.713,0.317,1.278,2826,852,true,0
102196,2026-09-06 10:36:36.000 +0530,69.6,97.5,30,50.4,-0.2,0.107,0.466,2.088,0.562,1.093,3105,888,true,0
102197,2026-09-06 10:36:37.000 +0530,68.6,98.2,30,48.4,-0.071,0.043,0.366,2.901,0.431,0.865,2739,944,true,0
102198,2026-09-06 10:36:38.000 +0530,75.4,98.0,30,50.4,-0.135,0.03,0.229,1.397,1.242,0.045,2693,915,true,0
102199,2026-09-06 10:36:39.000 +0530,77.5,97.8,30,55.2,-0.173,0.021,0.277,1.524,0.736,1.253,2620,849,true,0
102200,2026-09-06 10:36:40.000 +0530,69.3,97.8,30,48.8,-0.146,0.061,0.441,1.918,0.424,0.415,2675,835,true,0
102201,2026-09-06 10:36:41.000 +0530,82.5,97.4,30,48.8,-0.236,-0.007,0.398,3.016,0.941,0.969,2634,922,true,0
102202,2026-09-06 10:36:42.000 +0530,73.6,97.4,30,49.3,-0.144,0.078,0.288,1.718,0.005,1.34,2670,981,true,0
102203,2026-09-06 10:36:43.000 +0530,72.0,96.9,30,53.7,-0.269,0.056,0.194,1.742,0.957,0.951,2440,803,true,0
102204,2026-09-06 10:36:44.000 +0530,71.3,97.6,30,50.8,-0.274,-0.125,0.412,1.837,0.755,1.172,2738,744,true,0
102205,2026-09-06 10:36:45.000 +0530,64.9,98.7,30,51.4,-0.234,0.068,0.454,0.929,0.524,1.042,2767,876,true,0
102206,2026-09-06 10:36:46.000 +0530,74.7,98.1,30,48.0,-0.342,-0.026,0.307,2.453,0.623,1.227,2469,841,true,0
102207,2026-09-06 10:36:47.000 +0530,71.8,98.1,30,55.8,-0.246,0.027,0.513,2.05,0.491,0.849,2592,832,true,0
102208,2026-09-06 10:36:48.000 +0530,75.2,97.8,30,50.0,-0.099,0.053,0.391,2.573,0.157,0.583,2737,905,true,0
102209,2026-09-06 10:36:49.000 +0530,78.4,97.8,30,50.8,-0.023,0.165,0.4,0.923,0.7,0.854,2667,924,true,0
102210,2026-09-06 10:36:50.000 +0530,80.0,98.3,30,52.0,-0.202,0.2,0.281,1.327,0.796,1.115,2707,922,true,0
102211,2026-09-06 10:36:51.000 +0530,73.6,97.4,30,49.5,-0.128,-0.002,0.276,2.736,1.201,1.167,3079,852,true,0
102212,2026-09-06 10:36:52.000 +0530,78.2,97.1,30,50.7,-0.172,0.069,0.345,2.622,1.072,1.371,2889,873,true,0
102213,2026-09-06 10:36:53.000 +0530,69.1,97.5,30,52.8,-0.245,0.126,0.255,2.532,0.795,1.096,2926,895,true,0
102214,2026-09-06 10:36:54.000 +0530,74.7,97.9,30,51.3,-0.211,0.01,0.329,2.891,1.155,1.191,2826,892,true,0
102215,2026-09-06 10:36:55.000 +0530,77.2,98.1,30,51.5,-0.276,0.011,0.304,2.239,1.11,0.751,3019,955,true,0
102216,2026-09-06 10:36:56.000 +0530,73.2,98.0,30,52.0,-0.226,0.068,0.298,1.75,0.837,1.29,2753,816,true,0
102217,2026-09-06 10:36:57.000 +0530,79.3,97.5,30,51.8,-0.137,0.121,0.279,1.466,0.657,1.675,2383,844,true,0
102218,2026-09-06 10:36:58.000 +0530,75.6,98.3,30,53.1,-0.195,0.026,0.324,1.409,1.311,0.849,2696,826,true,0
102219,2026-09-06 10:36:59.000 +0530,72.2,97.4,30,50.4,-0.177,0.062,0.362,1.445,0.959,1.078,2528,848,true,0
102220,2026-09-06 10:37:00.000 +0530,71.5,98.5,30,51.5,-0.232,-0.01,0.284,0.96,0.801,0.239,2665,860,true,0
102221,2026-09-06 10:37:01.000 +0530,68.3,98.1,30,49.8,-0.223,0.105,0.423,3.032,0.664,1.346,2710,942,true,0
102222,2026-09-06 10:37:02.000 +0530,65.1,98.5,30,50.1,-0.156,0.086,0.32,2.6,0.66,0.991,2581,855,true,0
102223,2026-09-06 10:37:03.000 +0530,69.3,97.6,30,50.8,-0.238,-0.103,0.365,1.495,1.166,0.16,2794,851,true,0
102224,2026-09-06 10:37:04.000 +0530,70.3,98.5,30,49.7,-0.212,0.026,0.375,2.149,0.231,0.074,2893,882,true,0
102225,2026-09-06 10:37:05.000 +0530,75.2,98.6,30,52.1,-0.114,0.06,0.316,2.157,0.406,1.335,2687,859,true,0
102226,2026-09-06 10:37:06.000 +0530,76.3,98.9,30,50.0,-0.18,0.075,0.467,1.6,0.514,0.901,2696,1000,true,0
102227,2026-09-06 10:37:07.000 +0530,77.6,98.4,30,49.6,-0.182,0.11,0.442,1.215,0.467,0.968,2792,967,true,0
102228,2026-09-06 10:37:08.000 +0530,71.0,96.6,30,48.9,-0.23,0.116,0.341,2.016,0.199,0.546,2607,888,true,0
102229,2026-09-06 10:37:09.000 +0530,64.8,98.2,30,51.8,-0.141,0.162,0.199,2.714,0.486,0.774,2861,995,true,0
102230,2026-09-06 10:37:10.000 +0530,71.9,98.4,30,50.2,-0.04,0.041,0.389,2.08,0.556,1.41,2696,937,true,0
102231,2026-09-06 10:37:11.000 +0530,71.2,98.1,30,50.2,-0.432,0.194,0.389,2.444,1.263,1.138,2687,899,true,0
102232,2026-09-06 10:37:12.000 +0530,80.1,97.6,30,46.8,-0.234,0.044,0.21,2.388,-0.178,0.558,2711,862,true,0
102233,2026-09-06 10:37:13.000 +0530,75.2,98.0,30,48.0,-0.214,0.032,0.199,2.808,0.391,1.154,2429,860,true,0
102234,2026-09-06 10:37:14.000 +0530,72.7,98.4,30,49.4,-0.211,0.133,0.424,1.721,0.448,1.107,2656,904,true,0
102235,2026-09-06 10:37:15.000 +0530,70.0,97.9,30,48.0,-0.095,0.146,0.418,2.46,1.227,1.659,2753,863,true,0
102236,2026-09-06 10:37:16.000 +0530,76.6,98.0,30,51.6,-0.206,0.092,0.238,1.078,-0.025,0.358,2448,957,true,0
102237,2026-09-06 10:37:17.000 +0530,74.4,97.7,30,47.9,-0.286,0.158,0.336,1.596,0.819,0.572,2903,925,true,0
102238,2026-09-06 10:37:18.000 +0530,60.3,97.6,30,48.3,-0.183,0.237,0.338,0.014,0.877,0.759,2811,899,true,0
102239,2026-09-06 10:37:19.000 +0530,68.6,98.9,30,52.4,-0.195,0.05,0.469,1.293,0.826,0.72,2566,778,true,0
102240,2026-09-06 10:37:20.000 +0530,66.4,98.2,30,50.1,-0.168,0.087,0.257,2.333,0.956,1.03,2686,1080,true,0
102241,2026-09-06 10:37:21.000 +0530,76.0,97.4,30,50.3,-0.195,0.001,0.394,1.273,0.908,0.351,2559,1040,true,0
102242,2026-09-06 10:37:22.000 +0530,80.8,99.4,30,55.5,-0.258,0.175,0.314,3.245,0.518,0.874,2553,1010,true,0
102243,2026-09-06 10:37:23.000 +0530,69.0,97.8,30,51.5,-0.166,0.077,0.291,0.728,1.324,0.959,2747,1008,true,0
102244,2026-09-06 10:37:24.000 +0530,74.3,97.4,30,50.2,-0.2,0.199,0.336,1.687,0.361,1.284,3047,882,true,0
102245,2026-09-06 10:37:25.000 +0530,80.4,97.9,30,50.2,-0.193,-0.064,0.239,0.261,0.953,1.551,2785,1005,true,0
102246,2026-09-06 10:37:26.000 +0530,70.0,97.7,30,50.7,-0.212,0.154,0.35,1.578,0.241,0.978,2452,890,true,0
102247,2026-09-06 10:37:27.000 +0530,75.1,98.8,30,49.8,-0.092,0.014,0.348,0.705,0.172,0.743,2330,919,true,0
102248,2026-09-06 10:37:28.000 +0530,75.5,97.8,30,53.2,-0.238,0.142,0.483,2.421,0.84,0.804,2567,796,true,0
102249,2026-09-06 10:37:29.000 +0530,79.5,97.5,30,49.8,-0.276,0.155,0.499,1.447,0.282,0.968,2945,974,true,0
102250,2026-09-06 10:37:30.000 +0530,73.8,98.4,30,49.6,-0.194,0.19,0.358,1.937,0.957,1.007,2488,849,true,0
102251,2026-09-06 10:37:31.000 +0530,83.7,97.9,30,49.5,-0.219,0.134,0.183,2.401,0.319,0.405,2668,931,true,0
102252,2026-09-06 10:37:32.000 +0530,79.3,97.9,30,48.7,-0.202,0.042,0.234,0.591,0.645,1.248,2740,769,true,0
102253,2026-09-06 10:37:33.000 +0530,76.4,98.0,30,53.5,-0.206,0.027,0.192,1.137,0.822,1.465,2579,986,true,0
102254,2026-09-06 10:37:34.000 +0530,72.4,97.4,30,51.8,-0.23,-0.007,0.264,2.409,0.536,1.383,2745,1003,true,0
102255,2026-09-06 10:37:35.000 +0530,70.4,98.6,30,49.8,-0.268,0.089,0.46,-0.196,0.521,0.636,2819,887,true,0
102256,2026-09-06 10:37:36.000 +0530,81.3,98.0,30,52.3,-0.396,0.117,0.5,3.004,0.55,0.826,2558,816,true,0
102257,2026-09-06 10:37:37.000 +0530,80.0,98.0,30,53.1,-0.168,0.117,0.333,1.316,1.455,1.065,2499,951,true,0
102258,2026-09-06 10:37:38.000 +0530,67.3,99.0,30,53.5,-0.208,0.031,0.369,-0.037,1.18,0.773,2607,929,true,0
102259,2026-09-06 10:37:39.000 +0530,69.8,98.1,30,49.0,-0.118,0.146,0.41,2.892,0.881,1.063,2799,940,true,0
102260,2026-09-06 10:37:40.000 +0530,69.9,98.0,30,48.8,-0.142,0.091,0.302,2.6,0.351,0.032,3192,952,true,0
102261,2026-09-06 10:37:41.000 +0530,79.0,98.1,30,50.7,-0.26,0.11,0.481,1.453,0.122,0.756,2727,868,true,0
102262,2026-09-06 10:37:42.000 +0530,77.4,98.5,30,53.5,-0.105,0.135,0.221,2.182,0.85,0.344,2612,967,true,0
102263,2026-09-06 10:37:43.000 +0530,65.0,98.6,30,51.5,-0.085,0.066,0.287,1.059,0.507,1.22,2458,952,true,0
102264,2026-09-06 10:37:44.000 +0530,74.0,98.0,30,52.5,-0.173,0.021,0.329,2.36,0.242,1.299,2509,936,true,0
102265,2026-09-06 10:37:45.000 +0530,67.8,98.0,30,48.9,-0.184,0.031,0.404,2.623,1.157,0.96,2587,868,true,0
102266,2026-09-06 10:37:46.000 +0530,74.6,97.9,30,50.2,-0.163,0.017,0.266,2.821,0.782,0.824,3066,863,true,0
102267,2026-09-06 10:37:47.000 +0530,71.1,97.9,30,49.5,-0.271,0.053,0.341,2.149,1.178,1.367,2951,923,true,0
102268,2026-09-06 10:37:48.000 +0530,74.9,97.9,30,45.6,-0.221,0.041,0.45,2.364,0.777,1.291,2889,916,true,0
102269,2026-09-06 10:37:49.000 +0530,71.0,98.0,30,51.4,-0.096,0.125,0.297,0.766,0.893,0.576,2473,800,true,0
102270,2026-09-06 10:37:50.000 +0530,73.8,97.7,30,48.9,-0.23,0.058,0.384,1.539,0.495,1.025,2746,890,true,0
102271,2026-09-06 10:37:51.000 +0530,80.0,98.2,30,49.0,-0.25,0.018,0.334,2.865,0.971,1.096,2505,870,true,0
102272,2026-09-06 10:37:52.000 +0530,63.9,97.7,30,46.5,-0.174,0.07,0.366,2.441,0.347,0.443,2699,884,true,0
102273,2026-09-06 10:37:53.000 +0530,88.9,98.8,30,51.8,-0.137,0.099,0.278,2.42,0.39,0.994,2692,844,true,0
102274,2026-09-06 10:37:54.000 +0530,65.9,98.5,30,52.1,-0.116,0.089,0.38,1.45,0.975,1.408,3296,766,true,0
102275,2026-09-06 10:37:55.000 +0530,76.5,98.5,30,51.2,-0.2,0.162,0.402,1.654,0.104,1.229,2655,847,true,0
102276,2026-09-06 10:37:56.000 +0530,71.7,98.5,30,49.9,-0.241,0.096,0.279,1.378,-0.056,1.226,2600,888,true,0
102277,2026-09-06 10:37:57.000 +0530,65.2,97.9,30,53.2,-0.151,0.136,0.326,0.769,0.71,0.73,2691,901,true,0
102278,2026-09-06 10:37:58.000 +0530,75.9,98.5,30,46.8,-0.123,0.094,0.33,1.02,0.934,1.016,2529,732,true,0
102279,2026-09-06 10:37:59.000 +0530,70.5,98.2,30,51.3,-0.14,-0.005,0.415,2.833,0.765,1.167,2840,1005,true,0
102280,2026-09-06 10:38:00.000 +0530,73.5,98.6,30,54.9,-0.23,0.031,0.425,0.796,1.11,1.242,2927,887,true,0
102281,2026-09-06 10:38:01.000 +0530,73.9,98.1,30,52.2,-0.197,0.082,0.222,1.884,0.125,1.416,2788,926,true,0
102282,2026-09-06 10:38:02.000 +0530,66.8,98.1,30,49.9,-0.187,0.059,0.363,2.832,0.377,0.9,2535,924,true,0
102283,2026-09-06 10:38:03.000 +0530,71.7,97.3,30,51.3,0.004,0.143,0.503,2.995,0.69,0.995,2674,880,true,0
102284,2026-09-06 10:38:04.000 +0530,79.0,98.4,30,53.0,-0.175,0.082,0.312,2.539,0.175,1.088,2818,879,true,0
102285,2026-09-06 10:38:05.000 +0530,72.7,97.7,30,53.5,-0.119,0.213,0.18,2.318,0.8,0.616,2539,816,true,0
102286,2026-09-06 10:38:06.000 +0530,68.4,97.2,30,51.8,-0.257,0.044,0.509,0.24,0.697,0.732,2711,836,true,0
102287,2026-09-06 10:38:07.000 +0530,68.4,98.5,30,48.4,-0.223,0.043,0.334,2.799,1.161,1.396,2736,956,true,0
102288,2026-09-06 10:38:08.000 +0530,82.2,97.7,30,49.8,-0.159,0.053,0.215,2.359,0.508,0.836,2523,925,true,0
102289,2026-09-06 10:38:09.000 +0530,74.1,97.2,30,47.5,-0.293,0.108,0.343,0.283,0.704,0.966,2538,888,true,0
102290,2026-09-06 10:38:10.000 +0530,75.0,97.1,30,51.3,-0.127,0.099,0.312,3.224,0.559,0.986,2665,995,true,0
102291,2026-09-06 10:38:11.000 +0530,70.6,98.0,30,48.9,-0.253,0.113,0.422,2.21,0.689,1.313,2483,864,true,0
102292,2026-09-06 10:38:12.000 +0530,71.1,98.1,30,51.6,-0.147,0.14,0.32,1.804,1.099,1.359,2962,938,true,0
102293,2026-09-06 10:38:13.000 +0530,68.7,98.6,30,51.6,-0.271,0.119,0.249,1.925,1.008,0.991,2719,942,true,0
102294,2026-09-06 10:38:14.000 +0530,74.4,98.9,30,51.8,-0.163,0.205,0.232,2.351,0.386,0.563,2714,893,true,0
102295,2026-09-06 10:38:15.000 +0530,74.6,97.0,30,53.7,-0.207,0.144,0.442,1.812,0.742,0.981,2790,853,true,0
102296,2026-09-06 10:38:16.000 +0530,78.3,97.2,30,50.1,-0.341,0.092,0.434,1.042,0.781,1.099,2708,843,true,0
102297,2026-09-06 10:38:17.000 +0530,77.8,97.9,30,48.9,-0.203,0.087,0.378,2.537,0.543,1.045,2627,746,true,0
102298,2026-09-06 10:38:18.000 +0530,67.9,96.7,30,50.0,-0.28,0.113,0.251,2.006,0.816,0.7,2910,1004,true,0
102299,2026-09-06 10:38:19.000 +0530,76.3,98.5,30,49.8,-0.115,0.039,0.272,1.276,0.324,0.899,2553,911,true,0
102300,2026-09-06 10:38:20.000 +0530,72.2,98.3,30,51.0,-0.141,0.104,0.432,2.729,1.26,0.983,2459,848,true,0
102301,2026-09-06 10:38:21.000 +0530,77.7,99.6,30,49.0,-0.117,0.063,0.326,1.322,1.738,0.942,2581,874,true,0
102302,2026-09-06 10:38:22.000 +0530,78.8,97.6,30,50.7,-0.24,0.27,0.335,2.651,0.409,0.777,2740,837,true,0
102303,2026-09-06 10:38:23.000 +0530,81.7,98.7,30,50.3,-0.186,0.044,0.472,3.334,0.785,0.907,2888,872,true,0
102304,2026-09-06 10:38:24.000 +0530,71.5,97.6,30,51.0,-0.223,0.127,0.319,2.293,1.039,1.364,2658,950,true,0
102305,2026-09-06 10:38:25.000 +0530,75.2,98.5,30,47.3,-0.091,0.023,0.375,1.837,0.266,1.261,2658,976,true,0
102306,2026-09-06 10:38:26.000 +0530,77.7,97.6,30,47.8,-0.111,0.14,0.381,3.199,0.022,1.036,2505,871,true,0
102307,2026-09-06 10:38:27.000 +0530,74.1,97.8,30,51.0,-0.222,0.024,0.281,1.334,0.361,0.971,2603,949,true,0
102308,2026-09-06 10:38:28.000 +0530,75.0,97.8,30,50.0,-0.126,-0.004,0.37,2.392,1.419,0.706,2478,887,true,0
102309,2026-09-06 10:38:29.000 +0530,72.7,98.1,30,48.8,-0.26,0.034,0.446,1.488,0.715,0.783,2595,900,true,0
102310,2026-09-06 10:38:30.000 +0530,71.8,97.4,30,54.6,-0.211,0.099,0.4,2.269,0.407,0.428,2350,865,true,0
102311,2026-09-06 10:38:31.000 +0530,65.4,98.2,30,49.3,-0.205,-0.076,0.372,2.822,0.424,1.254,2615,1019,true,0
102312,2026-09-06 10:38:32.000 +0530,81.5,97.6,30,50.2,-0.083,0.043,0.359,1.494,0.941,1.307,2668,912,true,0
102313,2026-09-06 10:38:33.000 +0530,74.0,98.1,30,50.5,-0.34,0.031,0.32,2.125,0.685,0.643,2635,857,true,0
102314,2026-09-06 10:38:34.000 +0530,75.3,98.7,30,53.9,-0.192,-0.095,0.324,1.122,0.498,1.308,2792,995,true,0
102315,2026-09-06 10:38:35.000 +0530,80.2,97.2,30,51.4,-0.197,0.056,0.315,2.637,0.413,1.364,2785,1064,true,0
102316,2026-09-06 10:38:36.000 +0530,74.6,97.7,30,47.7,-0.165,0.136,0.428,1.601,0.957,0.84,2772,946,true,0
102317,2026-09-06 10:38:37.000 +0530,75.1,96.7,30,52.1,-0.119,0.034,0.332,0.772,0.778,1.454,2320,948,true,0
102318,2026-09-06 10:38:38.000 +0530,72.6,98.0,30,51.8,-0.102,0.064,0.422,1.786,0.269,0.749,2820,847,true,0
102319,2026-09-06 10:38:39.000 +0530,71.8,97.7,30,52.8,-0.145,0.031,0.556,2.132,0.607,1.514,2939,831,true,0
102320,2026-09-06 10:38:40.000 +0530,66.5,98.3,30,53.6,-0.222,0.061,0.326,1.393,0.439,0.805,2431,923,true,0
102321,2026-09-06 10:38:41.000 +0530,81.2,98.1,30,51.1,-0.227,0.031,0.291,3.415,0.575,0.746,2778,947,true,0
102322,2026-09-06 10:38:42.000 +0530,72.9,98.0,30,49.9,-0.161,0.093,0.339,1.439,1.14,0.873,2788,906,true,0
102323,2026-09-06 10:38:43.000 +0530,72.9,97.4,30,52.4,-0.165,0.119,0.288,2.795,1.396,1.242,2089,826,true,0
102324,2026-09-06 10:38:44.000 +0530,81.3,98.2,30,49.9,-0.183,0.156,0.378,1.548,0.64,1.041,2571,842,true,0
102325,2026-09-06 10:38:45.000 +0530,78.3,98.7,30,51.3,-0.28,0.145,0.309,1.353,0.549,0.564,2835,861,true,0
102326,2026-09-06 10:38:46.000 +0530,67.5,98.0,30,49.3,-0.314,0.189,0.298,3.033,0.569,0.68,2465,862,true,0
102327,2026-09-06 10:38:47.000 +0530,70.0,98.1,30,53.7,-0.109,-0.046,0.246,1.593,1.2,0.809,2940,1001,true,0
102328,2026-09-06 10:38:48.000 +0530,76.2,97.8,30,48.6,-0.091,0.006,0.292,1.254,0.721,0.864,2652,875,true,0
102329,2026-09-06 10:38:49.000 +0530,80.4,98.3,30,52.1,-0.122,0.035,0.333,1.319,0.92,1.087,2765,800,true,0
102330,2026-09-06 10:38:50.000 +0530,69.1,98.1,30,49.5,-0.172,0.16,0.357,1.563,0.916,0.932,2664,795,true,0
102331,2026-09-06 10:38:51.000 +0530,74.4,98.8,30,51.2,-0.036,0.073,0.321,3.274,0.809,1.207,2719,849,true,0
102332,2026-09-06 10:38:52.000 +0530,68.5,97.3,30,50.8,-0.143,0.179,0.426,0.455,0.274,1.504,2805,969,true,0
102333,2026-09-06 10:38:53.000 +0530,71.4,98.6,30,49.0,-0.155,-0.007,0.349,2.433,0.918,0.863,2787,949,true,0
102334,2026-09-06 10:38:54.000 +0530,80.3,98.0,30,47.8,-0.189,0.034,0.283,3.945,0.97,0.961,2528,899,true,0
102335,2026-09-06 10:38:55.000 +0530,77.2,98.1,30,47.8,-0.26,-0.058,0.275,2.365,0.802,1.238,2738,868,true,0
102336,2026-09-06 10:38:56.000 +0530,74.9,98.1,30,51.3,-0.218,0.035,0.399,2.285,1.092,1.257,2684,917,true,0
102337,2026-09-06 10:38:57.000 +0530,65.0,97.2,30,51.3,-0.23,0.075,0.29,2.565,0.775,0.809,2874,961,true,0
102338,2026-09-06 10:38:58.000 +0530,69.5,97.1,30,50.8,-0.225,0.04,0.27,2.642,0.797,0.782,2603,914,true,0
102339,2026-09-06 10:38:59.000 +0530,74.7,97.0,30,48.9,0.016,0.07,0.32,0.802,1.065,1.17,2962,907,true,0
102340,2026-09-06 10:39:00.000 +0530,70.1,97.0,30,51.1,-0.336,0.075,0.332,2.681,0.814,0.873,2645,780,true,0
102341,2026-09-06 10:39:01.000 +0530,84.3,98.1,30,55.5,-0.206,0.147,0.442,2.162,0.684,1.423,2721,836,true,0
102342,2026-09-06 10:39:02.000 +0530,76.7,97.5,30,53.1,-0.3,0.188,0.295,2.145,0.969,0.477,2746,968,true,0
102343,2026-09-06 10:39:03.000 +0530,77.8,97.4,30,50.0,-0.097,0.127,0.43,0.945,0.737,0.697,2931,824,true,0
102344,2026-09-06 10:39:04.000 +0530,87.2,97.8,30,49.6,-0.27,0.05,0.354,1.72,0.386,1.231,2941,908,true,0
102345,2026-09-06 10:39:05.000 +0530,71.9,99.1,30,46.6,-0.287,0.137,0.378,1.668,0.724,0.756,2657,904,true,0
102346,2026-09-06 10:39:06.000 +0530,79.9,98.5,30,50.5,-0.108,0.094,0.405,1.667,1.049,1.11,2700,949,true,0
102347,2026-09-06 10:39:07.000 +0530,74.3,98.1,30,48.7,-0.291,0.062,0.323,3.204,0.546,0.584,2513,829,true,0
102348,2026-09-06 10:39:08.000 +0530,74.2,98.5,30,46.7,-0.244,0.082,0.392,1.429,0.181,0.861,2611,819,true,0
102349,2026-09-06 10:39:09.000 +0530,71.9,98.3,30,54.2,-0.167,0.196,0.507,0.771,0.879,0.116,2891,859,true,0
102350,2026-09-06 10:39:10.000 +0530,78.2,98.7,30,51.6,-0.115,0.032,0.27,2.055,0.241,0.81,2782,941,true,0
102351,2026-09-06 10:39:11.000 +0530,77.8,98.0,30,52.1,-0.245,0.126,0.224,2.682,0.13,0.938,2833,881,true,0
102352,2026-09-06 10:39:12.000 +0530,69.5,98.4,30,50.8,-0.188,0.157,0.323,2.402,0.369,1.125,2822,946,true,0
102353,2026-09-06 10:39:13.000 +0530,72.1,98.6,30,52.8,-0.201,0.108,0.257,2.373,0.552,0.469,2590,759,true,0
102354,2026-09-06 10:39:14.000 +0530,79.6,98.3,30,51.7,-0.062,0.011,0.373,1.778,0.49,0.978,2700,885,true,0
102355,2026-09-06 10:39:15.000 +0530,71.7,98.4,30,49.1,-0.237,0.124,0.345,1.058,0.708,1.416,2688,1036,true,0
102356,2026-09-06 10:39:16.000 +0530,75.7,97.0,30,52.7,-0.055,0.071,0.402,3.553,0.48,0.557,2479,1099,true,0
102357,2026-09-06 10:39:17.000 +0530,76.7,97.6,30,51.7,0.05,0.092,0.371,1.716,1.183,0.861,2837,962,true,0
102358,2026-09-06 10:39:18.000 +0530,76.1,98.3,30,50.0,-0.262,0.09,0.376,2.259,1.268,0.289,2356,948,true,0
102359,2026-09-06 10:39:19.000 +0530,76.4,98.9,30,52.4,-0.194,0.057,0.217,1.257,0.65,0.947,2729,856,true,0
102360,2026-09-06 10:39:20.000 +0530,81.8,98.1,30,49.6,-0.134,0.048,0.321,1.918,0.242,1.283,2677,1047,true,0
102361,2026-09-06 10:39:21.000 +0530,74.1,97.9,30,53.0,-0.201,0.136,0.491,0.527,0.735,0.915,2660,860,true,0
102362,2026-09-06 10:39:22.000 +0530,67.5,98.1,30,48.0,-0.171,0.055,0.39,1.005,0.524,1.226,2699,826,true,0
102363,2026-09-06 10:39:23.000 +0530,72.7,98.2,30,52.2,-0.251,-0.047,0.326,1.292,0.335,1.157,2711,908,true,0
102364,2026-09-06 10:39:24.000 +0530,79.2,98.0,30,48.8,-0.103,0.008,0.58,3.025,0.784,1.287,2424,841,true,0
102365,2026-09-06 10:39:25.000 +0530,72.6,97.6,30,52.1,-0.139,0.128,0.363,2.56,0.848,1.241,2673,805,true,0
102366,2026-09-06 10:39:26.000 +0530,72.5,97.3,30,50.0,-0.189,0.086,0.169,1.332,1.089,1.392,2644,1000,true,0
102367,2026-09-06 10:39:27.000 +0530,62.3,98.4,30,49.1,-0.099,-0.032,0.383,0.133,0.609,1.27,2589,770,true,0
102368,2026-09-06 10:39:28.000 +0530,77.6,98.7,30,47.4,-0.196,0.191,0.371,0.608,1.26,0.519,2737,946,true,0
102369,2026-09-06 10:39:29.000 +0530,77.0,98.5,30,50.9,-0.277,0.126,0.391,1.983,0.904,1.756,2563,932,true,0
102370,2026-09-06 10:39:30.000 +0530,73.2,98.5,30,49.7,-0.116,0.122,0.439,2.941,1.362,0.936,3003,767,true,0
102371,2026-09-06 10:39:31.000 +0530,81.3,97.8,30,50.2,-0.085,0.13,0.479,2.016,1.461,1.722,2811,940,true,0
102372,2026-09-06 10:39:32.000 +0530,70.9,98.2,30,49.7,-0.116,0.136,0.322,1.991,0.405,0.846,2604,1007,true,0
102373,2026-09-06 10:39:33.000 +0530,70.4,99.1,30,53.7,-0.188,-0.004,0.239,1.665,0.415,1.472,2748,1234,true,0
102374,2026-09-06 10:39:34.000 +0530,67.5,96.8,30,49.1,-0.212,0.003,0.446,2.357,1.076,0.678,2640,936,true,0
102375,2026-09-06 10:39:35.000 +0530,76.7,97.9,30,47.3,-0.219,0.074,0.482,1.74,0.321,1.253,2487,851,true,0
102376,2026-09-06 10:39:36.000 +0530,71.4,97.6,30,50.9,-0.282,0.166,0.423,4.404,0.94,0.556,2658,919,true,0
102377,2026-09-06 10:39:37.000 +0530,71.0,98.8,30,49.6,-0.101,0.15,0.375,1.545,1.095,0.983,2847,799,true,0
102378,2026-09-06 10:39:38.000 +0530,74.6,97.9,30,51.0,-0.228,0.077,0.26,1.018,0.22,1.276,2726,784,true,0
102379,2026-09-06 10:39:39.000 +0530,77.3,97.9,30,51.4,-0.165,-0.025,0.198,1.279,0.422,0.974,2686,940,true,0
102380,2026-09-06 10:39:40.000 +0530,119.2,95.2,30,48.1,-0.299,3.169,3.423,2.841,2.943,3.601,3580,1192,true,1
102381,2026-09-06 10:39:41.000 +0530,137.9,97.5,30,53.7,3.069,-0.743,1.376,2.612,-3.305,-1.192,3026,959,true,1
102382,2026-09-06 10:39:42.000 +0530,131.3,97.1,30,43.1,-0.946,-1.308,-0.95,-5.476,0.47,-2.284,2186,850,true,1
102383,2026-09-06 10:39:43.000 +0530,138.5,96.9,30,47.1,-1.485,1.536,1.584,0.371,4.528,2.343,2962,924,true,1
102384,2026-09-06 10:39:44.000 +0530,127.8,96.2,30,49.2,2.639,0.995,2.741,4.81,-2.108,1.353,2879,829,true,1
102385,2026-09-06 10:39:45.000 +0530,122.7,95.0,30,49.3,0.031,-2.019,-1.574,-2.631,-4.308,-5.182,3172,939,true,1
102386,2026-09-06 10:39:46.000 +0530,116.0,94.7,30,50.1,-2.346,1.27,1.014,-2.742,3.337,2.38,2373,735,true,1
102387,2026-09-06 10:39:47.000 +0530,132.1,95.6,30,51.6,2.008,1.872,3.319,4.44,1.01,4.887,2641,926,true,1
102388,2026-09-06 10:39:48.000 +0530,101.1,95.9,30,49.7,1.102,-2.505,-0.689,1.272,-3.268,-3.132,3012,865,true,1
102389,2026-09-06 10:39:49.000 +0530,133.6,95.4,30,49.9,-2.204,-0.128,-0.204,-3.412,1.738,-0.25,2564,896,true,1
102390,2026-09-06 10:39:50.000 +0530,117.1,95.6,30,53.0,0.195,2.526,3.355,2.255,4.233,5.433,2763,918,true,1
102391,2026-09-06 10:39:51.000 +0530,140.1,95.6,30,47.6,2.362,-0.696,0.634,4.558,-4.267,-1.09,2474,1047,true,1
102392,2026-09-06 10:39:52.000 +0530,128.8,94.2,30,54.4,-1.652,-1.728,-1.233,-4.681,1.139,-3.487,3021,990,true,1
102393,2026-09-06 10:39:53.000 +0530,126.3,96.6,30,48.8,-0.757,1.77,2.278,0.526,5.013,5.536,2765,970,true,1
102394,2026-09-06 10:39:54.000 +0530,116.5,95.8,30,49.5,2.879,0.565,2.272,3.662,-2.813,1.321,2843,1010,true,1
102395,2026-09-06 10:39:55.000 +0530,115.7,96.5,30,48.9,0.278,-3.01,-0.634,-0.407,-3.743,-2.044,2716,945,true,1
102396,2026-09-06 10:39:56.000 +0530,106.1,95.9,30,48.7,-1.925,0.723,0.946,-4.086,3.157,1.585,2520,907,true,1
102397,2026-09-06 10:39:57.000 +0530,127.9,95.0,30,51.5,0.595,1.906,3.701,5.067,0.45,3.169,2668,971,true,1
102398,2026-09-06 10:39:58.000 +0530,129.0,96.3,30,49.7,1.477,-2.021,-0.395,0.584,-4.255,-3.238,2673,1069,true,1
102399,2026-09-06 10:39:59.000 +0530,106.1,94.5,30,51.0,-3.259,-0.385,-1.069,-3.791,1.328,-2.949,2566,923,true,1
102400,2026-09-06 10:40:00.000 +0530,129.7,95.3,30,49.9,-0.518,2.942,4.089,0.099,2.364,4.858,2717,1007,true,1
102401,2026-09-06 10:40:01.000 +0530,114.0,95.4,30,53.2,2.023,-0.591,1.201,3.153,-2.983,-1.47,3010,1070,true,1
102402,2026-09-06 10:40:02.000 +0530,136.7,96.3,30,52.4,-2.429,-2.943,-1.74,-4.889,-1.081,-3.368,3206,1023,true,1
102403,2026-09-06 10:40:03.000 +0530,128.5,95.9,30,49.6,-1.058,1.566,1.686,-0.593,5.131,3.859,2768,1124,true,1
102404,2026-09-06 10:40:04.000 +0530,127.6,96.5,30,47.7,2.764,0.725,2.54,5.273,-1.901,1.747,2587,968,true,1
102405,2026-09-06 10:40:05.000 +0530,120.3,97.5,30,48.2,-0.026,-2.438,-2.105,-2.632,-3.926,-3.586,3110,999,true,1
102406,2026-09-06 10:40:06.000 +0530,129.8,95.5,30,46.8,-3.126,0.261,0.548,-2.245,3.488,1.009,3075,1089,true,1
102407,2026-09-06 10:40:07.000 +0530,123.5,96.0,30,51.7,1.787,2.141,3.21,4.769,-0.886,4.644,3111,968,true,1
102408,2026-09-06 10:40:08.000 +0530,119.8,96.6,30,46.5,1.146,-1.898,0.013,-0.598,-6.004,-2.387,2772,1216,true,1
102409,2026-09-06 10:40:09.000 +0530,129.1,96.0,30,48.0,-1.464,-0.447,0.612,-5.896,2.532,0.027,2925,1041,true,1
102410,2026-09-06 10:40:10.000 +0530,126.6,95.9,30,50.9,0.565,3.348,4.255,2.446,3.055,3.276,2789,862,true,1
102411,2026-09-06 10:40:11.000 +0530,121.8,97.0,30,55.0,2.108,-0.813,1.084,5.081,-4.311,-2.717,2914,903,true,1
102412,2026-09-06 10:40:12.000 +0530,128.2,95.9,30,49.5,-1.617,-2.349,-1.471,-4.969,1.096,-1.87,2233,992,true,1
102413,2026-09-06 10:40:13.000 +0530,115.7,95.7,30,50.3,-1.357,1.4,2.1,-0.363,3.847,4.09,3075,948,true,1
102414,2026-09-06 10:40:14.000 +0530,126.1,95.7,30,48.3,1.747,0.892,2.61,5.376,-3.36,1.291,3039,1002,true,1
102415,2026-09-06 10:40:15.000 +0530,122.9,95.2,30,49.3,-0.392,-2.096,-1.078,-1.004,-3.541,-3.991,2675,992,true,1
102416,2026-09-06 10:40:16.000 +0530,70.3,97.2,30,48.6,-0.233,0.115,0.258,2.963,0.82,1.139,2674,885,true,0
102417,2026-09-06 10:40:17.000 +0530,78.3,97.3,30,50.0,-0.146,0.066,0.323,1.693,0.749,0.864,2849,869,true,0
102418,2026-09-06 10:40:18.000 +0530,65.5,97.5,30,51.7,-0.218,0.022,0.4,1.769,0.302,0.729,2374,917,true,0
102419,2026-09-06 10:40:19.000 +0530,72.1,97.6,30,52.0,-0.218,0.171,0.244,2.339,0.915,0.671,2951,964,true,0
102420,2026-09-06 10:40:20.000 +0530,73.8,97.1,30,52.1,-0.276,0.032,0.343,1.002,0.426,1.349,2642,914,true,0
102421,2026-09-06 10:40:21.000 +0530,68.2,97.9,30,48.6,-0.36,0.177,0.496,1.963,0.928,1.245,2522,856,true,0
102422,2026-09-06 10:40:22.000 +0530,73.8,98.6,30,50.3,-0.08,0.189,0.329,1.879,0.913,0.883,2762,938,true,0
102423,2026-09-06 10:40:23.000 +0530,77.0,97.7,30,48.9,-0.261,0.102,0.361,2.386,0.382,1.772,2670,749,true,0
102424,2026-09-06 10:40:24.000 +0530,75.0,98.5,30,51.1,-0.216,-0.001,0.365,2.006,0.405,1.207,3005,899,true,0
102425,2026-09-06 10:40:25.000 +0530,73.6,98.0,30,50.1,-0.21,0.039,0.506,1.926,1.366,1.627,2760,802,true,0
102426,2026-09-06 10:40:26.000 +0530,78.6,98.5,30,48.8,-0.36,0.077,0.261,1.788,0.848,0.425,2794,941,true,0
102427,2026-09-06 10:40:27.000 +0530,75.7,97.3,30,50.8,-0.242,0.196,0.173,-0.245,0.509,1.089,2725,750,true,0
102428,2026-09-06 10:40:28.000 +0530,63.4,98.8,30,50.9,-0.235,0.121,0.375,2.555,0.904,0.878,2524,1008,true,0
102429,2026-09-06 10:40:29.000 +0530,72.3,99.0,30,50.2,-0.268,0.072,0.404,1.344,1.446,1.528,2718,915,true,0
102430,2026-09-06 10:40:30.000 +0530,71.2,98.2,30,50.2,-0.199,0.066,0.23,1.533,0.752,1.336,2545,839,true,0
102431,2026-09-06 10:40:31.000 +0530,78.5,98.3,30,52.1,-0.349,0.235,0.244,1.637,0.136,1.584,2825,985,true,0
102432,2026-09-06 10:40:32.000 +0530,65.6,98.0,30,49.9,-0.168,0.043,0.323,1.327,0.295,1.009,2488,920,true,0
102433,2026-09-06 10:40:33.000 +0530,69.3,98.1,30,54.0,-0.249,0.102,0.356,1.658,0.68,1.471,2591,875,true,0
102434,2026-09-06 10:40:34.000 +0530,76.5,97.4,30,49.8,-0.185,0.038,0.386,0.469,0.871,1.447,3028,910,true,0
102435,2026-09-06 10:40:35.000 +0530,75.4,97.8,30,50.2,-0.149,0.103,0.404,2.425,0.994,0.938,2749,943,true,0
102436,2026-09-06 10:40:36.000 +0530,79.8,97.9,30,51.2,-0.091,0.076,0.487,2.831,0.354,0.946,2755,834,true,0
102437,2026-09-06 10:40:37.000 +0530,77.9,97.2,30,47.8,-0.048,0.096,0.466,1.859,0.563,0.935,2905,891,true,0
102438,2026-09-06 10:40:38.000 +0530,62.9,97.8,30,52.4,-0.28,0.046,0.36,2.871,1.159,0.936,2657,913,true,0
102439,2026-09-06 10:40:39.000 +0530,75.4,98.3,30,52.1,-0.213,0.059,0.271,1.956,-0.202,0.604,3014,806,true,0
102440,2026-09-06 10:40:40.000 +0530,69.9,97.6,30,47.7,-0.317,0.197,0.3,2.182,0.746,0.597,2789,902,true,0
102441,2026-09-06 10:40:41.000 +0530,70.1,98.6,30,53.5,-0.224,0.038,0.396,0.791,0.72,0.973,2885,885,true,0
102442,2026-09-06 10:40:42.000 +0530,70.8,98.5,30,46.8,-0.232,0.013,0.519,2.706,0.182,0.922,2276,927,true,0
102443,2026-09-06 10:40:43.000 +0530,59.4,98.0,30,51.0,-0.106,0.035,0.443,0.286,1.65,0.445,2579,930,true,0
102444,2026-09-06 10:40:44.000 +0530,71.0,98.0,30,52.8,-0.137,-0.007,0.452,1.099,0.493,1.282,2798,861,true,0
102445,2026-09-06 10:40:45.000 +0530,71.2,98.5,30,48.6,-0.206,0.172,0.342,2.861,0.988,1.154,2496,817,true,0
102446,2026-09-06 10:40:46.000 +0530,73.2,98.5,30,52.3,-0.089,0.102,0.347,3.381,0.722,1.409,2685,896,true,0
102447,2026-09-06 10:40:47.000 +0530,72.8,97.3,30,47.8,-0.223,0.126,0.299,1.495,1.072,1.064,2758,848,true,0
102448,2026-09-06 10:40:48.000 +0530,74.9,97.9,30,50.1,-0.27,0.141,0.381,2.937,1.111,0.79,2796,988,true,0
102449,2026-09-06 10:40:49.000 +0530,74.1,98.7,30,53.7,-0.027,0.122,0.357,1.82,0.743,1.236,3060,871,true,0
102450,2026-09-06 10:40:50.000 +0530,74.2,98.0,30,49.6,-0.153,-0.022,0.387,1.41,1.249,1.163,2808,951,true,0
102451,2026-09-06 10:40:51.000 +0530,74.8,98.6,30,49.0,-0.18,0.135,0.299,2.4,0.219,1.238,3147,898,true,0
102452,2026-09-06 10:40:52.000 +0530,69.8,98.3,30,50.9,-0.173,0.05,0.202,2.133,0.341,0.83,2885,961,true,0
102453,2026-09-06 10:40:53.000 +0530,75.6,97.2,30,48.9,-0.189,0.059,0.393,2.266,0.594,1.007,2729,868,true,0
102454,2026-09-06 10:40:54.000 +0530,77.1,97.7,30,54.0,-0.213,0.224,0.238,2.172,0.768,1.221,2730,1032,true,0
102455,2026-09-06 10:40:55.000 +0530,70.5,98.2,30,52.3,-0.15,0.029,0.325,1.129,0.119,0.631,3024,918,true,0
102456,2026-09-06 10:40:56.000 +0530,69.3,98.7,30,49.6,-0.067,0.103,0.43,2.147,0.389,0.945,2702,875,true,0
102457,2026-09-06 10:40:57.000 +0530,82.3,98.5,30,47.7,-0.166,0.108,0.418,3.51,0.574,1.093,2717,933,true,0
102458,2026-09-06 10:40:58.000 +0530,76.1,98.5,30,52.7,-0.267,0.072,0.292,0.904,1.449,0.838,2702,972,true,0
102459,2026-09-06 10:40:59.000 +0530,73.3,98.0,30,49.4,-0.108,0.069,0.372,2.098,0.816,0.663,2643,873,true,0
102460,2026-09-06 10:41:00.000 +0530,79.2,98.1,30,50.7,-0.252,0.093,0.238,1.729,0.171,1.204,2581,896,true,0
102461,2026-09-06 10:41:01.000 +0530,77.8,98.0,30,49.0,-0.158,0.237,0.319,2.577,0.394,0.366,2880,832,true,0
102462,2026-09-06 10:41:02.000 +0530,68.0,98.1,30,49.7,-0.132,0.014,0.375,1.456,0.52,0.702,2835,895,true,0
102463,2026-09-06 10:41:03.000 +0530,79.0,97.8,30,48.8,-0.307,-0.012,0.592,1.183,1.039,0.715,2491,773,true,0
102464,2026-09-06 10:41:04.000 +0530,80.7,98.0,30,51.5,-0.179,0.077,0.296,1.45,1.253,1.018,2597,961,true,0
102465,2026-09-06 10:41:05.000 +0530,72.8,97.9,30,49.4,-0.142,-0.008,0.438,1.351,0.301,0.718,2607,933,true,0
102466,2026-09-06 10:41:06.000 +0530,83.0,97.8,30,51.8,-0.153,0.023,0.349,2.064,0.712,1.377,2644,873,true,0
102467,2026-09-06 10:41:07.000 +0530,68.5,98.7,30,47.5,-0.222,0.036,0.371,2.342,1.029,0.634,2650,924,true,0
102468,2026-09-06 10:41:08.000 +0530,78.4,97.9,30,50.7,-0.029,0.16,0.364,2.174,1.387,0.986,2785,885,true,0
102469,2026-09-06 10:41:09.000 +0530,77.6,97.8,30,48.1,-0.142,0.09,0.522,1.647,0.454,1.354,2668,853,true,0
102470,2026-09-06 10:41:10.000 +0530,68.6,97.9,30,48.1,-0.12,0.018,0.219,1.788,0.627,1.551,2596,852,true,0
102471,2026-09-06 10:41:11.000 +0530,71.7,98.0,30,48.6,-0.358,0.092,0.387,2.89,1.225,1.619,2843,825,true,0
102472,2026-09-06 10:41:12.000 +0530,75.5,97.8,30,53.9,-0.259,0.139,0.264,2.479,0.146,0.909,2615,954,true,0
102473,2026-09-06 10:41:13.000 +0530,75.6,98.0,30,50.3,-0.222,-0.056,0.238,0.939,0.669,1.412,2495,968,true,0
102474,2026-09-06 10:41:14.000 +0530,69.1,98.8,30,48.2,-0.226,0.193,0.466,0.976,0.666,0.583,2791,941,true,0
102475,2026-09-06 10:41:15.000 +0530,70.5,98.2,30,52.3,-0.346,0.127,0.288,1.572,0.8,0.536,2830,745,true,0
102476,2026-09-06 10:41:16.000 +0530,71.0,98.3,30,50.3,-0.326,0.075,0.305,1.254,0.748,0.708,2722,824,true,0
102477,2026-09-06 10:41:17.000 +0530,68.2,98.0,30,53.5,-0.313,0.185,0.391,2.376,0.053,1.222,2672,772,true,0
102478,2026-09-06 10:41:18.000 +0530,74.1,98.7,30,50.3,-0.139,0.102,0.313,2.665,1.138,0.954,2598,999,true,0
102479,2026-09-06 10:41:19.000 +0530,64.8,98.5,30,48.7,-0.134,0.125,0.383,2.975,0.822,0.501,2596,903,true,0
102480,2026-09-06 10:41:20.000 +0530,71.7,98.3,30,47.9,-0.186,0.007,0.339,3.298,0.994,1.039,2780,749,true,0
102481,2026-09-06 10:41:21.000 +0530,79.8,97.9,30,48.7,-0.191,0.104,0.334,2.75,1.073,1.321,2665,981,true,0
102482,2026-09-06 10:41:22.000 +0530,82.3,97.6,30,51.1,-0.267,0.147,0.369,1.277,0.472,0.78,2898,761,true,0
102483,2026-09-06 10:41:23.000 +0530,78.0,96.8,30,51.7,-0.145,0.071,0.202,3.517,0.404,0.545,2819,844,true,0
102484,2026-09-06 10:41:24.000 +0530,67.6,98.0,30,48.7,0.039,0.09,0.349,1.649,0.11,0.99,2814,915,true,0
102485,2026-09-06 10:41:25.000 +0530,69.3,98.1,30,52.5,-0.22,0.117,0.276,1.252,0.484,0.876,2347,850,true,0
102486,2026-09-06 10:41:26.000 +0530,75.2,97.3,30,49.7,-0.241,0.016,0.152,1.706,1.444,0.33,2451,871,true,0
102487,2026-09-06 10:41:27.000 +0530,76.1,98.0,30,53.1,-0.302,0.05,0.414,2.423,0.729,1.1,2653,912,true,0
102488,2026-09-06 10:41:28.000 +0530,71.5,97.8,30,49.2,-0.179,0.169,0.355,3.064,0.71,1.022,2636,855,true,0
102489,2026-09-06 10:41:29.000 +0530,68.9,97.8,30,53.1,-0.102,0.053,0.276,1.352,0.528,1.81,2401,886,true,0
102490,2026-09-06 10:41:30.000 +0530,69.3,98.3,30,52.4,-0.222,0.213,0.357,2.076,0.746,1.417,2825,932,true,0
102491,2026-09-06 10:41:31.000 +0530,73.8,97.5,30,52.1,-0.211,0.008,0.347,2.195,0.264,1.103,2732,782,true,0
102492,2026-09-06 10:41:32.000 +0530,74.5,97.3,30,51.1,-0.296,0.023,0.23,1.861,0.339,0.884,2788,856,true,0
102493,2026-09-06 10:41:33.000 +0530,70.1,97.8,30,50.1,-0.267,0.241,0.268,2.731,1.151,0.951,2660,849,true,0
102494,2026-09-06 10:41:34.000 +0530,75.7,97.6,30,51.2,-0.132,0.156,0.396,2.03,0.25,1.429,2720,765,true,0
102495,2026-09-06 10:41:35.000 +0530,82.4,97.7,30,55.5,-0.264,0.127,0.447,1.976,0.872,0.954,2814,896,true,0
102496,2026-09-06 10:41:36.000 +0530,79.6,98.7,30,52.9,-0.328,-0.074,0.312,1.501,0.523,0.93,2806,871,true,0
102497,2026-09-06 10:41:37.000 +0530,75.5,98.6,30,50.0,-0.081,0.068,0.438,2.378,0.404,1.015,2862,843,true,0
102498,2026-09-06 10:41:38.000 +0530,71.3,98.5,30,51.0,-0.251,0.161,0.281,0.37,0.423,1.538,2564,813,true,0
102499,2026-09-06 10:41:39.000 +0530,69.5,97.2,30,53.1,-0.303,0.079,0.517,2.022,0.345,1.581,2822,952,true,0
102500,2026-09-06 10:41:40.000 +0530,73.9,97.3,30,52.1,-0.245,0.051,0.301,2.293,0.372,1.069,3060,1012,true,0
102501,2026-09-06 10:41:41.000 +0530,67.6,98.8,30,49.4,-0.158,0.095,0.445,1.884,0.338,1.135,2840,939,true,0
102502,2026-09-06 10:41:42.000 +0530,78.2,98.1,30,49.9,-0.127,0.068,0.366,1.942,0.518,1.286,2803,930,true,0
102503,2026-09-06 10:41:43.000 +0530,78.6,97.6,30,50.8,-0.204,0.125,0.37,2.472,0.049,0.73,2513,911,true,0
102504,2026-09-06 10:41:44.000 +0530,73.2,97.7,30,48.2,-0.209,0.06,0.34,2.536,0.681,0.994,3193,950,true,0
102505,2026-09-06 10:41:45.000 +0530,76.2,97.3,30,52.3,-0.127,0.098,0.373,2.236,0.658,1.386,2865,797,true,0
102506,2026-09-06 10:41:46.000 +0530,79.7,97.7,30,48.7,-0.259,0.043,0.361,2.116,0.906,1.439,2292,976,true,0
102507,2026-09-06 10:41:47.000 +0530,75.1,97.7,30,49.2,-0.176,0.137,0.426,1.168,-0.04,1.098,2682,865,true,0
102508,2026-09-06 10:41:48.000 +0530,75.9,98.0,30,49.9,-0.166,0.055,0.263,2.618,0.553,1.614,2760,974,true,0
102509,2026-09-06 10:41:49.000 +0530,72.9,98.5,30,50.3,-0.207,0.108,0.396,2.464,0.768,0.79,2551,930,true,0
102510,2026-09-06 10:41:50.000 +0530,75.9,97.8,30,51.4,-0.264,0.114,0.267,1.947,0.935,1.305,2650,935,true,0
102511,2026-09-06 10:41:51.000 +0530,71.4,98.1,30,51.0,-0.262,0.023,0.432,2.311,0.683,1.04,2830,858,true,0
102512,2026-09-06 10:41:52.000 +0530,73.9,97.0,30,48.6,-0.284,0.086,0.439,2.015,0.819,1.062,2822,997,true,0
102513,2026-09-06 10:41:53.000 +0530,78.1,98.3,30,48.6,-0.121,-0.094,0.256,3.07,0.474,0.886,2657,852,true,0
102514,2026-09-06 10:41:54.000 +0530,70.7,97.7,30,49.9,-0.264,-0.095,0.407,1.396,0.583,1.02,2559,921,true,0
102515,2026-09-06 10:41:55.000 +0530,75.5,98.2,30,50.5,-0.211,0.15,0.337,3.326,0.805,0.519,2581,795,true,0
102516,2026-09-06 10:41:56.000 +0530,71.5,97.9,30,50.7,-0.173,-0.07,0.32,2.612,0.092,0.983,2900,955,true,0
102517,2026-09-06 10:41:57.000 +0530,75.8,98.5,30,51.7,-0.146,0.074,0.355,2.695,0.614,0.676,2635,974,true,0
102518,2026-09-06 10:41:58.000 +0530,74.3,98.0,30,46.7,-0.1,0.162,0.343,2.873,0.225,1.158,2891,998,true,0
102519,2026-09-06 10:41:59.000 +0530,87.0,98.1,30,51.3,-0.169,0.022,0.316,0.938,0.199,0.831,2821,769,true,0
102520,2026-09-06 10:42:00.000 +0530,80.2,97.7,30,49.6,-0.346,0.122,0.274,1.81,0.965,1.215,2654,907,true,0
102521,2026-09-06 10:42:01.000 +0530,69.4,97.6,30,45.3,-0.191,0.029,0.353,1.698,1.003,1.114,2481,999,true,0
102522,2026-09-06 10:42:02.000 +0530,78.2,98.2,30,49.3,-0.206,0.053,0.129,0.62,0.343,1.354,2941,917,true,0
102523,2026-09-06 10:42:03.000 +0530,77.3,97.3,30,51.0,-0.223,-0.017,0.495,1.294,1.158,0.141,2639,941,true,0
102524,2026-09-06 10:42:04.000 +0530,77.0,97.5,30,47.2,-0.04,0.072,0.412,2.026,0.724,1.05,2447,876,true,0
102525,2026-09-06 10:42:05.000 +0530,67.5,98.3,30,48.4,-0.329,0.017,0.236,2.719,1.353,0.91,2526,797,true,0
102526,2026-09-06 10:42:06.000 +0530,74.8,97.8,30,49.6,-0.113,-0.006,0.458,2.18,0.929,0.908,2826,821,true,0
102527,2026-09-06 10:42:07.000 +0530,77.7,98.2,30,48.9,-0.118,0.112,0.4,2.16,1.052,1.404,2590,826,true,0
102528,2026-09-06 10:42:08.000 +0530,68.6,98.8,30,47.9,-0.345,0.111,0.433,0.871,1.15,1.265,2429,924,true,0
102529,2026-09-06 10:42:09.000 +0530,63.7,98.0,30,52.1,-0.305,0.125,0.334,0.257,0.671,1.079,2579,903,true,0
102530,2026-09-06 10:42:10.000 +0530,71.2,98.6,30,52.8,-0.296,-0.116,0.369,1.585,0.308,1.511,2967,746,true,0
102531,2026-09-06 10:42:11.000 +0530,71.5,98.3,30,48.9,-0.092,0.038,0.388,0.761,0.797,0.53,2666,918,true,0
102532,2026-09-06 10:42:12.000 +0530,70.7,98.4,30,46.4,-0.214,0.008,0.275,2.129,0.835,1.127,2920,974,true,0
102533,2026-09-06 10:42:13.000 +0530,73.6,98.5,30,50.3,-0.26,0.038,0.533,1.826,0.278,0.27,2613,851,true,0
102534,2026-09-06 10:42:14.000 +0530,69.3,97.9,30,48.9,-0.199,0.036,0.363,2.171,0.905,1.113,2576,760,true,0
102535,2026-09-06 10:42:15.000 +0530,68.1,98.3,30,53.5,-0.174,0.1,0.257,2.51,0.825,1.312,2646,856,true,0
102536,2026-09-06 10:42:16.000 +0530,81.5,98.4,30,50.7,-0.234,0.143,0.446,3.059,0.634,0.607,2718,962,true,0
102537,2026-09-06 10:42:17.000 +0530,71.4,98.5,30,51.5,-0.262,-0.028,0.409,1.833,0.528,0.995,2529,874,true,0
102538,2026-09-06 10:42:18.000 +0530,78.1,97.5,30,52.4,-0.299,0.107,0.371,2.36,0.572,0.931,2568,834,true,0
102539,2026-09-06 10:42:19.000 +0530,68.0,99.0,30,48.1,-0.222,0.19,0.393,1.357,0.726,0.495,2511,1066,true,0
102540,2026-09-06 10:42:20.000 +0530,71.9,97.5,30,51.0,-0.14,0.108,0.387,2.186,0.606,1.281,2630,959,true,0
102541,2026-09-06 10:42:21.000 +0530,66.3,98.0,30,51.3,-0.294,0.191,0.483,3.628,0.966,1.407,2409,889,true,0
102542,2026-09-06 10:42:22.000 +0530,76.5,98.6,30,48.8,-0.25,0.138,0.395,1.584,0.75,1.153,2331,867,true,0
102543,2026-09-06 10:42:23.000 +0530,77.5,96.7,30,48.2,-0.236,0.143,0.353,1.426,1.144,0.766,2654,1025,true,0
102544,2026-09-06 10:42:24.000 +0530,81.4,98.3,30,50.7,-0.332,0.09,0.24,2.182,0.309,1.546,2938,1028,true,0
102545,2026-09-06 10:42:25.000 +0530,83.8,98.0,30,48.3,-0.121,0.013,0.206,0.785,0.547,0.811,2895,1013,true,0
102546,2026-09-06 10:42:26.000 +0530,71.4,97.7,30,52.1,-0.183,0.138,0.237,1.98,0.95,1.184,2346,900,true,0
102547,2026-09-06 10:42:27.000 +0530,72.5,98.5,30,50.8,-0.118,0.07,0.439,0.621,0.819,1.191,2780,845,true,0
102548,2026-09-06 10:42:28.000 +0530,71.7,98.5,30,54.3,-0.054,0.048,0.317,2.51,0.278,1.352,2829,990,true,0
102549,2026-09-06 10:42:29.000 +0530,73.6,98.0,30,49.8,-0.311,0.115,0.36,2.782,1.369,0.593,2830,749,true,0
102550,2026-09-06 10:42:30.000 +0530,75.9,97.7,30,47.6,-0.175,0.087,0.397,0.234,-0.304,0.838,2924,929,true,0
102551,2026-09-06 10:42:31.000 +0530,74.4,97.8,30,51.5,-0.208,0.198,0.393,2.256,0.88,0.89,2560,840,true,0
102552,2026-09-06 10:42:32.000 +0530,70.0,98.3,30,51.3,-0.309,0.12,0.461,2.667,0.932,0.847,2796,998,true,0
102553,2026-09-06 10:42:33.000 +0530,69.7,98.2,30,49.5,-0.302,0.22,0.359,1.716,1.147,0.696,2866,839,true,0
102554,2026-09-06 10:42:34.000 +0530,67.6,98.3,30,47.8,-0.299,0.053,0.336,1.52,0.853,0.557,2859,1013,true,0
102555,2026-09-06 10:42:35.000 +0530,78.7,97.5,30,51.5,-0.359,0.014,0.345,2.388,0.732,1.026,2986,965,true,0
102556,2026-09-06 10:42:36.000 +0530,81.5,97.8,30,52.1,-0.185,0.113,0.4,1.347,1.132,1.626,2859,786,true,0
102557,2026-09-06 10:42:37.000 +0530,79.4,98.1,30,49.8,-0.27,0.023,0.328,2.648,0.395,0.72,2874,883,true,0
102558,2026-09-06 10:42:38.000 +0530,71.2,98.3,30,51.7,-0.384,0.118,0.301,1.646,0.15,1.481,2586,985,true,0
102559,2026-09-06 10:42:39.000 +0530,78.2,98.3,30,49.7,-0.436,-0.028,0.401,1.892,0.801,1.139,2486,778,true,0
102560,2026-09-06 10:42:40.000 +0530,75.5,98.1,30,51.5,-0.135,0.123,0.448,1.051,0.895,0.833,2756,949,true,0
102561,2026-09-06 10:42:41.000 +0530,73.8,97.9,30,53.5,-0.071,-0.03,0.199,3.177,0.557,1.021,2714,1022,true,0
102562,2026-09-06 10:42:42.000 +0530,76.7,98.0,30,54.3,-0.197,0.027,0.354,2.839,0.898,0.39,2656,903,true,0
102563,2026-09-06 10:42:43.000 +0530,75.0,97.3,30,47.7,-0.278,0.003,0.266,1.469,0.21,0.409,2538,931,true,0
102564,2026-09-06 10:42:44.000 +0530,72.4,98.0,30,49.6,-0.139,0.019,0.365,2.17,0.571,0.822,2628,1003,true,0
102565,2026-09-06 10:42:45.000 +0530,83.4,98.1,30,46.6,-0.221,0.1,0.294,0.642,0.715,0.446,2299,907,true,0
102566,2026-09-06 10:42:46.000 +0530,72.8,98.5,30,50.3,-0.17,0.139,0.414,1.434,1.091,0.027,2597,874,true,0
102567,2026-09-06 10:42:47.000 +0530,81.7,99.6,30,51.8,-0.197,-0.031,0.289,1.659,0.876,1.409,2881,954,true,0
102568,2026-09-06 10:42:48.000 +0530,75.7,97.4,30,52.4,-0.157,0.177,0.426,3.312,0.348,0.888,3071,919,true,0
102569,2026-09-06 10:42:49.000 +0530,73.9,97.9,30,54.3,-0.306,0.204,0.358,1.426,0.229,0.937,2639,887,true,0
102570,2026-09-06 10:42:50.000 +0530,78.6,98.3,30,49.9,-0.154,0.102,0.35,3.254,0.639,0.683,2905,716,true,0
102571,2026-09-06 10:42:51.000 +0530,74.4,98.0,30,50.6,-0.367,0.024,0.435,1.405,0.439,0.597,2748,832,true,0
102572,2026-09-06 10:42:52.000 +0530,75.1,97.5,30,50.5,-0.318,0.141,0.364,3.862,0.992,0.286,2544,975,true,0
102573,2026-09-06 10:42:53.000 +0530,76.8,97.4,30,48.9,-0.118,0.212,0.287,1.64,0.925,1.639,2718,917,true,0
102574,2026-09-06 10:42:54.000 +0530,73.1,98.2,30,53.1,-0.168,0.183,0.452,2.845,0.842,0.926,2526,853,true,0
102575,2026-09-06 10:42:55.000 +0530,69.9,98.6,30,50.0,-0.273,0.111,0.283,2.86,0.996,0.889,2765,905,true,0
102576,2026-09-06 10:42:56.000 +0530,74.8,99.0,30,49.9,-0.206,0.153,0.304,0.529,0.79,0.618,2750,895,true,0
102577,2026-09-06 10:42:57.000 +0530,71.4,97.0,30,49.5,-0.267,0.015,0.371,2.252,1.272,1.24,2452,884,true,0
102578,2026-09-06 10:42:58.000 +0530,72.7,97.2,30,53.7,-0.26,-0.023,0.392,1.436,1.117,1.498,2796,918,true,0
102579,2026-09-06 10:42:59.000 +0530,73.9,96.8,30,52.1,-0.347,0.082,0.412,2.292,0.829,0.8,2785,898,true,0
102580,2026-09-06 10:43:00.000 +0530,80.2,98.1,30,53.6,-0.12,0.105,0.365,0.613,0.464,0.867,2720,886,true,0
102581,2026-09-06 10:43:01.000 +0530,76.4,97.4,30,50.5,-0.219,0.023,0.471,1.622,0.356,0.298,2846,960,true,0
102582,2026-09-06 10:43:02.000 +0530,71.4,98.7,30,50.7,-0.107,0.104,0.378,1.951,0.438,0.705,2399,942,true,0
102583,2026-09-06 10:43:03.000 +0530,77.0,98.8,30,53.2,-0.376,0.101,0.468,2.08,0.976,0.934,2536,819,true,0
102584,2026-09-06 10:43:04.000 +0530,73.7,98.8,30,51.5,-0.127,0.098,0.45,0.951,0.604,1.337,2932,940,true,0
102585,2026-09-06 10:43:05.000 +0530,76.0,98.2,30,52.1,-0.203,-0.011,0.436,2.949,0.778,-0.26,2662,866,true,0
102586,2026-09-06 10:43:06.000 +0530,75.4,99.3,30,52.4,-0.215,0.045,0.417,2.397,0.807,0.459,2776,810,true,0
102587,2026-09-06 10:43:07.000 +0530,74.6,96.8,30,49.5,-0.076,0.008,0.259,2.051,0.388,1.128,2895,932,true,0
102588,2026-09-06 10:43:08.000 +0530,72.1,98.0,30,47.9,-0.016,0.174,0.365,2.871,0.564,0.844,2664,978,true,0
102589,2026-09-06 10:43:09.000 +0530,78.6,98.1,30,49.6,-0.206,0.008,0.2,1.907,0.321,0.511,2760,856,true,0
102590,2026-09-06 10:43:10.000 +0530,78.8,98.4,30,48.4,-0.084,0.064,0.373,0.73,1.176,1.122,2747,838,true,0
102591,2026-09-06 10:43:11.000 +0530,69.6,98.0,30,51.7,-0.324,0.03,0.281,1.826,0.406,0.525,3078,931,true,0
102592,2026-09-06 10:43:12.000 +0530,77.2,97.4,30,47.9,-0.313,0.114,0.342,2.184,0.343,1.225,2920,778,true,0
102593,2026-09-06 10:43:13.000 +0530,87.7,98.1,30,45.4,-0.133,0.11,0.237,2.301,0.909,1.491,2545,987,true,0
102594,2026-09-06 10:43:14.000 +0530,71.4,98.4,30,52.3,-0.227,0.196,0.481,2.303,1.179,0.731,2613,831,true,0
102595,2026-09-06 10:43:15.000 +0530,72.1,97.4,30,49.7,-0.339,0.005,0.245,0.655,1.322,1.709,3022,998,true,0
102596,2026-09-06 10:43:16.000 +0530,73.7,97.4,30,52.8,-0.185,0.073,0.353,1.311,0.708,0.869,2779,931,true,0
102597,2026-09-06 10:43:17.000 +0530,67.8,98.4,30,52.3,-0.259,-0.058,0.315,3.88,1.233,1.078,2629,969,true,0
102598,2026-09-06 10:43:18.000 +0530,68.0,98.1,30,52.1,-0.16,0.071,0.311,3.438,0.819,0.97,2688,988,true,0
102599,2026-09-06 10:43:19.000 +0530,71.6,98.0,30,50.6,-0.335,0.108,0.356,2.464,0.594,1.025,2667,957,true,0
102600,2026-09-06 10:43:20.000 +0530,74.3,97.9,30,52.3,-0.26,0.132,0.106,1.533,1.062,0.638,2687,1028,true,0
102601,2026-09-06 10:43:21.000 +0530,70.4,97.2,30,50.0,-0.183,0.032,0.493,1.843,0.26,1.167,2675,737,true,0
102602,2026-09-06 10:43:22.000 +0530,70.5,97.8,30,49.6,-0.264,0.092,0.313,1.935,0.909,0.909,2858,941,true,0
102603,2026-09-06 10:43:23.000 +0530,77.7,97.9,30,54.2,-0.092,0.03,0.364,1.669,0.749,0.795,2650,921,true,0
102604,2026-09-06 10:43:24.000 +0530,74.7,97.8,30,52.0,-0.196,0.024,0.344,1.541,1.184,0.591,2658,903,true,0
102605,2026-09-06 10:43:25.000 +0530,79.0,96.8,30,49.3,-0.177,0.103,0.323,1.626,1.164,1.455,2687,1000,true,0
102606,2026-09-06 10:43:26.000 +0530,81.2,98.6,30,48.9,-0.188,0.082,0.455,2.785,0.561,0.809,2736,835,true,0
102607,2026-09-06 10:43:27.000 +0530,75.4,98.1,30,49.1,-0.251,0.021,0.455,1.487,1.248,0.807,2620,935,true,0
102608,2026-09-06 10:43:28.000 +0530,73.7,98.3,30,49.5,-0.181,0.051,0.303,0.908,0.298,0.617,2590,1006,true,0
102609,2026-09-06 10:43:29.000 +0530,67.4,98.4,30,49.7,-0.226,0.122,0.372,-0.699,0.32,1.852,2624,921,true,0
102610,2026-09-06 10:43:30.000 +0530,71.0,97.6,30,50.2,-0.312,-0.004,0.234,0.254,0.793,1.208,2778,984,true,0
102611,2026-09-06 10:43:31.000 +0530,66.2,97.5,30,50.3,-0.076,0.044,0.237,0.819,0.9,1.372,2489,1037,true,0
102612,2026-09-06 10:43:32.000 +0530,72.5,98.0,30,50.6,-0.096,0.136,0.465,1.066,0.819,0.691,2780,774,true,0
102613,2026-09-06 10:43:33.000 +0530,78.0,97.8,30,53.6,-0.292,0.084,0.311,3.712,0.449,0.89,2660,890,true,0
102614,2026-09-06 10:43:34.000 +0530,65.9,98.4,30,50.6,-0.348,0.021,0.421,1.634,0.526,0.948,2690,823,true,0
102615,2026-09-06 10:43:35.000 +0530,77.1,97.2,30,50.6,-0.168,-0.046,0.19,1.339,1.038,0.619,2527,963,true,0
102616,2026-09-06 10:43:36.000 +0530,74.7,98.1,30,50.2,-0.158,0.135,0.377,1.304,0.82,1.354,2860,941,true,0
102617,2026-09-06 10:43:37.000 +0530,60.2,97.3,30,47.6,-0.129,0.157,0.35,2.201,0.376,0.863,2876,978,true,0
102618,2026-09-06 10:43:38.000 +0530,75.8,97.9,30,50.7,-0.254,-0.031,0.366,2.755,0.55,0.796,2583,803,true,0
102619,2026-09-06 10:43:39.000 +0530,70.8,97.8,30,48.8,-0.391,0.047,0.432,1.662,0.518,0.91,2869,866,true,0
102620,2026-09-06 10:43:40.000 +0530,75.3,97.4,30,49.2,-0.211,0.017,0.383,0.96,0.697,0.673,2452,806,true,0
102621,2026-09-06 10:43:41.000 +0530,72.9,97.0,30,53.4,-0.214,-0.001,0.435,1.14,1.11,0.523,2621,912,true,0
102622,2026-09-06 10:43:42.000 +0530,75.3,99.0,30,49.9,-0.145,0.087,0.428,1.825,0.607,0.841,2548,951,true,0
102623,2026-09-06 10:43:43.000 +0530,77.5,97.8,30,51.1,-0.136,0.072,0.414,1.663,0.604,1.107,2576,884,true,0
102624,2026-09-06 10:43:44.000 +0530,76.2,98.1,30,50.6,-0.094,0.186,0.436,2.935,0.909,1.339,2540,815,true,0
102625,2026-09-06 10:43:45.000 +0530,71.5,98.4,30,46.1,-0.008,0.056,0.177,2.656,0.348,1.193,2682,947,true,0
102626,2026-09-06 10:43:46.000 +0530,75.9,98.8,30,53.8,-0.09,-0.125,0.225,2.348,0.953,1.28,2940,878,true,0
102627,2026-09-06 10:43:47.000 +0530,74.8,97.3,30,53.0,-0.191,0.087,0.283,2.638,0.705,0.869,2788,992,true,0
102628,2026-09-06 10:43:48.000 +0530,73.9,99.7,30,49.9,-0.328,0.028,0.53,1.672,0.306,1.594,3053,963,true,0
102629,2026-09-06 10:43:49.000 +0530,71.6,98.0,30,50.8,-0.295,0.047,0.431,2.352,1.326,1.121,2759,898,true,0
102630,2026-09-06 10:43:50.000 +0530,67.1,97.3,30,51.3,-0.169,0.061,0.412,2.664,0.998,1.793,2976,858,true,0
102631,2026-09-06 10:43:51.000 +0530,72.4,98.0,30,50.4,-0.244,-0.017,0.459,1.984,0.959,0.525,2517,888,true,0
102632,2026-09-06 10:43:52.000 +0530,74.0,98.0,30,51.0,-0.085,0.098,0.19,2.227,0.867,0.938,2440,841,true,0
102633,2026-09-06 10:43:53.000 +0530,73.4,98.3,30,48.9,-0.237,0.145,0.407,2.138,0.978,1.142,2473,816,true,0
102634,2026-09-06 10:43:54.000 +0530,68.3,97.4,30,50.2,-0.291,0.175,0.398,2.089,1.517,1.071,2639,896,true,0
102635,2026-09-06 10:43:55.000 +0530,73.6,98.0,30,47.6,-0.212,0.082,0.475,1.635,0.878,1.171,2893,911,true,0
102636,2026-09-06 10:43:56.000 +0530,70.3,97.6,30,48.6,-0.186,0.019,0.32,1.337,1.165,0.973,2628,886,true,0
102637,2026-09-06 10:43:57.000 +0530,71.9,98.4,30,48.7,-0.135,0.039,0.263,1.165,0.852,1.158,2552,927,true,0
102638,2026-09-06 10:43:58.000 +0530,71.5,97.9,30,49.5,-0.275,0.251,0.365,3.004,0.73,0.692,3129,950,true,0
102639,2026-09-06 10:43:59.000 +0530,73.7,98.5,30,53.1,-0.204,0.126,0.304,3.549,1.177,0.411,2947,976,true,0
102640,2026-09-06 10:44:00.000 +0530,81.0,97.6,30,49.1,-0.115,0.065,0.431,1.369,0.961,0.745,2360,891,true,0
102641,2026-09-06 10:44:01.000 +0530,83.8,97.6,30,49.7,-0.305,0.112,0.383,1.911,0.194,1.391,2462,939,true,0
102642,2026-09-06 10:44:02.000 +0530,78.1,97.9,30,51.7,-0.191,0.172,0.186,1.6,0.782,1.387,2795,918,true,0
102643,2026-09-06 10:44:03.000 +0530,64.8,97.5,30,52.6,-0.274,0.162,0.305,1.939,1.48,0.386,2893,894,true,0
102644,2026-09-06 10:44:04.000 +0530,79.4,98.0,30,52.8,-0.267,0.043,0.437,2.397,0.369,1.114,2240,802,true,0
102645,2026-09-06 10:44:05.000 +0530,82.7,97.4,30,51.0,-0.064,0.058,0.465,1.704,0.895,0.935,3144,847,true,0
102646,2026-09-06 10:44:06.000 +0530,74.4,97.8,30,53.7,0.04,0.067,0.384,2.499,1.301,1.102,2494,922,true,0
102647,2026-09-06 10:44:07.000 +0530,66.2,97.6,30,51.5,-0.214,0.037,0.363,1.227,1.136,1.019,2699,897,true,0
102648,2026-09-06 10:44:08.000 +0530,81.8,97.2,30,49.3,-0.214,0.062,0.369,1.943,0.926,0.84,2912,728,true,0
102649,2026-09-06 10:44:09.000 +0530,76.2,97.5,30,49.7,-0.285,0.073,0.408,1.754,1.066,0.697,2928,791,true,0
102650,2026-09-06 10:44:10.000 +0530,77.0,97.1,30,51.0,-0.177,0.086,0.161,2.015,0.929,1.165,2724,1042,true,0
102651,2026-09-06 10:44:11.000 +0530,75.6,98.0,30,53.2,-0.215,-0.022,0.518,1.913,0.627,1.339,2456,939,true,0
102652,2026-09-06 10:44:12.000 +0530,67.7,97.3,30,52.1,-0.225,0.008,0.473,0.768,1.128,0.655,2805,774,true,0
102653,2026-09-06 10:44:13.000 +0530,73.7,97.6,30,52.2,-0.288,0.117,0.325,2.964,0.57,1.0,2803,973,true,0
102654,2026-09-06 10:44:14.000 +0530,79.2,97.5,30,53.8,-0.275,0.03,0.375,2.483,0.676,1.455,2793,920,true,0
102655,2026-09-06 10:44:15.000 +0530,75.0,98.3,30,47.8,-0.352,0.06,0.386,1.799,0.629,0.97,2375,932,true,0
102656,2026-09-06 10:44:16.000 +0530,77.2,99.3,30,50.3,-0.238,-0.087,0.343,3.391,0.005,1.383,2530,907,true,0
102657,2026-09-06 10:44:17.000 +0530,75.8,97.7,30,48.3,-0.227,0.014,0.326,2.796,0.485,0.865,2771,916,true,0
102658,2026-09-06 10:44:18.000 +0530,70.8,97.2,30,52.7,-0.34,0.087,0.307,1.24,1.021,0.254,2816,798,true,0
102659,2026-09-06 10:44:19.000 +0530,66.6,98.7,30,50.8,-0.238,0.066,0.219,1.999,0.426,1.419,2567,869,true,0
102660,2026-09-06 10:44:20.000 +0530,82.4,97.2,30,51.4,-0.226,0.175,0.253,1.881,0.356,0.772,2902,898,true,0
102661,2026-09-06 10:44:21.000 +0530,72.8,98.4,30,52.4,-0.239,-0.002,0.321,1.226,0.332,0.706,2393,872,true,0
102662,2026-09-06 10:44:22.000 +0530,74.7,98.6,30,49.0,-0.067,0.128,0.403,2.637,0.928,0.942,2804,910,true,0
102663,2026-09-06 10:44:23.000 +0530,76.6,97.7,30,50.8,-0.31,-0.195,0.375,1.466,1.021,0.327,2768,922,true,0
102664,2026-09-06 10:44:24.000 +0530,76.7,97.7,30,50.8,-0.271,0.079,0.281,1.899,0.894,1.215,2802,957,true,0
102665,2026-09-06 10:44:25.000 +0530,71.8,98.3,30,51.7,-0.202,0.157,0.403,1.842,1.045,1.17,2496,862,true,0
102666,2026-09-06 10:44:26.000 +0530,70.8,97.6,30,49.2,-0.299,0.243,0.52,1.508,0.048,1.297,2633,861,true,0
102667,2026-09-06 10:44:27.000 +0530,78.3,97.3,30,49.1,-0.203,0.005,0.35,2.893,0.511,0.959,2867,876,true,0
102668,2026-09-06 10:44:28.000 +0530,76.5,98.1,30,48.8,-0.086,0.163,0.346,1.582,1.223,0.373,2629,974,true,0
102669,2026-09-06 10:44:29.000 +0530,73.1,97.7,30,53.9,-0.24,0.001,0.413,2.742,0.587,1.133,2895,884,true,0
102670,2026-09-06 10:44:30.000 +0530,68.1,98.3,30,47.0,-0.06,0.119,0.467,2.029,1.317,0.712,2795,812,true,0
102671,2026-09-06 10:44:31.000 +0530,82.2,98.3,30,47.8,-0.209,-0.06,0.377,1.559,1.07,0.893,2776,922,true,0
102672,2026-09-06 10:44:32.000 +0530,75.5,97.1,30,48.6,-0.314,-0.032,0.341,1.22,0.997,0.429,2669,828,true,0
102673,2026-09-06 10:44:33.000 +0530,74.6,98.1,30,51.9,-0.171,0.201,0.163,0.614,0.444,1.34,2631,1010,true,0
102674,2026-09-06 10:44:34.000 +0530,70.7,98.3,30,49.8,-0.21,0.131,0.307,1.456,1.142,0.839,2555,890,true,0
102675,2026-09-06 10:44:35.000 +0530,69.0,97.1,30,52.1,-0.251,0.072,0.374,1.918,0.689,1.059,2934,873,true,0
102676,2026-09-06 10:44:36.000 +0530,73.7,97.6,30,51.2,-0.364,-0.004,0.22,1.438,0.971,1.042,3113,904,true,0
102677,2026-09-06 10:44:37.000 +0530,74.3,98.1,30,49.0,-0.116,0.131,0.356,2.711,0.393,0.232,2950,1003,true,0
102678,2026-09-06 10:44:38.000 +0530,66.9,98.1,30,50.7,-0.204,0.15,0.27,2.331,0.453,1.038,2602,981,true,0
102679,2026-09-06 10:44:39.000 +0530,78.4,98.3,30,53.1,-0.231,0.098,0.397,1.62,0.823,1.589,2697,863,true,0
102680,2026-09-06 10:44:40.000 +0530,73.4,98.6,30,50.9,-0.175,0.09,0.316,1.576,0.68,1.686,2547,831,true,0
102681,2026-09-06 10:44:41.000 +0530,68.8,98.2,30,48.6,-0.326,-0.015,0.181,1.955,0.851,0.634,2781,1042,true,0
102682,2026-09-06 10:44:42.000 +0530,65.3,97.6,30,48.9,-0.116,0.101,0.433,2.701,0.926,1.303,2511,847,true,0
102683,2026-09-06 10:44:43.000 +0530,75.0,97.6,30,49.8,-0.212,0.123,0.359,1.664,0.91,0.918,2850,1019,true,0
102684,2026-09-06 10:44:44.000 +0530,71.3,97.1,30,48.8,-0.194,0.083,0.34,2.601,0.137,1.443,2584,936,true,0
102685,2026-09-06 10:44:45.000 +0530,74.7,98.3,30,47.0,-0.231,0.095,0.424,2.978,1.245,0.933,2564,843,true,0
102686,2026-09-06 10:44:46.000 +0530,80.6,98.9,30,50.0,-0.27,0.08,0.326,2.059,0.173,0.459,3056,824,true,0
102687,2026-09-06 10:44:47.000 +0530,71.6,98.5,30,52.1,-0.15,0.188,0.353,2.133,0.062,0.606,2637,858,true,0
102688,2026-09-06 10:44:48.000 +0530,78.5,97.9,30,48.5,-0.021,0.037,0.399,1.567,0.453,1.264,2474,911,true,0
102689,2026-09-06 10:44:49.000 +0530,72.0,98.5,30,50.8,-0.162,-0.014,0.373,3.24,0.839,0.704,2774,785,true,0
102690,2026-09-06 10:44:50.000 +0530,65.5,98.5,30,54.2,-0.138,0.103,0.305,2.285,0.919,1.209,2838,1080,true,0
102691,2026-09-06 10:44:51.000 +0530,74.4,97.1,30,50.5,-0.233,-0.137,0.255,2.729,0.292,1.5,2548,971,true,0
102692,2026-09-06 10:44:52.000 +0530,71.6,98.5,30,51.7,-0.042,0.006,0.358,2.557,0.692,0.798,2536,870,true,0
102693,2026-09-06 10:44:53.000 +0530,73.5,98.4,30,50.7,-0.086,0.237,0.374,2.254,0.668,1.325,2922,851,true,0
102694,2026-09-06 10:44:54.000 +0530,75.8,97.7,30,49.4,-0.219,0.093,0.39,2.19,0.48,1.104,2839,1024,true,0
102695,2026-09-06 10:44:55.000 +0530,75.9,98.1,30,49.4,-0.237,0.059,0.488,2.141,0.32,1.45,2512,1080,true,0
102696,2026-09-06 10:44:56.000 +0530,75.1,98.3,30,49.3,0.006,0.189,0.257,0.377,0.019,0.691,2662,894,true,0
102697,2026-09-06 10:44:57.000 +0530,76.6,97.3,30,47.4,-0.191,0.102,0.255,1.718,0.999,2.242,2642,979,true,0
102698,2026-09-06 10:44:58.000 +0530,67.3,98.2,30,52.3,-0.269,0.078,0.169,3.329,0.484,1.21,2523,872,true,0
102699,2026-09-06 10:44:59.000 +0530,73.8,98.0,30,50.0,-0.18,0.15,0.416,3.018,0.351,1.445,2540,888,true,0
102700,2026-09-06 10:45:00.000 +0530,77.7,98.8,30,51.7,-0.179,0.014,0.207,1.376,0.889,1.75,2822,960,true,0
102701,2026-09-06 10:45:01.000 +0530,76.3,97.5,30,49.3,-0.161,0.016,0.227,1.681,0.605,0.615,2956,936,true,0
102702,2026-09-06 10:45:02.000 +0530,70.8,98.1,30,49.2,-0.306,-0.029,0.432,1.886,0.958,1.201,2840,877,true,0
102703,2026-09-06 10:45:03.000 +0530,73.3,97.5,30,48.9,-0.145,0.029,0.249,1.986,0.728,0.421,2549,735,true,0
102704,2026-09-06 10:45:04.000 +0530,80.5,97.8,30,55.2,-0.384,-0.043,0.453,1.143,0.435,0.435,2468,776,true,0
102705,2026-09-06 10:45:05.000 +0530,70.1,98.5,30,51.9,-0.23,0.095,0.318,1.446,1.259,0.231,2736,1001,true,0
102706,2026-09-06 10:45:06.000 +0530,78.3,97.5,30,50.3,-0.246,0.058,0.246,2.206,0.869,0.525,2730,854,true,0
102707,2026-09-06 10:45:07.000 +0530,80.6,97.9,30,47.8,-0.312,-0.001,0.451,2.648,1.143,1.676,2875,912,true,0
102708,2026-09-06 10:45:08.000 +0530,81.0,98.5,30,50.7,-0.14,0.156,0.313,2.422,0.935,0.886,2818,811,true,0
102709,2026-09-06 10:45:09.000 +0530,71.0,97.3,30,50.7,-0.231,0.071,0.299,2.048,1.038,1.327,2596,920,true,0
102710,2026-09-06 10:45:10.000 +0530,75.6,97.7,30,50.9,-0.165,0.037,0.304,1.245,0.467,0.734,2455,851,true,0
102711,2026-09-06 10:45:11.000 +0530,74.5,98.0,30,52.2,-0.067,0.078,0.424,1.765,0.212,1.74,2771,1015,true,0
102712,2026-09-06 10:45:12.000 +0530,83.0,97.6,30,50.3,-0.169,0.217,0.427,1.507,0.605,1.098,2655,980,true,0
102713,2026-09-06 10:45:13.000 +0530,71.7,98.1,30,51.2,-0.102,0.016,0.309,2.127,1.281,1.708,2988,825,true,0
102714,2026-09-06 10:45:14.000 +0530,80.6,98.2,30,47.8,-0.358,0.063,0.226,1.638,0.586,1.541,2629,866,true,0
102715,2026-09-06 10:45:15.000 +0530,74.7,98.2,30,50.3,-0.276,0.147,0.338,1.515,0.558,0.583,2889,987,true,0
102716,2026-09-06 10:45:16.000 +0530,69.4,98.6,30,51.8,-0.213,0.063,0.379,2.484,1.02,1.228,2615,948,true,0
102717,2026-09-06 10:45:17.000 +0530,63.3,97.8,30,54.7,-0.219,0.081,0.35,1.666,0.54,1.057,2874,705,true,0
102718,2026-09-06 10:45:18.000 +0530,64.8,98.2,30,49.8,-0.191,0.078,0.319,2.652,-0.013,0.968,2705,826,true,0
102719,2026-09-06 10:45:19.000 +0530,74.1,98.1,30,53.0,-0.228,0.157,0.417,0.207,0.877,1.667,2645,1003,true,0
102720,2026-09-06 10:45:20.000 +0530,71.9,98.3,30,49.5,-0.094,0.127,0.42,2.121,0.518,1.388,2592,900,true,0
102721,2026-09-06 10:45:21.000 +0530,71.1,99.1,30,51.0,-0.261,0.081,0.261,2.276,0.655,0.554,2610,669,true,0
102722,2026-09-06 10:45:22.000 +0530,71.1,97.6,30,47.4,-0.251,0.151,0.294,3.145,1.11,1.02,2756,936,true,0
102723,2026-09-06 10:45:23.000 +0530,65.1,96.9,30,53.8,-0.298,0.053,0.44,2.825,0.855,0.899,2650,923,true,0
102724,2026-09-06 10:45:24.000 +0530,79.1,98.8,30,52.7,-0.174,0.145,0.513,2.323,0.426,0.81,2723,918,true,0
102725,2026-09-06 10:45:25.000 +0530,73.3,98.2,30,51.2,-0.228,0.25,0.391,0.793,0.196,1.126,2677,965,true,0
102726,2026-09-06 10:45:26.000 +0530,76.0,97.5,30,51.5,-0.244,0.106,0.324,1.601,1.297,0.828,2794,833,true,0
102727,2026-09-06 10:45:27.000 +0530,73.4,97.9,30,48.7,-0.147,0.105,0.447,1.894,0.015,0.637,2944,969,true,0
102728,2026-09-06 10:45:28.000 +0530,79.2,97.2,30,52.3,-0.177,0.012,0.19,2.645,0.426,0.839,2680,970,true,0
102729,2026-09-06 10:45:29.000 +0530,79.7,98.1,30,49.1,-0.265,0.099,0.503,2.78,0.969,0.714,2728,865,true,0
102730,2026-09-06 10:45:30.000 +0530,75.9,98.3,30,50.6,-0.234,0.121,0.194,2.483,0.223,1.187,2649,941,true,0
102731,2026-09-06 10:45:31.000 +0530,78.1,98.6,30,52.7,-0.236,-0.0,0.249,1.846,0.77,0.676,2588,899,true,0
102732,2026-09-06 10:45:32.000 +0530,71.0,98.1,30,47.5,-0.172,0.19,0.298,0.394,0.554,0.85,2736,890,true,0
102733,2026-09-06 10:45:33.000 +0530,75.5,97.7,30,50.5,-0.163,0.17,0.216,1.757,0.635,1.28,2831,958,true,0
102734,2026-09-06 10:45:34.000 +0530,70.9,97.8,30,48.6,-0.219,0.047,0.352,2.321,0.661,0.639,2596,912,true,0
102735,2026-09-06 10:45:35.000 +0530,79.6,97.9,30,55.4,-0.191,0.131,0.348,2.057,0.541,1.13,2811,842,true,0
102736,2026-09-06 10:45:36.000 +0530,75.4,98.4,30,51.1,-0.175,0.059,0.308,2.315,1.449,0.316,2862,1028,true,0
102737,2026-09-06 10:45:37.000 +0530,74.7,98.3,30,48.7,-0.177,0.125,0.337,2.154,0.646,1.328,2727,867,true,0
102738,2026-09-06 10:45:38.000 +0530,80.1,97.6,30,52.0,-0.211,0.118,0.429,2.42,0.656,1.456,2638,987,true,0
102739,2026-09-06 10:45:39.000 +0530,69.9,98.1,30,49.7,-0.32,0.043,0.398,3.013,0.62,1.245,2833,943,true,0
102740,2026-09-06 10:45:40.000 +0530,75.3,98.2,30,50.3,-0.198,-0.02,0.378,2.54,0.533,1.142,2525,853,true,0
102741,2026-09-06 10:45:41.000 +0530,70.4,98.1,30,48.8,-0.265,0.0,0.258,1.834,0.742,0.547,2798,935,true,0
102742,2026-09-06 10:45:42.000 +0530,79.6,98.0,30,49.1,-0.085,0.068,0.366,1.46,0.573,1.715,2821,996,true,0
102743,2026-09-06 10:45:43.000 +0530,74.4,98.5,30,51.4,-0.166,0.135,0.36,2.301,0.675,0.848,2697,1095,true,0
102744,2026-09-06 10:45:44.000 +0530,77.0,97.8,30,50.9,-0.164,0.019,0.377,2.472,1.318,1.19,2828,924,true,0
102745,2026-09-06 10:45:45.000 +0530,69.5,98.3,30,47.9,-0.186,0.091,0.389,0.998,0.202,1.302,2910,850,true,0
102746,2026-09-06 10:45:46.000 +0530,76.1,97.8,30,50.0,-0.108,0.031,0.343,1.791,0.506,1.313,2783,855,true,0
102747,2026-09-06 10:45:47.000 +0530,79.7,98.3,30,53.1,-0.218,0.115,0.383,1.981,1.438,1.21,2708,855,true,0
102748,2026-09-06 10:45:48.000 +0530,77.0,98.0,30,49.3,-0.425,0.195,0.48,0.424,0.59,0.869,2807,979,true,0
102749,2026-09-06 10:45:49.000 +0530,77.0,97.7,30,48.1,-0.186,0.095,0.272,2.189,0.351,1.325,2396,763,true,0
102750,2026-09-06 10:45:50.000 +0530,70.1,98.0,30,50.7,-0.169,0.092,0.373,1.631,0.309,1.314,2735,980,true,0
102751,2026-09-06 10:45:51.000 +0530,74.2,99.0,30,50.2,-0.096,0.068,0.41,3.094,1.017,0.521,2637,808,true,0
102752,2026-09-06 10:45:52.000 +0530,69.7,98.1,30,50.9,-0.065,-0.011,0.318,0.953,0.821,1.222,2587,969,true,0
102753,2026-09-06 10:45:53.000 +0530,67.5,97.7,30,49.1,-0.161,0.019,0.267,2.36,0.67,0.842,2614,936,true,0
102754,2026-09-06 10:45:54.000 +0530,72.9,98.7,30,50.7,-0.23,0.213,0.153,1.076,0.356,1.535,2682,758,true,0
102755,2026-09-06 10:45:55.000 +0530,65.6,97.8,30,48.5,-0.118,0.063,0.46,2.105,0.772,1.291,2306,931,true,0
102756,2026-09-06 10:45:56.000 +0530,79.7,98.1,30,47.6,-0.171,0.096,0.33,2.768,0.523,0.707,2778,851,true,0
102757,2026-09-06 10:45:57.000 +0530,74.9,98.1,30,46.7,-0.238,0.128,0.122,1.976,0.5,0.841,2589,929,true,0
102758,2026-09-06 10:45:58.000 +0530,76.2,98.3,30,54.0,-0.183,-0.088,0.278,3.301,0.638,0.642,2629,840,true,0
102759,2026-09-06 10:45:59.000 +0530,74.8,97.5,30,54.6,-0.202,0.208,0.373,1.289,0.878,0.903,2798,920,true,0
102760,2026-09-06 10:46:00.000 +0530,69.5,98.8,30,50.0,-0.303,0.104,0.329,1.744,0.39,1.016,2751,936,true,0
102761,2026-09-06 10:46:01.000 +0530,65.7,98.1,30,49.0,-0.325,0.035,0.421,1.964,1.023,1.524,2590,932,true,0
102762,2026-09-06 10:46:02.000 +0530,82.6,97.1,30,50.3,-0.147,0.098,0.287,1.932,0.587,1.047,2694,930,true,0
102763,2026-09-06 10:46:03.000 +0530,72.1,97.9,30,51.4,-0.265,0.056,0.393,1.636,0.591,0.7,2668,855,true,0
102764,2026-09-06 10:46:04.000 +0530,83.4,97.6,30,51.6,-0.165,0.129,0.388,2.181,0.506,1.085,2672,983,true,0
102765,2026-09-06 10:46:05.000 +0530,77.2,98.4,30,52.1,-0.225,0.095,0.271,1.432,0.773,1.181,2776,962,true,0
102766,2026-09-06 10:46:06.000 +0530,70.0,98.6,30,48.0,-0.208,0.061,0.509,3.193,0.835,1.059,2833,854,true,0
102767,2026-09-06 10:46:07.000 +0530,77.4,98.0,30,47.4,-0.189,0.162,0.304,2.464,0.409,0.946,2415,961,true,0
102768,2026-09-06 10:46:08.000 +0530,67.3,98.3,30,48.0,-0.17,0.065,0.25,2.183,0.896,1.061,2738,890,true,0
102769,2026-09-06 10:46:09.000 +0530,74.3,98.5,30,47.4,-0.362,0.166,0.368,1.138,0.894,0.745,2868,881,true,0
102770,2026-09-06 10:46:10.000 +0530,71.4,98.3,30,50.1,-0.2,0.26,0.405,2.46,0.87,0.796,2514,989,true,0
102771,2026-09-06 10:46:11.000 +0530,82.3,98.7,30,52.7,-0.269,0.05,0.352,2.253,0.27,0.605,2748,950,true,0
102772,2026-09-06 10:46:12.000 +0530,68.1,97.2,30,53.4,-0.131,0.074,0.311,1.425,0.698,0.916,2873,910,true,0
102773,2026-09-06 10:46:13.000 +0530,76.7,98.0,30,50.2,-0.318,0.121,0.223,4.707,0.693,0.706,2781,827,true,0
102774,2026-09-06 10:46:14.000 +0530,80.4,99.0,30,49.4,-0.251,0.276,0.344,1.389,1.056,1.408,2821,821,true,0
102775,2026-09-06 10:46:15.000 +0530,74.0,98.3,30,52.6,-0.243,0.151,0.374,2.423,0.947,1.053,2833,732,true,0
102776,2026-09-06 10:46:16.000 +0530,70.6,98.0,30,50.8,-0.236,0.111,0.329,4.335,0.009,0.73,2383,820,true,0
102777,2026-09-06 10:46:17.000 +0530,71.5,96.8,30,53.1,-0.125,0.059,0.333,0.893,1.2,1.225,2565,869,true,0
102778,2026-09-06 10:46:18.000 +0530,77.0,97.3,30,52.2,-0.201,0.142,0.358,3.057,0.833,1.026,2595,943,true,0
102779,2026-09-06 10:46:19.000 +0530,79.7,98.8,30,48.6,-0.276,0.082,0.344,3.682,0.796,0.598,2495,915,true,0
102780,2026-09-06 10:46:20.000 +0530,70.7,97.2,30,52.7,-0.334,0.196,0.349,0.893,0.708,0.633,2860,979,true,0
102781,2026-09-06 10:46:21.000 +0530,73.2,98.1,30,52.3,-0.059,0.102,0.338,2.297,0.151,1.057,2800,828,true,0
102782,2026-09-06 10:46:22.000 +0530,72.8,99.0,30,50.9,-0.248,0.106,0.311,3.265,0.544,0.905,2669,872,true,0
102783,2026-09-06 10:46:23.000 +0530,77.5,97.7,30,51.7,-0.265,0.164,0.324,0.764,0.583,0.797,2863,964,true,0
102784,2026-09-06 10:46:24.000 +0530,67.8,98.4,30,50.5,-0.083,0.053,0.203,2.774,0.287,0.945,2529,994,true,0
102785,2026-09-06 10:46:25.000 +0530,77.4,98.3,30,48.0,-0.127,0.116,0.252,1.613,0.667,1.099,2728,1063,true,0
102786,2026-09-06 10:46:26.000 +0530,74.3,98.4,30,49.1,-0.149,0.039,0.337,1.625,0.905,0.864,2541,862,true,0
102787,2026-09-06 10:46:27.000 +0530,75.0,98.2,30,48.0,-0.277,0.075,0.327,1.814,1.289,1.617,2580,842,true,0
102788,2026-09-06 10:46:28.000 +0530,65.2,97.6,30,48.9,-0.19,-0.063,0.261,1.512,0.25,0.927,2818,813,true,0
102789,2026-09-06 10:46:29.000 +0530,82.2,98.0,30,51.6,-0.188,0.144,0.324,2.009,0.611,0.664,3083,751,true,0
102790,2026-09-06 10:46:30.000 +0530,76.0,98.4,30,50.2,-0.2,0.131,0.39,1.845,0.608,1.456,2695,890,true,0
102791,2026-09-06 10:46:31.000 +0530,70.6,98.0,30,52.3,-0.285,0.044,0.27,2.406,0.673,0.941,2436,884,true,0
102792,2026-09-06 10:46:32.000 +0530,74.7,98.5,30,51.1,-0.171,0.148,0.298,2.735,0.494,0.747,2528,920,true,0
102793,2026-09-06 10:46:33.000 +0530,73.6,97.7,30,49.5,-0.068,0.13,0.461,0.954,0.639,0.763,2693,821,true,0
102794,2026-09-06 10:46:34.000 +0530,82.3,98.1,30,52.8,-0.217,0.022,0.323,1.263,0.696,0.69,2647,854,true,0
102795,2026-09-06 10:46:35.000 +0530,71.2,98.4,30,52.1,-0.2,0.069,0.36,4.178,1.373,1.014,2867,818,true,0
102796,2026-09-06 10:46:36.000 +0530,73.2,97.6,30,48.8,-0.181,0.1,0.259,3.543,1.399,0.857,2680,870,true,0
102797,2026-09-06 10:46:37.000 +0530,79.3,97.7,30,51.6,-0.316,0.003,0.37,2.771,0.511,1.167,2452,766,true,0
102798,2026-09-06 10:46:38.000 +0530,73.0,98.3,30,51.2,-0.333,0.15,0.293,1.682,0.934,1.015,2600,812,true,0
102799,2026-09-06 10:46:39.000 +0530,72.5,97.3,30,47.0,-0.144,0.09,0.303,2.563,0.505,0.52,2794,929,true,0
102800,2026-09-06 10:46:40.000 +0530,72.0,97.2,30,52.7,-0.132,0.062,0.315,2.109,0.626,0.92,2809,785,true,0
102801,2026-09-06 10:46:41.000 +0530,74.0,98.5,30,50.5,-0.229,0.087,0.308,0.687,0.563,1.251,2791,854,true,0
102802,2026-09-06 10:46:42.000 +0530,72.1,97.9,30,53.4,-0.277,0.031,0.179,1.917,1.342,0.589,2782,916,true,0
102803,2026-09-06 10:46:43.000 +0530,69.4,97.7,30,51.9,-0.197,0.193,0.288,2.406,0.423,1.166,2113,888,true,0
102804,2026-09-06 10:46:44.000 +0530,81.5,97.8,30,48.7,-0.138,-0.006,0.28,0.954,0.108,0.75,3047,788,true,0
102805,2026-09-06 10:46:45.000 +0530,68.1,97.8,30,54.0,-0.142,0.207,0.402,0.792,0.53,1.362,2767,833,true,0
102806,2026-09-06 10:46:46.000 +0530,67.7,98.5,30,53.0,-0.159,0.027,0.276,3.17,1.45,0.79,2637,811,true,0
102807,2026-09-06 10:46:47.000 +0530,78.0,98.3,30,52.2,-0.248,0.096,0.447,1.657,0.365,0.532,2740,724,true,0
102808,2026-09-06 10:46:48.000 +0530,74.4,97.2,30,50.8,-0.097,0.162,0.447,2.592,1.038,1.066,2552,876,true,0
102809,2026-09-06 10:46:49.000 +0530,74.2,98.1,30,50.1,-0.114,0.078,0.394,2.002,1.318,0.565,2954,851,true,0
102810,2026-09-06 10:46:50.000 +0530,68.0,97.8,30,50.1,-0.194,-0.012,0.21,2.694,0.478,1.107,2717,911,true,0
102811,2026-09-06 10:46:51.000 +0530,71.9,97.7,30,48.2,-0.123,0.074,0.347,2.017,0.408,0.644,2645,839,true,0
102812,2026-09-06 10:46:52.000 +0530,71.6,97.6,30,47.0,-0.139,0.003,0.329,2.014,0.657,1.645,2741,950,true,0
102813,2026-09-06 10:46:53.000 +0530,67.7,98.5,30,50.7,-0.136,0.078,0.26,2.455,0.133,0.882,2715,1003,true,0
102814,2026-09-06 10:46:54.000 +0530,74.2,97.4,30,50.5,-0.156,0.095,0.358,2.347,1.316,0.873,2371,968,true,0
102815,2026-09-06 10:46:55.000 +0530,76.8,98.3,30,50.6,-0.18,0.085,0.338,2.23,0.852,1.014,2675,934,true,0
102816,2026-09-06 10:46:56.000 +0530,70.5,98.8,30,50.2,-0.024,0.105,0.251,0.166,1.042,0.827,2278,880,true,0
102817,2026-09-06 10:46:57.000 +0530,73.7,98.5,30,49.1,-0.234,0.156,0.353,2.811,0.118,0.715,2670,886,true,0
102818,2026-09-06 10:46:58.000 +0530,72.1,97.9,30,52.1,-0.126,0.057,0.401,2.232,1.385,1.561,2645,929,true,0
102819,2026-09-06 10:46:59.000 +0530,70.2,97.4,30,47.9,-0.219,0.1,0.498,2.894,0.571,0.808,2608,947,true,0
102820,2026-09-06 10:47:00.000 +0530,73.9,97.3,30,52.8,-0.153,0.097,0.248,1.559,0.666,0.534,2683,850,true,0
102821,2026-09-06 10:47:01.000 +0530,74.5,97.6,30,50.0,-0.278,0.118,0.363,1.826,0.256,0.511,2819,828,true,0
102822,2026-09-06 10:47:02.000 +0530,83.8,97.6,30,46.9,-0.171,-0.05,0.405,2.058,-0.021,0.389,2489,873,true,0
102823,2026-09-06 10:47:03.000 +0530,72.3,98.7,30,50.2,-0.157,0.107,0.359,3.222,0.485,0.901,2505,826,true,0
102824,2026-09-06 10:47:04.000 +0530,73.4,98.0,30,51.8,-0.364,0.071,0.277,2.13,0.648,1.133,2642,944,true,0
102825,2026-09-06 10:47:05.000 +0530,75.1,97.8,30,48.3,-0.12,0.106,0.204,2.484,0.231,1.02,3013,890,true,0
102826,2026-09-06 10:47:06.000 +0530,76.5,97.4,30,48.4,-0.18,0.063,0.468,3.761,1.007,0.983,2657,907,true,0
102827,2026-09-06 10:47:07.000 +0530,65.6,98.0,30,53.3,-0.117,0.086,0.283,2.643,0.233,1.053,2612,857,true,0
102828,2026-09-06 10:47:08.000 +0530,68.0,97.6,30,52.1,-0.2,0.002,0.38,2.757,0.379,0.833,2964,865,true,0
102829,2026-09-06 10:47:09.000 +0530,80.8,98.5,30,52.6,-0.193,0.015,0.309,-0.105,0.513,1.611,2799,823,true,0
102830,2026-09-06 10:47:10.000 +0530,78.4,98.0,30,47.7,-0.101,0.051,0.387,2.117,-0.145,0.89,2706,867,true,0
102831,2026-09-06 10:47:11.000 +0530,80.2,98.5,30,50.8,-0.182,0.219,0.429,2.401,0.616,1.356,2960,896,true,0
102832,2026-09-06 10:47:12.000 +0530,78.8,98.2,30,46.0,-0.091,0.086,0.389,3.246,1.393,0.967,2732,974,true,0
102833,2026-09-06 10:47:13.000 +0530,73.1,97.7,30,50.8,-0.254,0.103,0.257,1.059,0.975,0.8,2566,773,true,0
102834,2026-09-06 10:47:14.000 +0530,75.1,97.4,30,53.3,-0.167,0.055,0.361,1.129,0.538,1.259,2819,857,true,0
102835,2026-09-06 10:47:15.000 +0530,68.0,98.1,30,50.2,-0.164,0.162,0.374,1.519,0.839,1.24,2538,772,true,0
102836,2026-09-06 10:47:16.000 +0530,75.3,98.2,30,52.1,-0.265,-0.026,0.324,0.808,0.987,0.816,3117,830,true,0
102837,2026-09-06 10:47:17.000 +0530,74.0,98.5,30,45.9,-0.087,0.079,0.47,2.187,0.078,1.922,2403,922,true,0
102838,2026-09-06 10:47:18.000 +0530,74.1,97.2,30,51.0,-0.148,0.077,0.429,2.766,0.897,1.411,2641,1018,true,0
102839,2026-09-06 10:47:19.000 +0530,73.3,97.7,30,50.2,-0.323,0.073,0.441,0.991,0.838,0.823,2714,992,true,0
102840,2026-09-06 10:47:20.000 +0530,75.5,97.8,30,50.5,-0.22,0.099,0.304,1.883,0.283,0.896,2818,876,true,0
102841,2026-09-06 10:47:21.000 +0530,74.0,98.0,30,49.4,-0.191,0.127,0.432,1.516,0.493,1.096,2520,777,true,0
102842,2026-09-06 10:47:22.000 +0530,88.3,98.1,30,48.9,-0.128,0.06,0.471,2.885,0.147,0.987,2655,875,true,0
102843,2026-09-06 10:47:23.000 +0530,78.9,98.7,30,52.4,-0.153,0.157,0.408,1.618,0.572,1.473,2647,966,true,0
102844,2026-09-06 10:47:24.000 +0530,71.6,97.4,30,48.8,-0.174,0.169,0.409,1.192,0.909,1.424,2613,853,true,0
102845,2026-09-06 10:47:25.000 +0530,64.0,98.2,30,51.9,-0.248,0.112,0.39,1.465,1.08,1.102,2683,717,true,0
102846,2026-09-06 10:47:26.000 +0530,78.9,98.7,30,51.9,-0.147,0.042,0.492,2.454,0.545,1.713,2466,900,true,0
102847,2026-09-06 10:47:27.000 +0530,70.4,97.6,30,50.5,-0.233,0.039,0.371,1.996,0.816,0.956,2778,890,true,0
102848,2026-09-06 10:47:28.000 +0530,66.7,98.4,30,53.0,-0.104,0.065,0.304,2.531,1.224,1.256,2542,887,true,0
102849,2026-09-06 10:47:29.000 +0530,65.4,97.2,30,50.2,-0.141,0.04,0.353,1.626,1.003,1.003,2656,908,true,0
102850,2026-09-06 10:47:30.000 +0530,73.0,97.1,30,47.3,-0.187,0.037,0.343,2.057,0.642,1.032,2811,933,true,0
102851,2026-09-06 10:47:31.000 +0530,72.2,97.7,30,48.1,-0.093,0.02,0.383,1.729,0.648,1.126,2877,910,true,0
102852,2026-09-06 10:47:32.000 +0530,67.7,98.0,30,52.6,-0.059,0.022,0.369,2.255,0.284,1.58,2822,870,true,0
102853,2026-09-06 10:47:33.000 +0530,80.9,97.5,30,49.7,-0.207,-0.056,0.382,2.028,1.426,1.329,2583,792,true,0
102854,2026-09-06 10:47:34.000 +0530,70.4,97.7,30,53.1,-0.127,0.09,0.368,1.915,0.361,1.171,2697,964,true,0
102855,2026-09-06 10:47:35.000 +0530,80.6,97.7,30,48.2,-0.123,0.117,0.355,1.25,0.688,0.871,2402,852,true,0
102856,2026-09-06 10:47:36.000 +0530,71.2,97.9,30,47.9,-0.118,0.188,0.436,3.824,0.81,0.921,2726,857,true,0
102857,2026-09-06 10:47:37.000 +0530,64.1,97.9,30,49.6,-0.109,-0.038,0.311,1.881,0.845,0.667,2553,927,true,0
102858,2026-09-06 10:47:38.000 +0530,78.3,98.1,30,51.7,-0.157,0.077,0.35,0.917,0.754,1.471,2710,953,true,0
102859,2026-09-06 10:47:39.000 +0530,82.1,97.8,30,53.0,-0.17,0.126,0.313,2.276,1.143,0.925,2554,898,true,0
102860,2026-09-06 10:47:40.000 +0530,84.6,98.3,30,48.9,-0.151,0.012,0.302,2.384,0.314,0.734,2865,994,true,0
102861,2026-09-06 10:47:41.000 +0530,74.4,97.2,30,50.7,-0.119,0.092,0.349,2.359,0.221,0.822,2815,818,true,0
102862,2026-09-06 10:47:42.000 +0530,78.2,98.1,30,51.2,-0.198,0.024,0.275,0.617,0.532,0.732,2854,911,true,0
102863,2026-09-06 10:47:43.000 +0530,63.7,97.6,30,50.8,-0.176,0.088,0.349,2.617,0.472,0.888,2754,917,true,0
102864,2026-09-06 10:47:44.000 +0530,82.4,98.8,30,50.3,-0.181,0.131,0.255,2.743,0.418,0.993,2871,877,true,0
102865,2026-09-06 10:47:45.000 +0530,71.4,97.5,30,52.2,-0.214,0.147,0.344,2.055,0.931,1.263,2661,781,true,0
102866,2026-09-06 10:47:46.000 +0530,79.3,97.3,30,51.7,-0.293,0.049,0.384,2.904,0.822,1.485,2481,1009,true,0
102867,2026-09-06 10:47:47.000 +0530,75.9,97.3,30,49.7,-0.236,0.167,0.356,1.605,1.049,1.04,2724,838,true,0
102868,2026-09-06 10:47:48.000 +0530,78.8,97.9,30,48.6,-0.38,0.017,0.401,1.779,0.678,0.631,2522,950,true,0
102869,2026-09-06 10:47:49.000 +0530,71.2,98.1,30,48.4,-0.199,0.132,0.303,2.416,0.145,0.542,2399,889,true,0
102870,2026-09-06 10:47:50.000 +0530,74.6,98.3,30,46.7,-0.195,0.147,0.34,0.347,0.361,1.256,2539,885,true,0
102871,2026-09-06 10:47:51.000 +0530,77.8,98.8,30,47.0,-0.24,0.216,0.401,2.338,0.849,0.623,2663,824,true,0
102872,2026-09-06 10:47:52.000 +0530,70.2,98.7,30,54.4,-0.285,0.104,0.333,3.052,0.358,0.695,2507,943,true,0
102873,2026-09-06 10:47:53.000 +0530,70.2,97.7,30,45.3,-0.247,0.148,0.245,2.334,1.369,1.449,2539,797,true,0
102874,2026-09-06 10:47:54.000 +0530,74.0,98.5,30,54.6,-0.35,0.045,0.192,1.123,0.125,0.931,2677,932,true,0
102875,2026-09-06 10:47:55.000 +0530,68.0,96.8,30,53.1,-0.21,0.128,0.225,2.207,0.787,1.139,2595,806,true,0
102876,2026-09-06 10:47:56.000 +0530,66.6,98.0,30,47.7,-0.361,0.153,0.283,1.583,0.479,0.991,2569,932,true,0
102877,2026-09-06 10:47:57.000 +0530,75.2,98.1,30,50.1,-0.021,0.077,0.187,2.901,0.851,1.125,2604,970,true,0
102878,2026-09-06 10:47:58.000 +0530,79.1,98.8,30,50.2,-0.181,-0.053,0.397,2.803,0.237,0.809,2532,886,true,0
102879,2026-09-06 10:47:59.000 +0530,71.7,97.7,30,49.8,-0.258,0.03,0.307,1.492,0.637,0.683,3012,900,true,0
102880,2026-09-06 10:48:00.000 +0530,76.3,97.8,30,49.9,-0.185,0.033,0.393,1.681,0.37,0.938,2527,947,true,0
102881,2026-09-06 10:48:01.000 +0530,71.4,98.0,30,46.8,-0.204,0.19,0.387,1.479,0.688,1.032,2697,844,true,0
102882,2026-09-06 10:48:02.000 +0530,75.0,97.5,30,51.0,-0.174,0.053,0.34,1.315,0.761,0.625,2907,896,true,0
102883,2026-09-06 10:48:03.000 +0530,68.7,97.7,30,53.3,-0.371,0.077,0.35,1.317,0.472,1.069,2636,1126,true,0
102884,2026-09-06 10:48:04.000 +0530,72.4,97.4,30,49.4,-0.174,0.054,0.458,0.565,0.471,1.028,2484,952,true,0
102885,2026-09-06 10:48:05.000 +0530,85.1,96.9,30,52.1,-0.352,0.073,0.414,0.933,1.552,0.663,2711,1004,true,0
102886,2026-09-06 10:48:06.000 +0530,83.3,97.4,30,49.1,-0.07,0.061,0.422,2.903,0.173,0.665,2626,823,true,0
102887,2026-09-06 10:48:07.000 +0530,77.2,98.3,30,50.4,-0.26,0.02,0.462,1.46,0.659,1.898,2796,957,true,0
102888,2026-09-06 10:48:08.000 +0530,74.4,97.9,30,53.5,-0.268,0.118,0.276,2.027,-0.688,1.173,2191,981,true,0
102889,2026-09-06 10:48:09.000 +0530,78.8,97.6,30,47.6,-0.132,0.125,0.346,1.291,0.172,1.333,2499,1165,true,0
102890,2026-09-06 10:48:10.000 +0530,67.7,98.2,30,50.3,-0.226,0.161,0.286,1.33,0.625,0.618,2937,1005,true,0
102891,2026-09-06 10:48:11.000 +0530,77.1,97.6,30,52.0,-0.199,0.107,0.193,0.097,0.426,0.862,2632,968,true,0
102892,2026-09-06 10:48:12.000 +0530,76.0,97.8,30,52.4,-0.267,0.132,0.386,1.704,0.398,0.565,2666,906,true,0
102893,2026-09-06 10:48:13.000 +0530,73.2,97.8,30,47.5,-0.057,0.106,0.327,2.182,0.675,1.544,2840,843,true,0
102894,2026-09-06 10:48:14.000 +0530,76.2,98.1,30,47.7,-0.149,-0.021,0.286,2.57,0.983,0.946,2831,901,true,0
102895,2026-09-06 10:48:15.000 +0530,71.3,97.7,30,48.5,-0.23,0.013,0.298,1.775,0.735,1.208,2991,876,true,0
102896,2026-09-06 10:48:16.000 +0530,78.8,97.7,30,48.9,-0.154,0.047,0.37,1.958,0.576,1.216,2831,945,true,0
102897,2026-09-06 10:48:17.000 +0530,77.4,97.1,30,46.1,-0.262,0.058,0.312,2.671,0.444,1.165,2726,902,true,0
102898,2026-09-06 10:48:18.000 +0530,73.3,97.3,30,50.5,-0.155,0.071,0.37,1.928,0.372,1.243,2744,845,true,0
102899,2026-09-06 10:48:19.000 +0530,76.3,98.2,30,49.4,-0.091,-0.076,0.268,1.756,1.078,1.723,2475,865,true,0
102900,2026-09-06 10:48:20.000 +0530,76.6,97.7,30,50.8,-0.243,0.029,0.307,2.63,0.111,1.065,2442,839,true,0
102901,2026-09-06 10:48:21.000 +0530,72.4,97.6,30,49.5,-0.156,0.043,0.335,2.257,1.082,0.95,2799,1013,true,0
102902,2026-09-06 10:48:22.000 +0530,73.9,99.0,30,50.5,0.033,0.17,0.308,2.219,0.79,1.262,2715,830,true,0
102903,2026-09-06 10:48:23.000 +0530,73.2,97.8,30,53.0,-0.082,0.02,0.352,3.463,1.065,1.377,2673,1043,true,0
102904,2026-09-06 10:48:24.000 +0530,66.2,98.3,30,50.2,-0.137,0.081,0.332,1.548,0.675,0.867,2566,880,true,0
102905,2026-09-06 10:48:25.000 +0530,75.0,97.4,30,48.5,-0.197,0.2,0.446,1.676,0.763,0.303,2659,787,true,0
102906,2026-09-06 10:48:26.000 +0530,76.0,98.2,30,51.1,-0.197,-0.015,0.364,2.007,0.885,0.752,2467,876,true,0
102907,2026-09-06 10:48:27.000 +0530,77.1,97.7,30,45.6,-0.161,0.089,0.406,2.056,0.682,0.923,2928,897,true,0
102908,2026-09-06 10:48:28.000 +0530,73.6,97.2,30,49.4,-0.075,0.067,0.288,2.963,0.606,0.496,2789,813,true,0
102909,2026-09-06 10:48:29.000 +0530,77.1,98.1,30,51.5,-0.125,0.11,0.291,2.347,0.888,1.026,2630,869,true,0
102910,2026-09-06 10:48:30.000 +0530,78.0,97.9,30,51.5,-0.255,0.105,0.305,1.984,0.477,0.482,2371,844,true,0
102911,2026-09-06 10:48:31.000 +0530,71.7,98.2,30,51.5,-0.307,-0.01,0.363,1.388,1.158,0.674,2416,821,true,0
102912,2026-09-06 10:48:32.000 +0530,66.4,98.6,30,51.8,-0.065,0.144,0.348,1.232,1.021,0.936,2621,761,true,0
102913,2026-09-06 10:48:33.000 +0530,74.3,97.5,30,50.8,-0.236,0.078,0.571,2.318,0.214,0.523,2565,1051,true,0
102914,2026-09-06 10:48:34.000 +0530,66.4,97.6,30,51.4,-0.203,0.1,0.227,3.075,0.578,0.566,2558,1012,true,0
102915,2026-09-06 10:48:35.000 +0530,75.8,98.2,30,52.8,-0.162,0.125,0.318,-0.246,1.0,0.829,2796,925,true,0
102916,2026-09-06 10:48:36.000 +0530,76.8,98.2,30,49.1,-0.126,-0.023,0.28,2.044,0.37,1.25,2858,905,true,0
102917,2026-09-06 10:48:37.000 +0530,67.4,98.0,30,55.3,-0.276,0.072,0.228,0.644,0.982,0.557,2482,914,true,0
102918,2026-09-06 10:48:38.000 +0530,63.5,97.5,30,51.4,-0.272,0.108,0.311,2.36,0.166,1.565,2614,920,true,0
102919,2026-09-06 10:48:39.000 +0530,66.6,98.2,30,52.1,-0.187,0.206,0.293,2.109,0.688,1.431,2513,838,true,0
102920,2026-09-06 10:48:40.000 +0530,74.1,97.5,30,55.7,-0.124,-0.032,0.354,1.797,1.207,0.656,2852,779,true,0
102921,2026-09-06 10:48:41.000 +0530,74.7,97.9,30,48.7,-0.208,0.065,0.396,2.489,0.745,0.951,2698,797,true,0
102922,2026-09-06 10:48:42.000 +0530,70.4,97.8,30,52.4,-0.192,0.111,0.434,1.216,0.539,0.54,2824,909,true,0
102923,2026-09-06 10:48:43.000 +0530,81.8,97.7,30,52.3,-0.13,-0.019,0.504,1.669,0.223,0.444,2517,938,true,0
102924,2026-09-06 10:48:44.000 +0530,73.8,97.4,30,49.7,-0.027,0.131,0.493,2.777,0.576,1.425,2565,897,true,0
102925,2026-09-06 10:48:45.000 +0530,67.7,98.1,30,52.7,-0.254,0.021,0.316,0.636,0.709,0.497,2858,1051,true,0
102926,2026-09-06 10:48:46.000 +0530,76.5,97.9,30,52.9,-0.161,0.067,0.344,2.753,0.735,0.603,2725,823,true,0
102927,2026-09-06 10:48:47.000 +0530,73.9,98.5,30,51.6,-0.087,0.159,0.277,1.883,1.383,1.453,2669,959,true,0
102928,2026-09-06 10:48:48.000 +0530,77.6,98.0,30,52.2,-0.27,0.045,0.359,1.077,1.051,0.381,2841,1010,true,0
102929,2026-09-06 10:48:49.000 +0530,74.5,97.1,30,52.3,-0.247,-0.019,0.263,1.462,0.42,1.304,2537,858,true,0
102930,2026-09-06 10:48:50.000 +0530,63.8,98.2,30,48.3,-0.142,-0.013,0.382,2.656,1.04,1.366,2984,1053,true,0
102931,2026-09-06 10:48:51.000 +0530,71.9,98.5,30,48.0,-0.226,0.004,0.428,1.747,1.202,0.959,2385,880,true,0
102932,2026-09-06 10:48:52.000 +0530,65.6,97.9,30,50.3,-0.227,-0.034,0.4,2.27,0.266,0.782,2635,996,true,0
102933,2026-09-06 10:48:53.000 +0530,80.6,97.9,30,49.8,-0.217,0.018,0.297,2.219,0.1,0.34,2937,931,true,0
102934,2026-09-06 10:48:54.000 +0530,68.3,98.1,30,50.1,-0.243,0.006,0.366,1.235,0.841,0.746,3118,858,true,0
102935,2026-09-06 10:48:55.000 +0530,79.4,97.5,30,49.2,-0.307,0.047,0.402,0.677,1.139,1.056,2676,888,true,0
102936,2026-09-06 10:48:56.000 +0530,82.1,98.2,30,53.9,-0.253,-0.002,0.294,2.43,0.565,1.278,2626,945,true,0
102937,2026-09-06 10:48:57.000 +0530,66.7,97.6,30,51.4,-0.307,0.113,0.403,-0.395,1.117,1.037,2841,901,true,0
102938,2026-09-06 10:48:58.000 +0530,79.6,97.8,30,50.7,-0.173,0.116,0.458,0.663,0.445,1.921,2539,735,true,0
102939,2026-09-06 10:48:59.000 +0530,67.1,98.4,30,51.8,-0.356,0.066,0.42,1.772,0.252,1.125,2791,952,true,0
102940,2026-09-06 10:49:00.000 +0530,75.5,98.3,30,49.8,-0.133,0.058,0.434,1.695,0.462,0.529,2576,901,true,0
102941,2026-09-06 10:49:01.000 +0530,81.2,97.5,30,53.2,-0.188,-0.006,0.325,2.028,0.676,0.959,2639,810,true,0
102942,2026-09-06 10:49:02.000 +0530,70.9,97.8,30,51.0,-0.284,0.003,0.389,2.87,1.047,0.9,3216,821,true,0
102943,2026-09-06 10:49:03.000 +0530,69.3,97.7,30,52.5,-0.031,-0.047,0.276,1.428,0.505,0.654,2804,756,true,0
102944,2026-09-06 10:49:04.000 +0530,74.0,97.4,30,49.3,-0.191,0.013,0.246,2.543,0.733,2.057,2799,913,true,0
102945,2026-09-06 10:49:05.000 +0530,74.2,97.5,30,50.2,-0.231,0.108,0.286,2.75,0.597,0.273,2542,904,true,0
102946,2026-09-06 10:49:06.000 +0530,87.2,98.1,30,47.2,-0.226,0.043,0.306,0.922,0.585,1.372,2371,1011,true,0
102947,2026-09-06 10:49:07.000 +0530,67.5,98.4,30,50.1,-0.245,0.117,0.304,0.665,0.8,1.342,2778,886,true,0
102948,2026-09-06 10:49:08.000 +0530,71.2,97.9,30,50.0,-0.253,0.116,0.377,3.585,0.998,1.073,2465,803,true,0
102949,2026-09-06 10:49:09.000 +0530,61.8,99.0,30,50.9,-0.231,0.042,0.462,3.442,0.731,0.888,2623,837,true,0
102950,2026-09-06 10:49:10.000 +0530,79.6,98.2,30,46.8,-0.143,-0.046,0.414,2.231,0.841,0.91,2774,998,true,0
102951,2026-09-06 10:49:11.000 +0530,75.0,96.9,30,54.9,-0.217,-0.035,0.463,1.955,0.436,0.797,2918,1034,true,0
102952,2026-09-06 10:49:12.000 +0530,80.5,97.4,30,49.1,-0.283,0.059,0.322,2.055,0.43,1.324,2434,839,true,0
102953,2026-09-06 10:49:13.000 +0530,59.6,98.2,30,46.3,-0.302,0.159,0.414,1.699,0.636,0.787,2790,828,true,0
102954,2026-09-06 10:49:14.000 +0530,76.5,98.1,30,54.0,-0.175,0.037,0.416,2.69,0.918,1.605,2608,920,true,0
102955,2026-09-06 10:49:15.000 +0530,74.0,98.8,30,49.2,-0.258,0.142,0.304,0.766,1.127,0.975,2818,987,true,0
102956,2026-09-06 10:49:16.000 +0530,68.4,98.6,30,52.2,-0.126,0.118,0.426,1.941,0.509,0.927,2732,966,true,0
102957,2026-09-06 10:49:17.000 +0530,79.7,97.5,30,52.6,0.036,0.114,0.342,2.033,0.402,0.482,2352,859,true,0
102958,2026-09-06 10:49:18.000 +0530,79.1,99.0,30,48.7,-0.103,0.188,0.257,1.841,0.177,1.526,2469,1023,true,0
102959,2026-09-06 10:49:19.000 +0530,71.5,97.7,30,49.8,-0.28,-0.037,0.268,2.006,0.562,0.725,2601,911,true,0
102960,2026-09-06 10:49:20.000 +0530,71.7,98.0,30,50.9,-0.005,0.079,0.346,1.749,-0.083,0.765,2519,909,true,0
102961,2026-09-06 10:49:21.000 +0530,69.7,99.1,30,50.9,-0.244,0.001,0.309,1.43,0.719,1.001,2889,850,true,0
102962,2026-09-06 10:49:22.000 +0530,71.8,97.5,30,48.5,-0.206,0.162,0.399,2.264,0.11,0.882,2519,878,true,0
102963,2026-09-06 10:49:23.000 +0530,75.7,98.5,30,49.1,-0.291,0.224,0.365,3.467,0.159,1.204,2591,927,true,0
102964,2026-09-06 10:49:24.000 +0530,80.3,97.8,30,49.7,-0.119,-0.0,0.393,1.764,1.299,1.525,2636,937,true,0
102965,2026-09-06 10:49:25.000 +0530,70.6,98.0,30,49.0,-0.217,0.139,0.329,2.43,0.663,0.973,2713,897,true,0
102966,2026-09-06 10:49:26.000 +0530,65.8,98.1,30,50.9,-0.113,0.031,0.366,2.273,0.414,1.367,2230,958,true,0
102967,2026-09-06 10:49:27.000 +0530,73.2,98.0,30,49.9,-0.216,0.112,0.269,1.7,0.414,1.918,2722,974,true,0
102968,2026-09-06 10:49:28.000 +0530,75.5,98.5,30,50.2,-0.264,0.098,0.348,0.787,0.41,1.42,2642,927,true,0
102969,2026-09-06 10:49:29.000 +0530,79.4,98.5,30,49.4,-0.212,0.204,0.286,1.528,0.928,0.872,2595,883,true,0
102970,2026-09-06 10:49:30.000 +0530,68.4,98.1,30,50.7,-0.221,0.058,0.361,2.631,0.377,1.094,2757,884,true,0
102971,2026-09-06 10:49:31.000 +0530,78.3,97.5,30,49.1,-0.155,0.012,0.275,2.766,0.368,0.407,2753,1011,true,0
102972,2026-09-06 10:49:32.000 +0530,74.6,97.9,30,46.1,-0.206,0.09,0.32,3.277,0.383,1.13,2560,882,true,0
102973,2026-09-06 10:49:33.000 +0530,71.2,98.6,30,49.8,-0.141,0.054,0.432,2.832,0.812,0.881,2864,972,true,0
102974,2026-09-06 10:49:34.000 +0530,74.2,99.0,30,52.4,-0.249,0.109,0.252,3.021,0.94,0.765,2847,879,true,0
102975,2026-09-06 10:49:35.000 +0530,79.5,97.6,30,49.9,-0.153,0.079,0.399,3.148,0.054,0.564,2472,886,true,0
102976,2026-09-06 10:49:36.000 +0530,74.4,97.6,30,51.1,-0.331,0.041,0.403,-0.243,-0.109,1.18,2704,993,true,0
102977,2026-09-06 10:49:37.000 +0530,70.5,98.1,30,48.7,-0.199,0.155,0.336,2.124,0.246,1.001,2372,901,true,0
102978,2026-09-06 10:49:38.000 +0530,86.4,97.4,30,47.3,-0.226,0.026,0.468,1.97,0.519,1.067,2350,999,true,0
102979,2026-09-06 10:49:39.000 +0530,80.4,97.5,30,49.9,-0.206,0.068,0.296,2.209,1.055,1.779,2616,922,true,0
102980,2026-09-06 10:49:40.000 +0530,69.4,98.0,30,50.8,-0.286,0.008,0.344,1.16,0.981,1.267,2599,984,true,0
102981,2026-09-06 10:49:41.000 +0530,80.7,96.9,30,49.8,-0.22,0.178,0.23,1.58,0.129,0.636,2447,866,true,0
102982,2026-09-06 10:49:42.000 +0530,81.4,97.9,30,52.7,-0.232,-0.036,0.297,0.65,0.32,1.433,2566,983,true,0
102983,2026-09-06 10:49:43.000 +0530,77.8,98.5,30,47.0,-0.114,0.096,0.344,1.833,0.898,1.112,2936,927,true,0
102984,2026-09-06 10:49:44.000 +0530,72.3,98.1,30,51.2,-0.245,0.114,0.332,2.059,1.065,0.832,3097,844,true,0
102985,2026-09-06 10:49:45.000 +0530,75.0,98.6,30,47.4,-0.031,0.205,0.342,1.517,1.042,1.201,2687,901,true,0
102986,2026-09-06 10:49:46.000 +0530,79.8,97.5,30,49.0,-0.297,0.064,0.45,2.213,0.532,0.622,2888,890,true,0
102987,2026-09-06 10:49:47.000 +0530,79.5,97.8,30,52.1,-0.175,0.147,0.307,2.709,1.064,0.841,2410,1018,true,0
102988,2026-09-06 10:49:48.000 +0530,69.0,97.8,30,55.0,-0.183,0.024,0.376,1.35,0.684,0.501,2858,848,true,0
102989,2026-09-06 10:49:49.000 +0530,71.5,97.6,30,50.6,-0.27,0.195,0.349,0.839,0.665,0.56,2922,914,true,0
102990,2026-09-06 10:49:50.000 +0530,72.1,98.4,30,51.0,-0.266,0.086,0.292,2.698,0.954,1.345,2945,1037,true,0
102991,2026-09-06 10:49:51.000 +0530,78.1,98.0,30,53.1,-0.218,-0.084,0.33,2.566,0.652,1.032,2609,835,true,0
102992,2026-09-06 10:49:52.000 +0530,73.0,97.8,30,52.1,-0.263,0.131,0.358,2.65,0.594,0.638,2669,882,true,0
102993,2026-09-06 10:49:53.000 +0530,83.1,98.2,30,52.0,-0.104,0.052,0.423,2.855,1.405,1.103,2454,854,true,0
102994,2026-09-06 10:49:54.000 +0530,78.4,97.8,30,49.5,-0.196,0.155,0.279,3.007,1.217,0.602,3081,847,true,0
102995,2026-09-06 10:49:55.000 +0530,75.1,98.7,30,51.9,-0.212,0.117,0.389,2.653,0.804,0.227,2741,911,true,0
102996,2026-09-06 10:49:56.000 +0530,73.5,97.6,30,51.9,-0.233,0.176,0.376,2.584,0.298,0.538,2507,819,true,0
102997,2026-09-06 10:49:57.000 +0530,70.9,98.2,30,48.4,-0.208,0.026,0.392,3.694,0.683,0.935,2590,764,true,0
102998,2026-09-06 10:49:58.000 +0530,72.4,97.0,30,49.7,-0.248,0.081,0.323,2.62,0.57,0.686,2696,877,true,0
102999,2026-09-06 10:49:59.000 +0530,63.4,97.4,30,52.8,-0.094,0.088,0.514,1.672,1.569,0.832,2771,883,true,0
